DEPARTMENT,UACS_DPT_DSC,AGENCY,UACS_AGY_DSC,PREXC_PROG,PREXC_SUBPROG,PAP,Budget Document,PS,MOOE,CO,TOTAL,source_sheet
07,Department of Education (DepEd),001,Office of the Secretary,1000,100000100001,General Administration and Support,NEP 2026,13000860000.0,8832490000.0,0.0,21833350000.0,2026 DepEd - NEP
07,Department of Education (DepEd),001,Office of the Secretary,1000,100000100002,Administration of Personnel Benefits,NEP 2026,5527234000.0,0.0,0.0,5527234000.0,2026 DepEd - NEP
07,Department of Education (DepEd),001,Office of the Secretary,2000,200000100001,Physical Fitness and School Sports,NEP 2026,8341000.0,473250000.0,0.0,481591000.0,2026 DepEd - NEP
07,Department of Education (DepEd),001,Office of the Secretary,2000,200000100002,Development and Management of Bilateral and Multilateral Education Projects,NEP 2026,21765000.0,11491000.0,0.0,33256000.0,2026 DepEd - NEP
07,Department of Education (DepEd),001,Office of the Secretary,2000,200000100003,Management and Administration of Learning Resources,NEP 2026,51772000.0,12197000.0,0.0,63969000.0,2026 DepEd - NEP
07,Department of Education (DepEd),001,Office of the Secretary,2000,200000100004,Planning and Management Information Systems,NEP 2026,122422000.0,32671000.0,0.0,155093000.0,2026 DepEd - NEP
07,Department of Education (DepEd),001,Office of the Secretary,2000,200000100005,Education Information and Communication Services,NEP 2026,23321000.0,27561000.0,9732000.0,60614000.0,2026 DepEd - NEP
07,Department of Education (DepEd),001,Office of the Secretary,2000,200000100006,Learner Support Programs,NEP 2026,2637581000.0,337139000.0,0.0,2974720000.0,2026 DepEd - NEP
07,Department of Education (DepEd),001,Office of the Secretary,2000,200000100007,Building Partnerships and Linkages Program,NEP 2026,11532000.0,89876000.0,0.0,101408000.0,2026 DepEd - NEP
07,Department of Education (DepEd),001,Office of the Secretary,2000,200000100008,Legal Services and Development of Education-Related Laws and Rules,NEP 2026,24715000.0,32885000.0,0.0,57600000.0,2026 DepEd - NEP
07,Department of Education (DepEd),001,Office of the Secretary,2000,200000100009,Child Protection Program,NEP 2026,0.0,44998000.0,0.0,44998000.0,2026 DepEd - NEP
07,Department of Education (DepEd),001,Office of the Secretary,2000,200000100010,Disaster Preparedness and Response Program,NEP 2026,12831000.0,652491000.0,0.0,665322000.0,2026 DepEd - NEP
07,Department of Education (DepEd),001,Office of the Secretary,2000,200000100011,Organizational and Professional Development for Non-Teaching Personnel,NEP 2026,188400000.0,107950000.0,0.0,296350000.0,2026 DepEd - NEP
07,Department of Education (DepEd),001,Office of the Secretary,2000,200000100012,Operational Expenses of the DepEd Task Force on the 2022 National and Local Elections,NEP 2026,,,,,2026 DepEd - NEP
07,Department of Education (DepEd),001,Office of the Secretary,2000,200000100013,Operational Expenses of the DepEd - Election Task Force,NEP 2026,0.0,0.0,0.0,,2026 DepEd - NEP
07,Department of Education (DepEd),001,Office of the Secretary,3101,310100100001,National Assessment Systems for Basic Education,NEP 2026,37273000.0,491611000.0,0.0,528884000.0,2026 DepEd - NEP
07,Department of Education (DepEd),001,Office of the Secretary,3101,310100100002,Policy and Research Program,NEP 2026,2262877000.0,30389000.0,0.0,2293266000.0,2026 DepEd - NEP
07,Department of Education (DepEd),001,Office of the Secretary,3101,310100100003,Basic Education Curriculum,NEP 2026,161377000.0,3400231000.0,0.0,3561608000.0,2026 DepEd - NEP
07,Department of Education (DepEd),001,Office of the Secretary,3101,310100100004,"Curriculum Programs, Learning Management Models, Standards and Strategy Development",NEP 2026,7179817000.0,1641000.0,0.0,7181458000.0,2026 DepEd - NEP
07,Department of Education (DepEd),001,Office of the Secretary,3101,310100100005,Development and Promotion of Campus Journalism,NEP 2026,0.0,66420000.0,0.0,66420000.0,2026 DepEd - NEP
07,Department of Education (DepEd),001,Office of the Secretary,3101,310100100006,National Literacy Policies and Programs,NEP 2026,3675000.0,15082000.0,0.0,18757000.0,2026 DepEd - NEP
07,Department of Education (DepEd),001,Office of the Secretary,3101,310100100007,Early Language Literacy and Numeracy,NEP 2026,0.0,106231000.0,0.0,106231000.0,2026 DepEd - NEP
07,Department of Education (DepEd),001,Office of the Secretary,3102,310200100001,Improvement and Acquisition of School Sites,NEP 2026,0.0,32460000.0,65000000.0,97460000.0,2026 DepEd - NEP
07,Department of Education (DepEd),001,Office of the Secretary,3102,310200100002,New School Personnel Positions,NEP 2026,41802170000.0,496244000.0,0.0,42298414000.0,2026 DepEd - NEP
07,Department of Education (DepEd),001,Office of the Secretary,3102,310200100003,Learning Tools and Equipment,NEP 2026,0.0,2888717000.0,0.0,2888717000.0,2026 DepEd - NEP
07,Department of Education (DepEd),001,Office of the Secretary,3102,310200100004,Textbooks and Other Instructional Materials,NEP 2026,0.0,11157962000.0,0.0,11157962000.0,2026 DepEd - NEP
07,Department of Education (DepEd),001,Office of the Secretary,3102,310200100005,Computerization Program,NEP 2026,20108000.0,16428816000.0,0.0,16448924000.0,2026 DepEd - NEP
07,Department of Education (DepEd),001,Office of the Secretary,3102,310200100006,Basic Education Facilities,NEP 2026,0.0,2615216000.0,25440800000.0,28056016000.0,2026 DepEd - NEP
07,Department of Education (DepEd),001,Office of the Secretary,3102,310200100007,Conservation and Restoration of Gabaldon and Other Heritage School Buildings,NEP 2026,0.0,0.0,1133965000.0,1133965000.0,2026 DepEd - NEP
07,Department of Education (DepEd),001,Office of the Secretary,3102,310200100010,Quick Response Fund,NEP 2026,0.0,0.0,3000000000.0,3000000000.0,2026 DepEd - NEP
07,Department of Education (DepEd),001,Office of the Secretary,3102,310200100011,Last Mile Schools Program,NEP 2026,0.0,0.0,3000000000.0,3000000000.0,2026 DepEd - NEP
07,Department of Education (DepEd),001,Office of the Secretary,3102,310200100012,Public Schools Infrastructure Program (PSIP),NEP 2026,,,,,2026 DepEd - NEP
07,Department of Education (DepEd),001,Office of the Secretary,3102,310200200001,Connectivity Enhancement Program for e-Learning in Public Schools,NEP 2026,0.0,0.0,0.0,,2026 DepEd - NEP
07,Department of Education (DepEd),001,Office of the Secretary,3102,310200300001,Infrastructure for Safer and Resilient Schools (ISRS) Project WB Loan No. 9704-PH,NEP 2026,0.0,253732000.0,9136198000.0,9389930000.0,2026 DepEd - NEP
07,Department of Education (DepEd),001,Office of the Secretary,3103,310300100001,Multigrade Education,NEP 2026,0.0,142854000.0,0.0,142854000.0,2026 DepEd - NEP
07,Department of Education (DepEd),001,Office of the Secretary,3103,310300100002,Indigenous Peoples Education (IPEd) Program,NEP 2026,0.0,74821000.0,0.0,74821000.0,2026 DepEd - NEP
07,Department of Education (DepEd),001,Office of the Secretary,3103,310300100003,Flexible Learning Options (ADM/ALS/EiE),NEP 2026,0.0,4360075000.0,0.0,4360075000.0,2026 DepEd - NEP
07,Department of Education (DepEd),001,Office of the Secretary,3103,310300100004,Madrasah Education Program,NEP 2026,0.0,495365000.0,0.0,495365000.0,2026 DepEd - NEP
07,Department of Education (DepEd),001,Office of the Secretary,3103,310300100005,Special Needs Education Program,NEP 2026,0.0,849980000.0,0.0,849980000.0,2026 DepEd - NEP
07,Department of Education (DepEd),001,Office of the Secretary,3104,310400100001,School-Based Feeding Program (SBFP),NEP 2026,0.0,11776932000.0,0.0,11776932000.0,2026 DepEd - NEP
07,Department of Education (DepEd),001,Office of the Secretary,3104,310400100002,Operation of Schools - Elementary (Kinder to Grade 6),NEP 2026,321938395000.0,36194394000.0,0.0,358132789000.0,2026 DepEd - NEP
07,Department of Education (DepEd),001,Office of the Secretary,3104,310400100003,Operation of Schools - Junior High School (Grade 7 to Grade 10),NEP 2026,181031652000.0,16703015000.0,0.0,197734667000.0,2026 DepEd - NEP
07,Department of Education (DepEd),001,Office of the Secretary,3104,310400100004,Operation of Schools - Senior High School (Grade 11 to Grade 12),NEP 2026,61622109000.0,7996641000.0,0.0,69618750000.0,2026 DepEd - NEP
07,Department of Education (DepEd),001,Office of the Secretary,3104,310400100005,Government Assistance and Subsidies - Educational Service Contracting (ESC) Program for Private Junior High School (per RA No. 8545),NEP 2026,,,,,2026 DepEd - NEP
07,Department of Education (DepEd),001,Office of the Secretary,3104,310400100006,Government Assistance and Subsidies - Voucher Program for Private Senior High School (per RA No. 10533),NEP 2026,,,,,2026 DepEd - NEP
07,Department of Education (DepEd),001,Office of the Secretary,3104,310400100007,Government Assistance and Subsidies - Voucher Program for Non-DepEd Public High School (per RA No. 10533),NEP 2026,,,,,2026 DepEd - NEP
07,Department of Education (DepEd),001,Office of the Secretary,3104,310400100008,Joint Delivery Voucher for Senior High School Technical Vocational and Livelihood Specializations,NEP 2026,0.0,2225850000.0,0.0,2225850000.0,2026 DepEd - NEP
07,Department of Education (DepEd),001,Office of the Secretary,3104,310400100009,Operational Requirements of Sports Academy and Training Centers,NEP 2026,,,,,2026 DepEd - NEP
07,Department of Education (DepEd),001,Office of the Secretary,3104,310400100010,"Implementation of the Grant of Cash Allowance, Hardship Pay, and Reclassification of Positions",NEP 2026,10963658000.0,9772180000.0,0.0,20735838000.0,2026 DepEd - NEP
07,Department of Education (DepEd),001,Office of the Secretary,3104,310400100011,School Dental Health Care Program,NEP 2026,,,,,2026 DepEd - NEP
07,Department of Education (DepEd),001,Office of the Secretary,3104,310400100013,World Teachers' Day Incentive Benefits,NEP 2026,983530000.0,0.0,0.0,983530000.0,2026 DepEd - NEP
07,Department of Education (DepEd),001,Office of the Secretary,3104,310400100014,Establishment and Operational Requirement of the National Academy of Sports,NEP 2026,,,,,2026 DepEd - NEP
07,Department of Education (DepEd),001,Office of the Secretary,3104,310400100015,Government Assistance and Subsidies - Educational Service Contracting (ESC) Program for Private Junior High School (per R.A. No. 8545),NEP 2026,0.0,12362468000.0,0.0,12362468000.0,2026 DepEd - NEP
07,Department of Education (DepEd),001,Office of the Secretary,3104,310400100016,Government Assistance and Subsidies - Senior High School Voucher Program,NEP 2026,,,,,2026 DepEd - NEP
07,Department of Education (DepEd),001,Office of the Secretary,3104,310400100017,Subsidies - Senior High School Voucher Program,NEP 2026,0.0,26487724000.0,0.0,26487724000.0,2026 DepEd - NEP
07,Department of Education (DepEd),001,Office of the Secretary,3104,310400100018,"Government Assistance and Subsidies - Training and Upgrading Knowledge for Learners, Teachers, and Achievers in Schools (GAS-TUKLAS)",NEP 2026,0.0,0.0,0.0,,2026 DepEd - NEP
07,Department of Education (DepEd),001,Office of the Secretary,3104,310400100019,School Innovation and Improvement Fund (SIIF) to all DepEd Public Schools,NEP 2026,,,,,2026 DepEd - NEP
07,Department of Education (DepEd),001,Office of the Secretary,3105,310500100001,Human Resource Development for Personnel in Schools and Learning Centers,NEP 2026,44013000.0,2872441000.0,0.0,2916454000.0,2026 DepEd - NEP
07,Department of Education (DepEd),001,Office of the Secretary,3105,310500100002,Teacher Quality and Development Program,NEP 2026,2376000.0,4804000.0,0.0,7180000.0,2026 DepEd - NEP
07,Department of Education (DepEd),001,Office of the Secretary,3105,310500300001,Teacher Effectiveness and Competencies Enhancement Project (TEACEP) WB Loan No. 9481-PH,NEP 2026,0.0,458349000.0,0.0,458349000.0,2026 DepEd - NEP
07,Department of Education (DepEd),002,National Book Development Board,1000,100000100001,General Management and Supervision,NEP 2026,22253000.0,18055000.0,0.0,40308000.0,2026 DepEd - NEP
07,Department of Education (DepEd),002,National Book Development Board,1000,100000100002,Administration of Personnel Benefits,NEP 2026,124000.0,0.0,0.0,124000.0,2026 DepEd - NEP
07,Department of Education (DepEd),002,National Book Development Board,3101,310100100001,Capacity Building and Trade Promotion Incentives,NEP 2026,15149000.0,76472000.0,0.0,91621000.0,2026 DepEd - NEP
07,Department of Education (DepEd),002,National Book Development Board,3101,310100100002,"Administration of Awards, Grants, and Incentives",NEP 2026,6324000.0,6157000.0,0.0,12481000.0,2026 DepEd - NEP
07,Department of Education (DepEd),002,National Book Development Board,3101,310100100003,"Policy Development, Research, Information System Management, and Information Campaign",NEP 2026,6271000.0,1252000.0,0.0,7523000.0,2026 DepEd - NEP
07,Department of Education (DepEd),003,National Council for Children's Television,1000,100000100001,General Management and Supervision,NEP 2026,13635000.0,8284000.0,0.0,21919000.0,2026 DepEd - NEP
07,Department of Education (DepEd),003,National Council for Children's Television,3101,310100100001,Child-Friendly Television Development Services,NEP 2026,11044000.0,38301000.0,0.0,49345000.0,2026 DepEd - NEP
07,Department of Education (DepEd),004,National Museum of the Philippines,1000,100000100001,General Management and Supervision,NEP 2026,71401000.0,351811000.0,0.0,423212000.0,2026 DepEd - NEP
07,Department of Education (DepEd),004,National Museum of the Philippines,1000,100000100002,Administration of Personnel Benefits,NEP 2026,1729000.0,0.0,0.0,1729000.0,2026 DepEd - NEP
07,Department of Education (DepEd),004,National Museum of the Philippines,2000,200000100001,Project Monitoring and Evaluation Services,NEP 2026,3129000.0,770000.0,0.0,3899000.0,2026 DepEd - NEP
07,Department of Education (DepEd),004,National Museum of the Philippines,3101,310100100001,Management and Development of the National Collections and Related Knowledge Resources (Including Participation to International Meetings and Conferences),NEP 2026,218389000.0,80811000.0,0.0,299200000.0,2026 DepEd - NEP
07,Department of Education (DepEd),004,National Museum of the Philippines,3101,310100100002,"Restoration, Preservation, Protection and Development of Cultural Property",NEP 2026,26592000.0,57332000.0,0.0,83924000.0,2026 DepEd - NEP
07,Department of Education (DepEd),004,National Museum of the Philippines,3101,310100200015,"Restoration of Malacanang sa Sugbo, Cebu City and Converrsion to National Museum Cebu",NEP 2026,,,,,2026 DepEd - NEP
07,Department of Education (DepEd),004,National Museum of the Philippines,3101,310100200016,Development of the National Museum Complex in Manila - Phase 1 (to implement Republic Act No. 11333),NEP 2026,,,,,2026 DepEd - NEP
07,Department of Education (DepEd),004,National Museum of the Philippines,3101,310100200017,"Nightly repair of the Church of Our Lady of Caysasay and associated structures, a declared national cultural treasure in Taal, Batangas",NEP 2026,,,,,2026 DepEd - NEP
07,Department of Education (DepEd),004,National Museum of the Philippines,3101,310100200018,Continuation of Construction of National Museum Building in Davao City,NEP 2026,,,,,2026 DepEd - NEP
07,Department of Education (DepEd),004,National Museum of the Philippines,3101,310100200019,Development of the National Museum Complex in Rizal Park - Manila Phase II,NEP 2026,,,,,2026 DepEd - NEP
07,Department of Education (DepEd),004,National Museum of the Philippines,3101,310100200020,Development of Information Management Systems,NEP 2026,,,,,2026 DepEd - NEP
07,Department of Education (DepEd),004,National Museum of the Philippines,3101,310100200021,"Restoration and Continued Repair of Our Lady of Caysasay Church and Associated Structures (National Cultural Treasure) in Taal, Batangas",NEP 2026,,,,,2026 DepEd - NEP
07,Department of Education (DepEd),004,National Museum of the Philippines,3101,310100200022,"Restoration of the Old Municipal Hall and the Municipal Plaza (Important Cultural Properties) in Balilihan, Bohol",NEP 2026,,,,,2026 DepEd - NEP
07,Department of Education (DepEd),004,National Museum of the Philippines,3101,310100200023,"Development of National Museum Complex, Manila, Phase 3",NEP 2026,,,,,2026 DepEd - NEP
07,Department of Education (DepEd),004,National Museum of the Philippines,3101,310100200024,"Continued Restoration and Site Development of Our Lady of Caysasay Church and Associated Structures in Taal, Batangas, Phase 3",NEP 2026,,,,,2026 DepEd - NEP
07,Department of Education (DepEd),004,National Museum of the Philippines,3101,310100200025,"Rehabilitation of Former United States Air Force (USAF) Hospital in Clark Freeport, Pampanga and Conversion to National Museum of the Philippines Central Luzon, Phase 1",NEP 2026,,,,,2026 DepEd - NEP
07,Department of Education (DepEd),004,National Museum of the Philippines,3101,310100200026,"Construction of National Museum of the Philippines-Baler in Baler, Aurora",NEP 2026,,,,,2026 DepEd - NEP
07,Department of Education (DepEd),004,National Museum of the Philippines,3101,310100200027,Exhibitions and Fit-Out of Various National Museum of the Philippines - Central and Regional Sites,NEP 2026,0.0,0.0,0.0,,2026 DepEd - NEP
07,Department of Education (DepEd),004,National Museum of the Philippines,3101,310100200028,"Rehabilitation of National Museum of the Philippines-Kabayan Burial Cave Site Museum and Satellite Office in Kabayan, Benguet",NEP 2026,,,,,2026 DepEd - NEP
07,Department of Education (DepEd),004,National Museum of the Philippines,3101,310100200029,"Improvement of Rocha House in Sitio Ubos in Tagbilaran City, Bohol (Declared Important Cultural Property)",NEP 2026,,,,,2026 DepEd - NEP
07,Department of Education (DepEd),004,National Museum of the Philippines,3101,310100200030,"Development of National Museum Complex, Manila, Phase IV",NEP 2026,,,,,2026 DepEd - NEP
07,Department of Education (DepEd),004,National Museum of the Philippines,3101,310100200031,"Construction of National Museum of the Philippines-Baler in Baler, Aurora (Phase II)",NEP 2026,,,,,2026 DepEd - NEP
07,Department of Education (DepEd),004,National Museum of the Philippines,3101,310100200032,"Continued Restoration and Site Development of Our Lady of Caysasay Church and Associated Structures in Taal, Batangas, Phase IV",NEP 2026,,,,,2026 DepEd - NEP
07,Department of Education (DepEd),004,National Museum of the Philippines,3101,310100200033,"Repair and Preventive Conservation Maintenance of Casa Rocha (Important Cultural Property) in Tagbilaran City, Bohol",NEP 2026,,,,,2026 DepEd - NEP
07,Department of Education (DepEd),004,National Museum of the Philippines,3101,310100200034,Restoration and Development of NMP Museums and Declared/Associated Heritage Sites in the Visayas,NEP 2026,,,,,2026 DepEd - NEP
07,Department of Education (DepEd),004,National Museum of the Philippines,3101,310100200035,"Rehabilitation of Former United States Air Force (USAF) Hospital in Clark Freeport, Pampanga, and Conversion to National Museum of the Philippines Central Luzon, Phase II",NEP 2026,0.0,0.0,0.0,,2026 DepEd - NEP
07,Department of Education (DepEd),004,National Museum of the Philippines,3101,310100200036,"Completion of Restoration of Our Lady of Caysasay Church and Associated Structures in Taal, Batangas City",NEP 2026,0.0,0.0,0.0,,2026 DepEd - NEP
07,Department of Education (DepEd),004,National Museum of the Philippines,3101,310100200037,"Rehabilitation of National Museum of the Philippines Kabayan Burial Caves Site Museum and Satellite Office in Kabayan, Benguet, Phase II",NEP 2026,0.0,0.0,0.0,,2026 DepEd - NEP
07,Department of Education (DepEd),004,National Museum of the Philippines,3101,310100200038,Completion of the Development of the National Museum Complex in Manila,NEP 2026,0.0,0.0,0.0,,2026 DepEd - NEP
07,Department of Education (DepEd),004,National Museum of the Philippines,3101,310100200039,"Continuation of the Development of NMP-General Aniceto Lacson Ancestral House in Talisay City, Negros Occidental",NEP 2026,0.0,0.0,0.0,,2026 DepEd - NEP
07,Department of Education (DepEd),004,National Museum of the Philippines,3101,310100200040,Rehabilitation of the Sewerage System of the National Museum of Fine Arts (Old Legislative Building),NEP 2026,0.0,0.0,0.0,,2026 DepEd - NEP
07,Department of Education (DepEd),004,National Museum of the Philippines,3101,310100200041,"Development of NMP-Kalibo, Aklan (Phase 1)",NEP 2026,0.0,0.0,0.0,,2026 DepEd - NEP
07,Department of Education (DepEd),004,National Museum of the Philippines,3101,310100200042,"Development of NMP-Koronadal and Lake Sebu, South Cotabato (Phase 1)",NEP 2026,0.0,0.0,0.0,,2026 DepEd - NEP
07,Department of Education (DepEd),004,National Museum of the Philippines,3101,310100200043,"Repair and Restoration of Boljoon Church Complex, Boljoon, Cebu and Development of NMP-Boljoon, Cebu (Phase 1)",NEP 2026,0.0,0.0,0.0,,2026 DepEd - NEP
07,Department of Education (DepEd),004,National Museum of the Philippines,3101,310100200044,"Development of NMP-Paoay, Paoay, Ilocos Norte",NEP 2026,0.0,0.0,0.0,,2026 DepEd - NEP
07,Department of Education (DepEd),004,National Museum of the Philippines,3101,310100200045,"Development of NMP General Ancieto Lacson Ancestral House, Talisay City, Negros Occidental (Phase 2)",NEP 2026,0.0,0.0,0.0,,2026 DepEd - NEP
07,Department of Education (DepEd),004,National Museum of the Philippines,3101,310100200046,"Development of NMP Kalibo, Aklan (Phase 2)",NEP 2026,0.0,0.0,0.0,,2026 DepEd - NEP
07,Department of Education (DepEd),004,National Museum of the Philippines,3101,310100200047,"Development of NMP Koronadal and Lake Sebu, South Cotabato (Phase 2)",NEP 2026,0.0,0.0,0.0,,2026 DepEd - NEP
07,Department of Education (DepEd),004,National Museum of the Philippines,3101,310100200048,Exhibitions and Fit-out of Various National Museum of the Philippines - Central and Regional Sites - Northern Luzon National Museums,NEP 2026,0.0,0.0,0.0,,2026 DepEd - NEP
07,Department of Education (DepEd),005,Philippine High School for the Arts,1000,100000100001,General Management and Supervision,NEP 2026,21402000.0,38184000.0,35716000.0,95302000.0,2026 DepEd - NEP
07,Department of Education (DepEd),005,Philippine High School for the Arts,1000,100000100002,Administration of Personnel Benefits,NEP 2026,8024000.0,0.0,0.0,8024000.0,2026 DepEd - NEP
07,Department of Education (DepEd),005,Philippine High School for the Arts,3101,310100100001,"Operation of Philippine High School for the Arts Including Outreach, Screening, Student Exchange Program with Other Countries and Production Activities",NEP 2026,16929000.0,36976000.0,0.0,53905000.0,2026 DepEd - NEP
07,Department of Education (DepEd),006,Early Childhood Care and Development Council,1000,100000100001,General Management and Supervision,NEP 2026,,,,,2026 DepEd - NEP
07,Department of Education (DepEd),006,Early Childhood Care and Development Council,1000,100000100002,Administration of Personnel Benefits,NEP 2026,,,,,2026 DepEd - NEP
07,Department of Education (DepEd),006,Early Childhood Care and Development Council,3101,310100100001,"Development of Policies, Standards and Guidelines",NEP 2026,,,,,2026 DepEd - NEP
07,Department of Education (DepEd),006,Early Childhood Care and Development Council,3101,310100100002,Capacity-Building and Institutional Development of Intermediaries and Other Partners,NEP 2026,,,,,2026 DepEd - NEP
07,Department of Education (DepEd),006,Early Childhood Care and Development Council,3101,310100100003,Accreditation of ECCD Service Providers,NEP 2026,,,,,2026 DepEd - NEP
07,Department of Education (DepEd),006,Early Childhood Care and Development Council,3101,310100100004,Establishment of National Child Development Centers,NEP 2026,,,,,2026 DepEd - NEP
07,Department of Education (DepEd),007,National Academy of Sports,1000,100000100001,General Management and Supervision,NEP 2026,41464000.0,74045000.0,0.0,115509000.0,2026 DepEd - NEP
07,Department of Education (DepEd),007,National Academy of Sports,1000,100000100002,Administration of Personnel Benefits,NEP 2026,2053000.0,0.0,0.0,2053000.0,2026 DepEd - NEP
07,Department of Education (DepEd),007,National Academy of Sports,3101,310100100001,"Promotion, Development, and Implementation of Quality and Enhanced Sports-Integrated Secondary Education Program",NEP 2026,10081000.0,118734000.0,0.0,128815000.0,2026 DepEd - NEP
07,Department of Education (DepEd),008,Teacher Education Council,1000,100000100001,General Management and Supervision,NEP 2026,501000.0,43006000.0,880000.0,44387000.0,2026 DepEd - NEP
07,Department of Education (DepEd),008,Teacher Education Council,3101,310100100001,Quality Teacher Education Services,NEP 2026,3981000.0,158703000.0,0.0,162684000.0,2026 DepEd - NEP
07,Department of Education (DepEd),001,Office of the Secretary,1000,100000100001,General Administration and Support,GAA 2026,13000860000.0,6691789000.0,1071000000.0,20763649000.0,2026 DepEd - GAA
07,Department of Education (DepEd),001,Office of the Secretary,1000,100000100002,Administration of Personnel Benefits,GAA 2026,7686385000.0,755000000.0,0.0,8441385000.0,2026 DepEd - GAA
07,Department of Education (DepEd),001,Office of the Secretary,2000,200000100001,Physical Fitness and School Sports,GAA 2026,8341000.0,730838000.0,0.0,739179000.0,2026 DepEd - GAA
07,Department of Education (DepEd),001,Office of the Secretary,2000,200000100002,Development and Management of Bilateral and Multilateral Education Projects,GAA 2026,21765000.0,11491000.0,0.0,33256000.0,2026 DepEd - GAA
07,Department of Education (DepEd),001,Office of the Secretary,2000,200000100003,Management and Administration of Learning Resources,GAA 2026,51772000.0,12197000.0,0.0,63969000.0,2026 DepEd - GAA
07,Department of Education (DepEd),001,Office of the Secretary,2000,200000100004,Planning and Management Information Systems,GAA 2026,122422000.0,32671000.0,0.0,155093000.0,2026 DepEd - GAA
07,Department of Education (DepEd),001,Office of the Secretary,2000,200000100005,Education Information and Communication Services,GAA 2026,23321000.0,27561000.0,9732000.0,60614000.0,2026 DepEd - GAA
07,Department of Education (DepEd),001,Office of the Secretary,2000,200000100006,Learner Support Programs,GAA 2026,2637581000.0,1301425000.0,1175300000.0,5114306000.0,2026 DepEd - GAA
07,Department of Education (DepEd),001,Office of the Secretary,2000,200000100007,Building Partnerships and Linkages Program,GAA 2026,11532000.0,89876000.0,0.0,101408000.0,2026 DepEd - GAA
07,Department of Education (DepEd),001,Office of the Secretary,2000,200000100008,Legal Services and Development of Education-Related Laws and Rules,GAA 2026,24715000.0,32885000.0,0.0,57600000.0,2026 DepEd - GAA
07,Department of Education (DepEd),001,Office of the Secretary,2000,200000100009,Child Protection Program,GAA 2026,0.0,89928000.0,0.0,89928000.0,2026 DepEd - GAA
07,Department of Education (DepEd),001,Office of the Secretary,2000,200000100010,Disaster Preparedness and Response Program,GAA 2026,12831000.0,1242883000.0,2516292000.0,3772006000.0,2026 DepEd - GAA
07,Department of Education (DepEd),001,Office of the Secretary,2000,200000100011,Organizational and Professional Development for Non-Teaching Personnel,GAA 2026,188400000.0,107950000.0,0.0,296350000.0,2026 DepEd - GAA
07,Department of Education (DepEd),001,Office of the Secretary,2000,200000100012,Operational Expenses of the DepEd Task Force on the 2022 National and Local Elections,GAA 2026,,,,,2026 DepEd - GAA
07,Department of Education (DepEd),001,Office of the Secretary,2000,200000100013,Operational Expenses of the DepEd - Election Task Force,GAA 2026,,,,,2026 DepEd - GAA
07,Department of Education (DepEd),001,Office of the Secretary,3101,310100100001,National Assessment Systems for Basic Education,GAA 2026,37273000.0,491611000.0,0.0,528884000.0,2026 DepEd - GAA
07,Department of Education (DepEd),001,Office of the Secretary,3101,310100100002,Policy and Research Program,GAA 2026,2262877000.0,80389000.0,0.0,2343266000.0,2026 DepEd - GAA
07,Department of Education (DepEd),001,Office of the Secretary,3101,310100100003,Basic Education Curriculum,GAA 2026,161377000.0,5513232000.0,0.0,5674609000.0,2026 DepEd - GAA
07,Department of Education (DepEd),001,Office of the Secretary,3101,310100100004,"Curriculum Programs, Learning Management Models, Standards and Strategy Development",GAA 2026,7179817000.0,1641000.0,0.0,7181458000.0,2026 DepEd - GAA
07,Department of Education (DepEd),001,Office of the Secretary,3101,310100100005,Development and Promotion of Campus Journalism,GAA 2026,0.0,66420000.0,0.0,66420000.0,2026 DepEd - GAA
07,Department of Education (DepEd),001,Office of the Secretary,3101,310100100006,National Literacy Policies and Programs,GAA 2026,3675000.0,101899000.0,0.0,105574000.0,2026 DepEd - GAA
07,Department of Education (DepEd),001,Office of the Secretary,3101,310100100007,Early Language Literacy and Numeracy,GAA 2026,0.0,106231000.0,0.0,106231000.0,2026 DepEd - GAA
07,Department of Education (DepEd),001,Office of the Secretary,3102,310200100001,Improvement and Acquisition of School Sites,GAA 2026,0.0,32460000.0,65000000.0,97460000.0,2026 DepEd - GAA
07,Department of Education (DepEd),001,Office of the Secretary,3102,310200100002,New School Personnel Positions,GAA 2026,41802170000.0,496244000.0,0.0,42298414000.0,2026 DepEd - GAA
07,Department of Education (DepEd),001,Office of the Secretary,3102,310200100003,Learning Tools and Equipment,GAA 2026,0.0,2888717000.0,0.0,2888717000.0,2026 DepEd - GAA
07,Department of Education (DepEd),001,Office of the Secretary,3102,310200100004,Textbooks and Other Instructional Materials,GAA 2026,0.0,19506158000.0,0.0,19506158000.0,2026 DepEd - GAA
07,Department of Education (DepEd),001,Office of the Secretary,3102,310200100005,Computerization Program,GAA 2026,20108000.0,10660167000.0,0.0,10680275000.0,2026 DepEd - GAA
07,Department of Education (DepEd),001,Office of the Secretary,3102,310200100006,Basic Education Facilities,GAA 2026,0.0,5190476000.0,80206105000.0,85396581000.0,2026 DepEd - GAA
07,Department of Education (DepEd),001,Office of the Secretary,3102,310200100007,Conservation and Restoration of Gabaldon and Other Heritage School Buildings,GAA 2026,0.0,0.0,1133965000.0,1133965000.0,2026 DepEd - GAA
07,Department of Education (DepEd),001,Office of the Secretary,3102,310200100010,Quick Response Fund,GAA 2026,0.0,0.0,3000000000.0,3000000000.0,2026 DepEd - GAA
07,Department of Education (DepEd),001,Office of the Secretary,3102,310200100011,Last Mile Schools Program,GAA 2026,0.0,0.0,0.0,,2026 DepEd - GAA
07,Department of Education (DepEd),001,Office of the Secretary,3102,310200100012,Public Schools Infrastructure Program (PSIP),GAA 2026,0.0,170000000.0,160000000.0,330000000.0,2026 DepEd - GAA
07,Department of Education (DepEd),001,Office of the Secretary,3102,310200200001,Connectivity Enhancement Program for e-Learning in Public Schools,GAA 2026,,,,,2026 DepEd - GAA
07,Department of Education (DepEd),001,Office of the Secretary,3102,310200300001,Infrastructure for Safer and Resilient Schools (ISRS) Project WB Loan No. 9704-PH,GAA 2026,0.0,253732000.0,9136198000.0,9389930000.0,2026 DepEd - GAA
07,Department of Education (DepEd),001,Office of the Secretary,3103,310300100001,Multigrade Education,GAA 2026,0.0,142854000.0,0.0,142854000.0,2026 DepEd - GAA
07,Department of Education (DepEd),001,Office of the Secretary,3103,310300100002,Indigenous Peoples Education (IPEd) Program,GAA 2026,0.0,154436000.0,0.0,154436000.0,2026 DepEd - GAA
07,Department of Education (DepEd),001,Office of the Secretary,3103,310300100003,Flexible Learning Options (ADM/ALS/EiE),GAA 2026,0.0,4917578000.0,0.0,4917578000.0,2026 DepEd - GAA
07,Department of Education (DepEd),001,Office of the Secretary,3103,310300100004,Madrasah Education Program,GAA 2026,0.0,521615000.0,0.0,521615000.0,2026 DepEd - GAA
07,Department of Education (DepEd),001,Office of the Secretary,3103,310300100005,Special Needs Education Program,GAA 2026,0.0,1043849000.0,0.0,1043849000.0,2026 DepEd - GAA
07,Department of Education (DepEd),001,Office of the Secretary,3104,310400100001,School-Based Feeding Program (SBFP),GAA 2026,0.0,24695443000.0,1000000000.0,25695443000.0,2026 DepEd - GAA
07,Department of Education (DepEd),001,Office of the Secretary,3104,310400100002,Operation of Schools - Elementary (Kinder to Grade 6),GAA 2026,321938395000.0,36194394000.0,0.0,358132789000.0,2026 DepEd - GAA
07,Department of Education (DepEd),001,Office of the Secretary,3104,310400100003,Operation of Schools - Junior High School (Grade 7 to Grade 10),GAA 2026,181031652000.0,16703015000.0,0.0,197734667000.0,2026 DepEd - GAA
07,Department of Education (DepEd),001,Office of the Secretary,3104,310400100004,Operation of Schools - Senior High School (Grade 11 to Grade 12),GAA 2026,61622109000.0,7996641000.0,0.0,69618750000.0,2026 DepEd - GAA
07,Department of Education (DepEd),001,Office of the Secretary,3104,310400100005,Government Assistance and Subsidies - Educational Service Contracting (ESC) Program for Private Junior High School (per RA No. 8545),GAA 2026,,,,,2026 DepEd - GAA
07,Department of Education (DepEd),001,Office of the Secretary,3104,310400100006,Government Assistance and Subsidies - Voucher Program for Private Senior High School (per RA No. 10533),GAA 2026,,,,,2026 DepEd - GAA
07,Department of Education (DepEd),001,Office of the Secretary,3104,310400100007,Government Assistance and Subsidies - Voucher Program for Non-DepEd Public High School (per RA No. 10533),GAA 2026,,,,,2026 DepEd - GAA
07,Department of Education (DepEd),001,Office of the Secretary,3104,310400100008,Joint Delivery Voucher for Senior High School Technical Vocational and Livelihood Specializations,GAA 2026,0.0,2225850000.0,0.0,2225850000.0,2026 DepEd - GAA
07,Department of Education (DepEd),001,Office of the Secretary,3104,310400100009,Operational Requirements of Sports Academy and Training Centers,GAA 2026,,,,,2026 DepEd - GAA
07,Department of Education (DepEd),001,Office of the Secretary,3104,310400100010,"Implementation of the Grant of Cash Allowance, Hardship Pay, and Reclassification of Positions",GAA 2026,10963658000.0,9772180000.0,0.0,20735838000.0,2026 DepEd - GAA
07,Department of Education (DepEd),001,Office of the Secretary,3104,310400100011,School Dental Health Care Program,GAA 2026,,,,,2026 DepEd - GAA
07,Department of Education (DepEd),001,Office of the Secretary,3104,310400100013,World Teachers' Day Incentive Benefits,GAA 2026,983530000.0,0.0,0.0,983530000.0,2026 DepEd - GAA
07,Department of Education (DepEd),001,Office of the Secretary,3104,310400100014,Establishment and Operational Requirement of the National Academy of Sports,GAA 2026,,,,,2026 DepEd - GAA
07,Department of Education (DepEd),001,Office of the Secretary,3104,310400100015,Government Assistance and Subsidies - Educational Service Contracting (ESC) Program for Private Junior High School (per R.A. No. 8545),GAA 2026,0.0,12362468000.0,0.0,12362468000.0,2026 DepEd - GAA
07,Department of Education (DepEd),001,Office of the Secretary,3104,310400100016,Government Assistance and Subsidies - Senior High School Voucher Program,GAA 2026,,,,,2026 DepEd - GAA
07,Department of Education (DepEd),001,Office of the Secretary,3104,310400100017,Subsidies - Senior High School Voucher Program,GAA 2026,0.0,26487724000.0,0.0,26487724000.0,2026 DepEd - GAA
07,Department of Education (DepEd),001,Office of the Secretary,3104,310400100018,"Government Assistance and Subsidies - Training and Upgrading Knowledge for Learners, Teachers, and Achievers in Schools (GAS-TUKLAS)",GAA 2026,0.0,100800000.0,0.0,100800000.0,2026 DepEd - GAA
07,Department of Education (DepEd),001,Office of the Secretary,3104,310400100019,School Innovation and Improvement Fund (SIIF) to all DepEd Public Schools,GAA 2026,0.0,2289250000.0,0.0,2289250000.0,2026 DepEd - GAA
07,Department of Education (DepEd),001,Office of the Secretary,3105,310500100001,Human Resource Development for Personnel in Schools and Learning Centers,GAA 2026,44013000.0,4622441000.0,0.0,4666454000.0,2026 DepEd - GAA
07,Department of Education (DepEd),001,Office of the Secretary,3105,310500100002,Teacher Quality and Development Program,GAA 2026,2376000.0,4804000.0,0.0,7180000.0,2026 DepEd - GAA
07,Department of Education (DepEd),001,Office of the Secretary,3105,310500300001,Teacher Effectiveness and Competencies Enhancement Project (TEACEP) WB Loan No. 9481-PH,GAA 2026,0.0,458349000.0,0.0,458349000.0,2026 DepEd - GAA
07,Department of Education (DepEd),002,National Book Development Board,1000,100000100001,General Management and Supervision,GAA 2026,22253000.0,35055000.0,0.0,57308000.0,2026 DepEd - GAA
07,Department of Education (DepEd),002,National Book Development Board,1000,100000100002,Administration of Personnel Benefits,GAA 2026,124000.0,0.0,0.0,124000.0,2026 DepEd - GAA
07,Department of Education (DepEd),002,National Book Development Board,3101,310100100001,Capacity Building and Trade Promotion Incentives,GAA 2026,15149000.0,103472000.0,0.0,118621000.0,2026 DepEd - GAA
07,Department of Education (DepEd),002,National Book Development Board,3101,310100100002,"Administration of Awards, Grants, and Incentives",GAA 2026,6324000.0,9157000.0,0.0,15481000.0,2026 DepEd - GAA
07,Department of Education (DepEd),002,National Book Development Board,3101,310100100003,"Policy Development, Research, Information System Management, and Information Campaign",GAA 2026,6271000.0,4252000.0,0.0,10523000.0,2026 DepEd - GAA
07,Department of Education (DepEd),003,National Council for Children's Television,1000,100000100001,General Management and Supervision,GAA 2026,13635000.0,12788000.0,0.0,26423000.0,2026 DepEd - GAA
07,Department of Education (DepEd),003,National Council for Children's Television,3101,310100100001,Child-Friendly Television Development Services,GAA 2026,11044000.0,78797000.0,0.0,89841000.0,2026 DepEd - GAA
07,Department of Education (DepEd),004,National Museum of the Philippines,1000,100000100001,General Management and Supervision,GAA 2026,71401000.0,396811000.0,0.0,468212000.0,2026 DepEd - GAA
07,Department of Education (DepEd),004,National Museum of the Philippines,1000,100000100002,Administration of Personnel Benefits,GAA 2026,1729000.0,0.0,0.0,1729000.0,2026 DepEd - GAA
07,Department of Education (DepEd),004,National Museum of the Philippines,2000,200000100001,Project Monitoring and Evaluation Services,GAA 2026,3129000.0,770000.0,0.0,3899000.0,2026 DepEd - GAA
07,Department of Education (DepEd),004,National Museum of the Philippines,3101,310100100001,Management and Development of the National Collections and Related Knowledge Resources (Including Participation to International Meetings and Conferences),GAA 2026,218389000.0,80811000.0,0.0,299200000.0,2026 DepEd - GAA
07,Department of Education (DepEd),004,National Museum of the Philippines,3101,310100100002,"Restoration, Preservation, Protection and Development of Cultural Property",GAA 2026,26592000.0,57332000.0,0.0,83924000.0,2026 DepEd - GAA
07,Department of Education (DepEd),004,National Museum of the Philippines,3101,310100200015,"Restoration of Malacanang sa Sugbo, Cebu City and Converrsion to National Museum Cebu",GAA 2026,,,,,2026 DepEd - GAA
07,Department of Education (DepEd),004,National Museum of the Philippines,3101,310100200016,Development of the National Museum Complex in Manila - Phase 1 (to implement Republic Act No. 11333),GAA 2026,,,,,2026 DepEd - GAA
07,Department of Education (DepEd),004,National Museum of the Philippines,3101,310100200017,"Nightly repair of the Church of Our Lady of Caysasay and associated structures, a declared national cultural treasure in Taal, Batangas",GAA 2026,,,,,2026 DepEd - GAA
07,Department of Education (DepEd),004,National Museum of the Philippines,3101,310100200018,Continuation of Construction of National Museum Building in Davao City,GAA 2026,,,,,2026 DepEd - GAA
07,Department of Education (DepEd),004,National Museum of the Philippines,3101,310100200019,Development of the National Museum Complex in Rizal Park - Manila Phase II,GAA 2026,,,,,2026 DepEd - GAA
07,Department of Education (DepEd),004,National Museum of the Philippines,3101,310100200020,Development of Information Management Systems,GAA 2026,,,,,2026 DepEd - GAA
07,Department of Education (DepEd),004,National Museum of the Philippines,3101,310100200021,"Restoration and Continued Repair of Our Lady of Caysasay Church and Associated Structures (National Cultural Treasure) in Taal, Batangas",GAA 2026,,,,,2026 DepEd - GAA
07,Department of Education (DepEd),004,National Museum of the Philippines,3101,310100200022,"Restoration of the Old Municipal Hall and the Municipal Plaza (Important Cultural Properties) in Balilihan, Bohol",GAA 2026,,,,,2026 DepEd - GAA
07,Department of Education (DepEd),004,National Museum of the Philippines,3101,310100200023,"Development of National Museum Complex, Manila, Phase 3",GAA 2026,,,,,2026 DepEd - GAA
07,Department of Education (DepEd),004,National Museum of the Philippines,3101,310100200024,"Continued Restoration and Site Development of Our Lady of Caysasay Church and Associated Structures in Taal, Batangas, Phase 3",GAA 2026,,,,,2026 DepEd - GAA
07,Department of Education (DepEd),004,National Museum of the Philippines,3101,310100200025,"Rehabilitation of Former United States Air Force (USAF) Hospital in Clark Freeport, Pampanga and Conversion to National Museum of the Philippines Central Luzon, Phase 1",GAA 2026,,,,,2026 DepEd - GAA
07,Department of Education (DepEd),004,National Museum of the Philippines,3101,310100200026,"Construction of National Museum of the Philippines-Baler in Baler, Aurora",GAA 2026,,,,,2026 DepEd - GAA
07,Department of Education (DepEd),004,National Museum of the Philippines,3101,310100200027,Exhibitions and Fit-Out of Various National Museum of the Philippines - Central and Regional Sites,GAA 2026,,,,,2026 DepEd - GAA
07,Department of Education (DepEd),004,National Museum of the Philippines,3101,310100200028,"Rehabilitation of National Museum of the Philippines-Kabayan Burial Cave Site Museum and Satellite Office in Kabayan, Benguet",GAA 2026,,,,,2026 DepEd - GAA
07,Department of Education (DepEd),004,National Museum of the Philippines,3101,310100200029,"Improvement of Rocha House in Sitio Ubos in Tagbilaran City, Bohol (Declared Important Cultural Property)",GAA 2026,,,,,2026 DepEd - GAA
07,Department of Education (DepEd),004,National Museum of the Philippines,3101,310100200030,"Development of National Museum Complex, Manila, Phase IV",GAA 2026,,,,,2026 DepEd - GAA
07,Department of Education (DepEd),004,National Museum of the Philippines,3101,310100200031,"Construction of National Museum of the Philippines-Baler in Baler, Aurora (Phase II)",GAA 2026,,,,,2026 DepEd - GAA
07,Department of Education (DepEd),004,National Museum of the Philippines,3101,310100200032,"Continued Restoration and Site Development of Our Lady of Caysasay Church and Associated Structures in Taal, Batangas, Phase IV",GAA 2026,,,,,2026 DepEd - GAA
07,Department of Education (DepEd),004,National Museum of the Philippines,3101,310100200033,"Repair and Preventive Conservation Maintenance of Casa Rocha (Important Cultural Property) in Tagbilaran City, Bohol",GAA 2026,,,,,2026 DepEd - GAA
07,Department of Education (DepEd),004,National Museum of the Philippines,3101,310100200034,Restoration and Development of NMP Museums and Declared/Associated Heritage Sites in the Visayas,GAA 2026,,,,,2026 DepEd - GAA
07,Department of Education (DepEd),004,National Museum of the Philippines,3101,310100200035,"Rehabilitation of Former United States Air Force (USAF) Hospital in Clark Freeport, Pampanga, and Conversion to National Museum of the Philippines Central Luzon, Phase II",GAA 2026,,,,,2026 DepEd - GAA
07,Department of Education (DepEd),004,National Museum of the Philippines,3101,310100200036,"Completion of Restoration of Our Lady of Caysasay Church and Associated Structures in Taal, Batangas City",GAA 2026,,,,,2026 DepEd - GAA
07,Department of Education (DepEd),004,National Museum of the Philippines,3101,310100200037,"Rehabilitation of National Museum of the Philippines Kabayan Burial Caves Site Museum and Satellite Office in Kabayan, Benguet, Phase II",GAA 2026,,,,,2026 DepEd - GAA
07,Department of Education (DepEd),004,National Museum of the Philippines,3101,310100200038,Completion of the Development of the National Museum Complex in Manila,GAA 2026,,,,,2026 DepEd - GAA
07,Department of Education (DepEd),004,National Museum of the Philippines,3101,310100200039,"Continuation of the Development of NMP-General Aniceto Lacson Ancestral House in Talisay City, Negros Occidental",GAA 2026,,,,,2026 DepEd - GAA
07,Department of Education (DepEd),004,National Museum of the Philippines,3101,310100200040,Rehabilitation of the Sewerage System of the National Museum of Fine Arts (Old Legislative Building),GAA 2026,,,,,2026 DepEd - GAA
07,Department of Education (DepEd),004,National Museum of the Philippines,3101,310100200041,"Development of NMP-Kalibo, Aklan (Phase 1)",GAA 2026,,,,,2026 DepEd - GAA
07,Department of Education (DepEd),004,National Museum of the Philippines,3101,310100200042,"Development of NMP-Koronadal and Lake Sebu, South Cotabato (Phase 1)",GAA 2026,,,,,2026 DepEd - GAA
07,Department of Education (DepEd),004,National Museum of the Philippines,3101,310100200043,"Repair and Restoration of Boljoon Church Complex, Boljoon, Cebu and Development of NMP-Boljoon, Cebu (Phase 1)",GAA 2026,,,,,2026 DepEd - GAA
07,Department of Education (DepEd),004,National Museum of the Philippines,3101,310100200044,"Development of NMP-Paoay, Paoay, Ilocos Norte",GAA 2026,,,,,2026 DepEd - GAA
07,Department of Education (DepEd),004,National Museum of the Philippines,3101,310100200045,"Development of NMP General Ancieto Lacson Ancestral House, Talisay City, Negros Occidental (Phase 2)",GAA 2026,0.0,0.0,50000000.0,50000000.0,2026 DepEd - GAA
07,Department of Education (DepEd),004,National Museum of the Philippines,3101,310100200046,"Development of NMP Kalibo, Aklan (Phase 2)",GAA 2026,0.0,0.0,20000000.0,20000000.0,2026 DepEd - GAA
07,Department of Education (DepEd),004,National Museum of the Philippines,3101,310100200047,"Development of NMP Koronadal and Lake Sebu, South Cotabato (Phase 2)",GAA 2026,0.0,0.0,40000000.0,40000000.0,2026 DepEd - GAA
07,Department of Education (DepEd),004,National Museum of the Philippines,3101,310100200048,Exhibitions and Fit-out of Various National Museum of the Philippines - Central and Regional Sites - Northern Luzon National Museums,GAA 2026,0.0,0.0,20000000.0,20000000.0,2026 DepEd - GAA
07,Department of Education (DepEd),005,Philippine High School for the Arts,1000,100000100001,General Management and Supervision,GAA 2026,21402000.0,41433000.0,87917000.0,150752000.0,2026 DepEd - GAA
07,Department of Education (DepEd),005,Philippine High School for the Arts,1000,100000100002,Administration of Personnel Benefits,GAA 2026,8024000.0,0.0,0.0,8024000.0,2026 DepEd - GAA
07,Department of Education (DepEd),005,Philippine High School for the Arts,3101,310100100001,"Operation of Philippine High School for the Arts Including Outreach, Screening, Student Exchange Program with Other Countries and Production Activities",GAA 2026,16929000.0,42749000.0,0.0,59678000.0,2026 DepEd - GAA
07,Department of Education (DepEd),006,Early Childhood Care and Development Council,1000,100000100001,General Management and Supervision,GAA 2026,,,,,2026 DepEd - GAA
07,Department of Education (DepEd),006,Early Childhood Care and Development Council,1000,100000100002,Administration of Personnel Benefits,GAA 2026,,,,,2026 DepEd - GAA
07,Department of Education (DepEd),006,Early Childhood Care and Development Council,3101,310100100001,"Development of Policies, Standards and Guidelines",GAA 2026,,,,,2026 DepEd - GAA
07,Department of Education (DepEd),006,Early Childhood Care and Development Council,3101,310100100002,Capacity-Building and Institutional Development of Intermediaries and Other Partners,GAA 2026,,,,,2026 DepEd - GAA
07,Department of Education (DepEd),006,Early Childhood Care and Development Council,3101,310100100003,Accreditation of ECCD Service Providers,GAA 2026,,,,,2026 DepEd - GAA
07,Department of Education (DepEd),006,Early Childhood Care and Development Council,3101,310100100004,Establishment of National Child Development Centers,GAA 2026,,,,,2026 DepEd - GAA
07,Department of Education (DepEd),007,National Academy of Sports,1000,100000100001,General Management and Supervision,GAA 2026,41464000.0,153097000.0,0.0,194561000.0,2026 DepEd - GAA
07,Department of Education (DepEd),007,National Academy of Sports,1000,100000100002,Administration of Personnel Benefits,GAA 2026,2053000.0,0.0,0.0,2053000.0,2026 DepEd - GAA
07,Department of Education (DepEd),007,National Academy of Sports,3101,310100100001,"Promotion, Development, and Implementation of Quality and Enhanced Sports-Integrated Secondary Education Program",GAA 2026,10081000.0,334192000.0,0.0,344273000.0,2026 DepEd - GAA
07,Department of Education (DepEd),008,Teacher Education Council,1000,100000100001,General Management and Supervision,GAA 2026,501000.0,43006000.0,3380000.0,46887000.0,2026 DepEd - GAA
07,Department of Education (DepEd),008,Teacher Education Council,3101,310100100001,Quality Teacher Education Services,GAA 2026,3981000.0,512023000.0,0.0,516004000.0,2026 DepEd - GAA
07,Department of Education (DepEd),001,Office of the Secretary,1000,100000100001,General Administration and Support,NEP 2025,10526635000.0,8718015000.0,0.0,19244650000.0,2025 DepEd - NEP
07,Department of Education (DepEd),001,Office of the Secretary,1000,100000100002,Administration of Personnel Benefits,NEP 2025,1944922000.0,0.0,0.0,1944922000.0,2025 DepEd - NEP
07,Department of Education (DepEd),001,Office of the Secretary,2000,200000100001,Physical Fitness and School Sports,NEP 2025,7846000.0,471321000.0,0.0,479167000.0,2025 DepEd - NEP
07,Department of Education (DepEd),001,Office of the Secretary,2000,200000100002,Development and Management of Bilateral and Multilateral Education Projects,NEP 2025,14970000.0,11288000.0,0.0,26258000.0,2025 DepEd - NEP
07,Department of Education (DepEd),001,Office of the Secretary,2000,200000100003,Management and Administration of Learning Resources,NEP 2025,40332000.0,8935000.0,0.0,49267000.0,2025 DepEd - NEP
07,Department of Education (DepEd),001,Office of the Secretary,2000,200000100004,Planning and Management Information Systems,NEP 2025,109728000.0,32550000.0,0.0,142278000.0,2025 DepEd - NEP
07,Department of Education (DepEd),001,Office of the Secretary,2000,200000100005,Education Information and Communication Services,NEP 2025,17917000.0,36672000.0,0.0,54589000.0,2025 DepEd - NEP
07,Department of Education (DepEd),001,Office of the Secretary,2000,200000100006,Learner Support Programs,NEP 2025,2302099000.0,400345000.0,0.0,2702444000.0,2025 DepEd - NEP
07,Department of Education (DepEd),001,Office of the Secretary,2000,200000100007,Building Partnerships and Linkages Program,NEP 2025,8003000.0,88287000.0,0.0,96290000.0,2025 DepEd - NEP
07,Department of Education (DepEd),001,Office of the Secretary,2000,200000100008,Legal Services and Development of Education-Related Laws and Rules,NEP 2025,20004000.0,32398000.0,0.0,52402000.0,2025 DepEd - NEP
07,Department of Education (DepEd),001,Office of the Secretary,2000,200000100009,Child Protection Program,NEP 2025,0.0,44277000.0,0.0,44277000.0,2025 DepEd - NEP
07,Department of Education (DepEd),001,Office of the Secretary,2000,200000100010,Disaster Preparedness and Response Program,NEP 2025,10016000.0,642717000.0,0.0,652733000.0,2025 DepEd - NEP
07,Department of Education (DepEd),001,Office of the Secretary,2000,200000100011,Organizational and Professional Development for Non-Teaching Personnel,NEP 2025,165844000.0,107288000.0,0.0,273132000.0,2025 DepEd - NEP
07,Department of Education (DepEd),001,Office of the Secretary,2000,200000100012,Operational Expenses of the DepEd Task Force on the 2022 National and Local Elections,NEP 2025,,,,,2025 DepEd - NEP
07,Department of Education (DepEd),001,Office of the Secretary,2000,200000100013,Operational Expenses of the DepEd - Election Task Force,NEP 2025,0.0,0.0,0.0,,2025 DepEd - NEP
07,Department of Education (DepEd),001,Office of the Secretary,3101,310100100001,National Assessment Systems for Basic Education,NEP 2025,27053000.0,490334000.0,0.0,517387000.0,2025 DepEd - NEP
07,Department of Education (DepEd),001,Office of the Secretary,3101,310100100002,Policy and Research Program,NEP 2025,1958219000.0,30221000.0,0.0,1988440000.0,2025 DepEd - NEP
07,Department of Education (DepEd),001,Office of the Secretary,3101,310100100003,Basic Education Curriculum,NEP 2025,136890000.0,3400231000.0,0.0,3537121000.0,2025 DepEd - NEP
07,Department of Education (DepEd),001,Office of the Secretary,3101,310100100004,"Curriculum Programs, Learning Management Models, Standards and Strategy Development",NEP 2025,6254157000.0,1612000.0,0.0,6255769000.0,2025 DepEd - NEP
07,Department of Education (DepEd),001,Office of the Secretary,3101,310100100005,Development and Promotion of Campus Journalism,NEP 2025,0.0,65272000.0,0.0,65272000.0,2025 DepEd - NEP
07,Department of Education (DepEd),001,Office of the Secretary,3101,310100100006,National Literacy Policies and Programs,NEP 2025,3245000.0,14959000.0,0.0,18204000.0,2025 DepEd - NEP
07,Department of Education (DepEd),001,Office of the Secretary,3101,310100100007,Early Language Literacy and Numeracy,NEP 2025,0.0,56231000.0,0.0,56231000.0,2025 DepEd - NEP
07,Department of Education (DepEd),001,Office of the Secretary,3102,310200100001,Improvement and Acquisition of School Sites,NEP 2025,0.0,31886000.0,65000000.0,96886000.0,2025 DepEd - NEP
07,Department of Education (DepEd),001,Office of the Secretary,3102,310200100002,New School Personnel Positions,NEP 2025,33604713000.0,400000000.0,0.0,34004713000.0,2025 DepEd - NEP
07,Department of Education (DepEd),001,Office of the Secretary,3102,310200100003,Learning Tools and Equipment,NEP 2025,0.0,3500000000.0,46077000.0,3546077000.0,2025 DepEd - NEP
07,Department of Education (DepEd),001,Office of the Secretary,3102,310200100004,Textbooks and Other Instructional Materials,NEP 2025,0.0,12412000000.0,0.0,12412000000.0,2025 DepEd - NEP
07,Department of Education (DepEd),001,Office of the Secretary,3102,310200100005,Computerization Program,NEP 2025,21430000.0,12357631000.0,0.0,12379061000.0,2025 DepEd - NEP
07,Department of Education (DepEd),001,Office of the Secretary,3102,310200100006,Basic Education Facilities,NEP 2025,0.0,2615216000.0,26692800000.0,29308016000.0,2025 DepEd - NEP
07,Department of Education (DepEd),001,Office of the Secretary,3102,310200100007,Conservation and Restoration of Gabaldon and Other Heritage School Buildings,NEP 2025,0.0,0.0,1133965000.0,1133965000.0,2025 DepEd - NEP
07,Department of Education (DepEd),001,Office of the Secretary,3102,310200100010,Quick Response Fund,NEP 2025,0.0,0.0,3000000000.0,3000000000.0,2025 DepEd - NEP
07,Department of Education (DepEd),001,Office of the Secretary,3102,310200100011,Last Mile Schools Program,NEP 2025,0.0,0.0,3000000000.0,3000000000.0,2025 DepEd - NEP
07,Department of Education (DepEd),001,Office of the Secretary,3102,310200100012,Public Schools Infrastructure Program (PSIP),NEP 2025,,,,,2025 DepEd - NEP
07,Department of Education (DepEd),001,Office of the Secretary,3102,310200200001,Connectivity Enhancement Program for e-Learning in Public Schools,NEP 2025,,,,,2025 DepEd - NEP
07,Department of Education (DepEd),001,Office of the Secretary,3102,310200300001,Infrastructure for Safer and Resilient Schools (ISRS) Project WB Loan No. 9704-PH,NEP 2025,,,,,2025 DepEd - NEP
07,Department of Education (DepEd),001,Office of the Secretary,3103,310300100001,Multigrade Education,NEP 2025,0.0,140642000.0,0.0,140642000.0,2025 DepEd - NEP
07,Department of Education (DepEd),001,Office of the Secretary,3103,310300100002,Indigenous Peoples Education (IPEd) Program,NEP 2025,0.0,74344000.0,0.0,74344000.0,2025 DepEd - NEP
07,Department of Education (DepEd),001,Office of the Secretary,3103,310300100003,Flexible Learning Options (ADM/ALS/EiE),NEP 2025,0.0,4282981000.0,0.0,4282981000.0,2025 DepEd - NEP
07,Department of Education (DepEd),001,Office of the Secretary,3103,310300100004,Madrasah Education Program,NEP 2025,0.0,400622000.0,0.0,400622000.0,2025 DepEd - NEP
07,Department of Education (DepEd),001,Office of the Secretary,3103,310300100005,Special Needs Education Program,NEP 2025,0.0,843849000.0,0.0,843849000.0,2025 DepEd - NEP
07,Department of Education (DepEd),001,Office of the Secretary,3104,310400100001,School-Based Feeding Program (SBFP),NEP 2025,0.0,11776932000.0,0.0,11776932000.0,2025 DepEd - NEP
07,Department of Education (DepEd),001,Office of the Secretary,3104,310400100002,Operation of Schools - Elementary (Kinder to Grade 6),NEP 2025,275381590000.0,28536626000.0,0.0,303918216000.0,2025 DepEd - NEP
07,Department of Education (DepEd),001,Office of the Secretary,3104,310400100003,Operation of Schools - Junior High School (Grade 7 to Grade 10),NEP 2025,155344153000.0,14127206000.0,0.0,169471359000.0,2025 DepEd - NEP
07,Department of Education (DepEd),001,Office of the Secretary,3104,310400100004,Operation of Schools - Senior High School (Grade 11 to Grade 12),NEP 2025,46725734000.0,7097750000.0,0.0,53823484000.0,2025 DepEd - NEP
07,Department of Education (DepEd),001,Office of the Secretary,3104,310400100005,Government Assistance and Subsidies - Educational Service Contracting (ESC) Program for Private Junior High School (per RA No. 8545),NEP 2025,,,,,2025 DepEd - NEP
07,Department of Education (DepEd),001,Office of the Secretary,3104,310400100006,Government Assistance and Subsidies - Voucher Program for Private Senior High School (per RA No. 10533),NEP 2025,,,,,2025 DepEd - NEP
07,Department of Education (DepEd),001,Office of the Secretary,3104,310400100007,Government Assistance and Subsidies - Voucher Program for Non-DepEd Public High School (per RA No. 10533),NEP 2025,,,,,2025 DepEd - NEP
07,Department of Education (DepEd),001,Office of the Secretary,3104,310400100008,Joint Delivery Voucher for Senior High School Technical Vocational and Livelihood Specializations,NEP 2025,0.0,1409501000.0,0.0,1409501000.0,2025 DepEd - NEP
07,Department of Education (DepEd),001,Office of the Secretary,3104,310400100009,Operational Requirements of Sports Academy and Training Centers,NEP 2025,,,,,2025 DepEd - NEP
07,Department of Education (DepEd),001,Office of the Secretary,3104,310400100010,"Implementation of the Grant of Cash Allowance, Hardship Pay, and Reclassification of Positions",NEP 2025,10221961000.0,9548100000.0,0.0,19770061000.0,2025 DepEd - NEP
07,Department of Education (DepEd),001,Office of the Secretary,3104,310400100011,School Dental Health Care Program,NEP 2025,,,,,2025 DepEd - NEP
07,Department of Education (DepEd),001,Office of the Secretary,3104,310400100013,World Teachers' Day Incentive Benefits,NEP 2025,954810000.0,0.0,0.0,954810000.0,2025 DepEd - NEP
07,Department of Education (DepEd),001,Office of the Secretary,3104,310400100014,Establishment and Operational Requirement of the National Academy of Sports,NEP 2025,,,,,2025 DepEd - NEP
07,Department of Education (DepEd),001,Office of the Secretary,3104,310400100015,Government Assistance and Subsidies - Educational Service Contracting (ESC) Program for Private Junior High School (per R.A. No. 8545),NEP 2025,0.0,12077156000.0,0.0,12077156000.0,2025 DepEd - NEP
07,Department of Education (DepEd),001,Office of the Secretary,3104,310400100016,Government Assistance and Subsidies - Senior High School Voucher Program,NEP 2025,,,,,2025 DepEd - NEP
07,Department of Education (DepEd),001,Office of the Secretary,3104,310400100017,Subsidies - Senior High School Voucher Program,NEP 2025,0.0,27024724000.0,0.0,27024724000.0,2025 DepEd - NEP
07,Department of Education (DepEd),001,Office of the Secretary,3104,310400100018,"Government Assistance and Subsidies - Training and Upgrading Knowledge for Learners, Teachers, and Achievers in Schools (GAS-TUKLAS)",NEP 2025,,,,,2025 DepEd - NEP
07,Department of Education (DepEd),001,Office of the Secretary,3104,310400100019,School Innovation and Improvement Fund (SIIF) to all DepEd Public Schools,NEP 2025,,,,,2025 DepEd - NEP
07,Department of Education (DepEd),001,Office of the Secretary,3105,310500100001,Human Resource Development for Personnel in Schools and Learning Centers,NEP 2025,36259000.0,2234758000.0,0.0,2271017000.0,2025 DepEd - NEP
07,Department of Education (DepEd),001,Office of the Secretary,3105,310500100002,Teacher Quality and Development Program,NEP 2025,3929000.0,4731000.0,0.0,8660000.0,2025 DepEd - NEP
07,Department of Education (DepEd),001,Office of the Secretary,3105,310500300001,Teacher Effectiveness and Competencies Enhancement Project (TEACEP) WB Loan No. 9481-PH,NEP 2025,0.0,505024000.0,0.0,505024000.0,2025 DepEd - NEP
07,Department of Education (DepEd),002,National Book Development Board,1000,100000100001,General Management and Supervision,NEP 2025,20872000.0,24881000.0,8338000.0,54091000.0,2025 DepEd - NEP
07,Department of Education (DepEd),002,National Book Development Board,1000,100000100002,Administration of Personnel Benefits,NEP 2025,,,,,2025 DepEd - NEP
07,Department of Education (DepEd),002,National Book Development Board,3101,310100100001,Capacity Building and Trade Promotion Incentives,NEP 2025,14566000.0,60597000.0,0.0,75163000.0,2025 DepEd - NEP
07,Department of Education (DepEd),002,National Book Development Board,3101,310100100002,"Administration of Awards, Grants, and Incentives",NEP 2025,6002000.0,6085000.0,0.0,12087000.0,2025 DepEd - NEP
07,Department of Education (DepEd),002,National Book Development Board,3101,310100100003,"Policy Development, Research, Information System Management, and Information Campaign",NEP 2025,3835000.0,1230000.0,0.0,5065000.0,2025 DepEd - NEP
07,Department of Education (DepEd),003,National Council for Children's Television,1000,100000100001,General Management and Supervision,NEP 2025,14877000.0,7375000.0,0.0,22252000.0,2025 DepEd - NEP
07,Department of Education (DepEd),003,National Council for Children's Television,3101,310100100001,Child-Friendly Television Development Services,NEP 2025,5566000.0,37775000.0,0.0,43341000.0,2025 DepEd - NEP
07,Department of Education (DepEd),004,National Museum of the Philippines,1000,100000100001,General Management and Supervision,NEP 2025,52795000.0,367240000.0,0.0,420035000.0,2025 DepEd - NEP
07,Department of Education (DepEd),004,National Museum of the Philippines,1000,100000100002,Administration of Personnel Benefits,NEP 2025,0.0,0.0,0.0,,2025 DepEd - NEP
07,Department of Education (DepEd),004,National Museum of the Philippines,2000,200000100001,Project Monitoring and Evaluation Services,NEP 2025,2181000.0,756000.0,0.0,2937000.0,2025 DepEd - NEP
07,Department of Education (DepEd),004,National Museum of the Philippines,3101,310100100001,Management and Development of the National Collections and Related Knowledge Resources (Including Participation to International Meetings and Conferences),NEP 2025,143205000.0,80720000.0,0.0,223925000.0,2025 DepEd - NEP
07,Department of Education (DepEd),004,National Museum of the Philippines,3101,310100100002,"Restoration, Preservation, Protection and Development of Cultural Property",NEP 2025,22984000.0,56776000.0,0.0,79760000.0,2025 DepEd - NEP
07,Department of Education (DepEd),004,National Museum of the Philippines,3101,310100200015,"Restoration of Malacanang sa Sugbo, Cebu City and Converrsion to National Museum Cebu",NEP 2025,,,,,2025 DepEd - NEP
07,Department of Education (DepEd),004,National Museum of the Philippines,3101,310100200016,Development of the National Museum Complex in Manila - Phase 1 (to implement Republic Act No. 11333),NEP 2025,,,,,2025 DepEd - NEP
07,Department of Education (DepEd),004,National Museum of the Philippines,3101,310100200017,"Nightly repair of the Church of Our Lady of Caysasay and associated structures, a declared national cultural treasure in Taal, Batangas",NEP 2025,,,,,2025 DepEd - NEP
07,Department of Education (DepEd),004,National Museum of the Philippines,3101,310100200018,Continuation of Construction of National Museum Building in Davao City,NEP 2025,,,,,2025 DepEd - NEP
07,Department of Education (DepEd),004,National Museum of the Philippines,3101,310100200019,Development of the National Museum Complex in Rizal Park - Manila Phase II,NEP 2025,,,,,2025 DepEd - NEP
07,Department of Education (DepEd),004,National Museum of the Philippines,3101,310100200020,Development of Information Management Systems,NEP 2025,,,,,2025 DepEd - NEP
07,Department of Education (DepEd),004,National Museum of the Philippines,3101,310100200021,"Restoration and Continued Repair of Our Lady of Caysasay Church and Associated Structures (National Cultural Treasure) in Taal, Batangas",NEP 2025,,,,,2025 DepEd - NEP
07,Department of Education (DepEd),004,National Museum of the Philippines,3101,310100200022,"Restoration of the Old Municipal Hall and the Municipal Plaza (Important Cultural Properties) in Balilihan, Bohol",NEP 2025,,,,,2025 DepEd - NEP
07,Department of Education (DepEd),004,National Museum of the Philippines,3101,310100200023,"Development of National Museum Complex, Manila, Phase 3",NEP 2025,,,,,2025 DepEd - NEP
07,Department of Education (DepEd),004,National Museum of the Philippines,3101,310100200024,"Continued Restoration and Site Development of Our Lady of Caysasay Church and Associated Structures in Taal, Batangas, Phase 3",NEP 2025,,,,,2025 DepEd - NEP
07,Department of Education (DepEd),004,National Museum of the Philippines,3101,310100200025,"Rehabilitation of Former United States Air Force (USAF) Hospital in Clark Freeport, Pampanga and Conversion to National Museum of the Philippines Central Luzon, Phase 1",NEP 2025,,,,,2025 DepEd - NEP
07,Department of Education (DepEd),004,National Museum of the Philippines,3101,310100200026,"Construction of National Museum of the Philippines-Baler in Baler, Aurora",NEP 2025,,,,,2025 DepEd - NEP
07,Department of Education (DepEd),004,National Museum of the Philippines,3101,310100200027,Exhibitions and Fit-Out of Various National Museum of the Philippines - Central and Regional Sites,NEP 2025,0.0,13052000.0,116844000.0,129896000.0,2025 DepEd - NEP
07,Department of Education (DepEd),004,National Museum of the Philippines,3101,310100200028,"Rehabilitation of National Museum of the Philippines-Kabayan Burial Cave Site Museum and Satellite Office in Kabayan, Benguet",NEP 2025,,,,,2025 DepEd - NEP
07,Department of Education (DepEd),004,National Museum of the Philippines,3101,310100200029,"Improvement of Rocha House in Sitio Ubos in Tagbilaran City, Bohol (Declared Important Cultural Property)",NEP 2025,,,,,2025 DepEd - NEP
07,Department of Education (DepEd),004,National Museum of the Philippines,3101,310100200030,"Development of National Museum Complex, Manila, Phase IV",NEP 2025,,,,,2025 DepEd - NEP
07,Department of Education (DepEd),004,National Museum of the Philippines,3101,310100200031,"Construction of National Museum of the Philippines-Baler in Baler, Aurora (Phase II)",NEP 2025,,,,,2025 DepEd - NEP
07,Department of Education (DepEd),004,National Museum of the Philippines,3101,310100200032,"Continued Restoration and Site Development of Our Lady of Caysasay Church and Associated Structures in Taal, Batangas, Phase IV",NEP 2025,,,,,2025 DepEd - NEP
07,Department of Education (DepEd),004,National Museum of the Philippines,3101,310100200033,"Repair and Preventive Conservation Maintenance of Casa Rocha (Important Cultural Property) in Tagbilaran City, Bohol",NEP 2025,,,,,2025 DepEd - NEP
07,Department of Education (DepEd),004,National Museum of the Philippines,3101,310100200034,Restoration and Development of NMP Museums and Declared/Associated Heritage Sites in the Visayas,NEP 2025,,,,,2025 DepEd - NEP
07,Department of Education (DepEd),004,National Museum of the Philippines,3101,310100200035,"Rehabilitation of Former United States Air Force (USAF) Hospital in Clark Freeport, Pampanga, and Conversion to National Museum of the Philippines Central Luzon, Phase II",NEP 2025,,,,,2025 DepEd - NEP
07,Department of Education (DepEd),004,National Museum of the Philippines,3101,310100200036,"Completion of Restoration of Our Lady of Caysasay Church and Associated Structures in Taal, Batangas City",NEP 2025,0.0,0.0,380000000.0,380000000.0,2025 DepEd - NEP
07,Department of Education (DepEd),004,National Museum of the Philippines,3101,310100200037,"Rehabilitation of National Museum of the Philippines Kabayan Burial Caves Site Museum and Satellite Office in Kabayan, Benguet, Phase II",NEP 2025,0.0,0.0,0.0,,2025 DepEd - NEP
07,Department of Education (DepEd),004,National Museum of the Philippines,3101,310100200038,Completion of the Development of the National Museum Complex in Manila,NEP 2025,0.0,0.0,0.0,,2025 DepEd - NEP
07,Department of Education (DepEd),004,National Museum of the Philippines,3101,310100200039,"Continuation of the Development of NMP-General Aniceto Lacson Ancestral House in Talisay City, Negros Occidental",NEP 2025,0.0,0.0,15000000.0,15000000.0,2025 DepEd - NEP
07,Department of Education (DepEd),004,National Museum of the Philippines,3101,310100200040,Rehabilitation of the Sewerage System of the National Museum of Fine Arts (Old Legislative Building),NEP 2025,,,,,2025 DepEd - NEP
07,Department of Education (DepEd),004,National Museum of the Philippines,3101,310100200041,"Development of NMP-Kalibo, Aklan (Phase 1)",NEP 2025,0.0,0.0,15000000.0,15000000.0,2025 DepEd - NEP
07,Department of Education (DepEd),004,National Museum of the Philippines,3101,310100200042,"Development of NMP-Koronadal and Lake Sebu, South Cotabato (Phase 1)",NEP 2025,0.0,0.0,60000000.0,60000000.0,2025 DepEd - NEP
07,Department of Education (DepEd),004,National Museum of the Philippines,3101,310100200043,"Repair and Restoration of Boljoon Church Complex, Boljoon, Cebu and Development of NMP-Boljoon, Cebu (Phase 1)",NEP 2025,0.0,0.0,0.0,,2025 DepEd - NEP
07,Department of Education (DepEd),004,National Museum of the Philippines,3101,310100200044,"Development of NMP-Paoay, Paoay, Ilocos Norte",NEP 2025,0.0,0.0,0.0,,2025 DepEd - NEP
07,Department of Education (DepEd),004,National Museum of the Philippines,3101,310100200045,"Development of NMP General Ancieto Lacson Ancestral House, Talisay City, Negros Occidental (Phase 2)",NEP 2025,,,,,2025 DepEd - NEP
07,Department of Education (DepEd),004,National Museum of the Philippines,3101,310100200046,"Development of NMP Kalibo, Aklan (Phase 2)",NEP 2025,,,,,2025 DepEd - NEP
07,Department of Education (DepEd),004,National Museum of the Philippines,3101,310100200047,"Development of NMP Koronadal and Lake Sebu, South Cotabato (Phase 2)",NEP 2025,,,,,2025 DepEd - NEP
07,Department of Education (DepEd),004,National Museum of the Philippines,3101,310100200048,Exhibitions and Fit-out of Various National Museum of the Philippines - Central and Regional Sites - Northern Luzon National Museums,NEP 2025,,,,,2025 DepEd - NEP
07,Department of Education (DepEd),005,Philippine High School for the Arts,1000,100000100001,General Management and Supervision,NEP 2025,17083000.0,37013000.0,0.0,54096000.0,2025 DepEd - NEP
07,Department of Education (DepEd),005,Philippine High School for the Arts,1000,100000100002,Administration of Personnel Benefits,NEP 2025,6154000.0,0.0,0.0,6154000.0,2025 DepEd - NEP
07,Department of Education (DepEd),005,Philippine High School for the Arts,3101,310100100001,"Operation of Philippine High School for the Arts Including Outreach, Screening, Student Exchange Program with Other Countries and Production Activities",NEP 2025,14825000.0,35571000.0,0.0,50396000.0,2025 DepEd - NEP
07,Department of Education (DepEd),006,Early Childhood Care and Development Council,1000,100000100001,General Management and Supervision,NEP 2025,15023000.0,20461000.0,591000.0,36075000.0,2025 DepEd - NEP
07,Department of Education (DepEd),006,Early Childhood Care and Development Council,1000,100000100002,Administration of Personnel Benefits,NEP 2025,,,,,2025 DepEd - NEP
07,Department of Education (DepEd),006,Early Childhood Care and Development Council,3101,310100100001,"Development of Policies, Standards and Guidelines",NEP 2025,0.0,2311000.0,0.0,2311000.0,2025 DepEd - NEP
07,Department of Education (DepEd),006,Early Childhood Care and Development Council,3101,310100100002,Capacity-Building and Institutional Development of Intermediaries and Other Partners,NEP 2025,0.0,24905000.0,0.0,24905000.0,2025 DepEd - NEP
07,Department of Education (DepEd),006,Early Childhood Care and Development Council,3101,310100100003,Accreditation of ECCD Service Providers,NEP 2025,0.0,12958000.0,0.0,12958000.0,2025 DepEd - NEP
07,Department of Education (DepEd),006,Early Childhood Care and Development Council,3101,310100100004,Establishment of National Child Development Centers,NEP 2025,0.0,276988000.0,0.0,276988000.0,2025 DepEd - NEP
07,Department of Education (DepEd),007,National Academy of Sports,1000,100000100001,General Management and Supervision,NEP 2025,32437000.0,73493000.0,0.0,105930000.0,2025 DepEd - NEP
07,Department of Education (DepEd),007,National Academy of Sports,1000,100000100002,Administration of Personnel Benefits,NEP 2025,1787000.0,0.0,0.0,1787000.0,2025 DepEd - NEP
07,Department of Education (DepEd),007,National Academy of Sports,3101,310100100001,"Promotion, Development, and Implementation of Quality and Enhanced Sports-Integrated Secondary Education Program",NEP 2025,0.0,127027000.0,18652000.0,145679000.0,2025 DepEd - NEP
07,Department of Education (DepEd),008,Teacher Education Council,1000,100000100001,General Management and Supervision,NEP 2025,,,,,2025 DepEd - NEP
07,Department of Education (DepEd),008,Teacher Education Council,3101,310100100001,Quality Teacher Education Services,NEP 2025,,,,,2025 DepEd - NEP
07,Department of Education (DepEd),001,Office of the Secretary,1000,100000100001,General Administration and Support,GAA 2025,10526635000.0,6294175000.0,1100000000.0,17920810000.0,2025 DepEd - GAA
07,Department of Education (DepEd),001,Office of the Secretary,1000,100000100002,Administration of Personnel Benefits,GAA 2025,1944922000.0,0.0,0.0,1944922000.0,2025 DepEd - GAA
07,Department of Education (DepEd),001,Office of the Secretary,2000,200000100001,Physical Fitness and School Sports,GAA 2025,7846000.0,730066000.0,0.0,737912000.0,2025 DepEd - GAA
07,Department of Education (DepEd),001,Office of the Secretary,2000,200000100002,Development and Management of Bilateral and Multilateral Education Projects,GAA 2025,14970000.0,11288000.0,0.0,26258000.0,2025 DepEd - GAA
07,Department of Education (DepEd),001,Office of the Secretary,2000,200000100003,Management and Administration of Learning Resources,GAA 2025,40332000.0,8935000.0,0.0,49267000.0,2025 DepEd - GAA
07,Department of Education (DepEd),001,Office of the Secretary,2000,200000100004,Planning and Management Information Systems,GAA 2025,109728000.0,32550000.0,0.0,142278000.0,2025 DepEd - GAA
07,Department of Education (DepEd),001,Office of the Secretary,2000,200000100005,Education Information and Communication Services,GAA 2025,17917000.0,36672000.0,0.0,54589000.0,2025 DepEd - GAA
07,Department of Education (DepEd),001,Office of the Secretary,2000,200000100006,Learner Support Programs,GAA 2025,2302099000.0,405345000.0,0.0,2707444000.0,2025 DepEd - GAA
07,Department of Education (DepEd),001,Office of the Secretary,2000,200000100007,Building Partnerships and Linkages Program,GAA 2025,8003000.0,88287000.0,0.0,96290000.0,2025 DepEd - GAA
07,Department of Education (DepEd),001,Office of the Secretary,2000,200000100008,Legal Services and Development of Education-Related Laws and Rules,GAA 2025,20004000.0,81398000.0,0.0,101402000.0,2025 DepEd - GAA
07,Department of Education (DepEd),001,Office of the Secretary,2000,200000100009,Child Protection Program,GAA 2025,0.0,44277000.0,0.0,44277000.0,2025 DepEd - GAA
07,Department of Education (DepEd),001,Office of the Secretary,2000,200000100010,Disaster Preparedness and Response Program,GAA 2025,10016000.0,642717000.0,0.0,652733000.0,2025 DepEd - GAA
07,Department of Education (DepEd),001,Office of the Secretary,2000,200000100011,Organizational and Professional Development for Non-Teaching Personnel,GAA 2025,165844000.0,107288000.0,0.0,273132000.0,2025 DepEd - GAA
07,Department of Education (DepEd),001,Office of the Secretary,2000,200000100012,Operational Expenses of the DepEd Task Force on the 2022 National and Local Elections,GAA 2025,,,,,2025 DepEd - GAA
07,Department of Education (DepEd),001,Office of the Secretary,2000,200000100013,Operational Expenses of the DepEd - Election Task Force,GAA 2025,0.0,99301000.0,0.0,99301000.0,2025 DepEd - GAA
07,Department of Education (DepEd),001,Office of the Secretary,3101,310100100001,National Assessment Systems for Basic Education,GAA 2025,27053000.0,490334000.0,0.0,517387000.0,2025 DepEd - GAA
07,Department of Education (DepEd),001,Office of the Secretary,3101,310100100002,Policy and Research Program,GAA 2025,1958219000.0,30221000.0,0.0,1988440000.0,2025 DepEd - GAA
07,Department of Education (DepEd),001,Office of the Secretary,3101,310100100003,Basic Education Curriculum,GAA 2025,136890000.0,3557231000.0,0.0,3694121000.0,2025 DepEd - GAA
07,Department of Education (DepEd),001,Office of the Secretary,3101,310100100004,"Curriculum Programs, Learning Management Models, Standards and Strategy Development",GAA 2025,6254157000.0,1612000.0,0.0,6255769000.0,2025 DepEd - GAA
07,Department of Education (DepEd),001,Office of the Secretary,3101,310100100005,Development and Promotion of Campus Journalism,GAA 2025,0.0,65272000.0,0.0,65272000.0,2025 DepEd - GAA
07,Department of Education (DepEd),001,Office of the Secretary,3101,310100100006,National Literacy Policies and Programs,GAA 2025,3245000.0,14959000.0,0.0,18204000.0,2025 DepEd - GAA
07,Department of Education (DepEd),001,Office of the Secretary,3101,310100100007,Early Language Literacy and Numeracy,GAA 2025,0.0,106231000.0,0.0,106231000.0,2025 DepEd - GAA
07,Department of Education (DepEd),001,Office of the Secretary,3102,310200100001,Improvement and Acquisition of School Sites,GAA 2025,0.0,69886000.0,65000000.0,134886000.0,2025 DepEd - GAA
07,Department of Education (DepEd),001,Office of the Secretary,3102,310200100002,New School Personnel Positions,GAA 2025,31912074000.0,400000000.0,0.0,32312074000.0,2025 DepEd - GAA
07,Department of Education (DepEd),001,Office of the Secretary,3102,310200100003,Learning Tools and Equipment,GAA 2025,0.0,3500000000.0,46077000.0,3546077000.0,2025 DepEd - GAA
07,Department of Education (DepEd),001,Office of the Secretary,3102,310200100004,Textbooks and Other Instructional Materials,GAA 2025,0.0,12412000000.0,0.0,12412000000.0,2025 DepEd - GAA
07,Department of Education (DepEd),001,Office of the Secretary,3102,310200100005,Computerization Program,GAA 2025,21430000.0,2409131000.0,0.0,2430561000.0,2025 DepEd - GAA
07,Department of Education (DepEd),001,Office of the Secretary,3102,310200100006,Basic Education Facilities,GAA 2025,0.0,2615216000.0,25440800000.0,28056016000.0,2025 DepEd - GAA
07,Department of Education (DepEd),001,Office of the Secretary,3102,310200100007,Conservation and Restoration of Gabaldon and Other Heritage School Buildings,GAA 2025,0.0,0.0,1133965000.0,1133965000.0,2025 DepEd - GAA
07,Department of Education (DepEd),001,Office of the Secretary,3102,310200100010,Quick Response Fund,GAA 2025,0.0,0.0,3000000000.0,3000000000.0,2025 DepEd - GAA
07,Department of Education (DepEd),001,Office of the Secretary,3102,310200100011,Last Mile Schools Program,GAA 2025,0.0,0.0,3000000000.0,3000000000.0,2025 DepEd - GAA
07,Department of Education (DepEd),001,Office of the Secretary,3102,310200100012,Public Schools Infrastructure Program (PSIP),GAA 2025,,,,,2025 DepEd - GAA
07,Department of Education (DepEd),001,Office of the Secretary,3102,310200200001,Connectivity Enhancement Program for e-Learning in Public Schools,GAA 2025,0.0,1500000000.0,0.0,1500000000.0,2025 DepEd - GAA
07,Department of Education (DepEd),001,Office of the Secretary,3102,310200300001,Infrastructure for Safer and Resilient Schools (ISRS) Project WB Loan No. 9704-PH,GAA 2025,,,,,2025 DepEd - GAA
07,Department of Education (DepEd),001,Office of the Secretary,3103,310300100001,Multigrade Education,GAA 2025,0.0,140642000.0,0.0,140642000.0,2025 DepEd - GAA
07,Department of Education (DepEd),001,Office of the Secretary,3103,310300100002,Indigenous Peoples Education (IPEd) Program,GAA 2025,0.0,154436000.0,0.0,154436000.0,2025 DepEd - GAA
07,Department of Education (DepEd),001,Office of the Secretary,3103,310300100003,Flexible Learning Options (ADM/ALS/EiE),GAA 2025,0.0,4282981000.0,0.0,4282981000.0,2025 DepEd - GAA
07,Department of Education (DepEd),001,Office of the Secretary,3103,310300100004,Madrasah Education Program,GAA 2025,0.0,498324000.0,0.0,498324000.0,2025 DepEd - GAA
07,Department of Education (DepEd),001,Office of the Secretary,3103,310300100005,Special Needs Education Program,GAA 2025,0.0,906849000.0,137000000.0,1043849000.0,2025 DepEd - GAA
07,Department of Education (DepEd),001,Office of the Secretary,3104,310400100001,School-Based Feeding Program (SBFP),GAA 2025,0.0,11776932000.0,0.0,11776932000.0,2025 DepEd - GAA
07,Department of Education (DepEd),001,Office of the Secretary,3104,310400100002,Operation of Schools - Elementary (Kinder to Grade 6),GAA 2025,275381590000.0,28536626000.0,0.0,303918216000.0,2025 DepEd - GAA
07,Department of Education (DepEd),001,Office of the Secretary,3104,310400100003,Operation of Schools - Junior High School (Grade 7 to Grade 10),GAA 2025,155344153000.0,14127206000.0,0.0,169471359000.0,2025 DepEd - GAA
07,Department of Education (DepEd),001,Office of the Secretary,3104,310400100004,Operation of Schools - Senior High School (Grade 11 to Grade 12),GAA 2025,46725734000.0,7097750000.0,0.0,53823484000.0,2025 DepEd - GAA
07,Department of Education (DepEd),001,Office of the Secretary,3104,310400100005,Government Assistance and Subsidies - Educational Service Contracting (ESC) Program for Private Junior High School (per RA No. 8545),GAA 2025,,,,,2025 DepEd - GAA
07,Department of Education (DepEd),001,Office of the Secretary,3104,310400100006,Government Assistance and Subsidies - Voucher Program for Private Senior High School (per RA No. 10533),GAA 2025,,,,,2025 DepEd - GAA
07,Department of Education (DepEd),001,Office of the Secretary,3104,310400100007,Government Assistance and Subsidies - Voucher Program for Non-DepEd Public High School (per RA No. 10533),GAA 2025,,,,,2025 DepEd - GAA
07,Department of Education (DepEd),001,Office of the Secretary,3104,310400100008,Joint Delivery Voucher for Senior High School Technical Vocational and Livelihood Specializations,GAA 2025,0.0,1409501000.0,0.0,1409501000.0,2025 DepEd - GAA
07,Department of Education (DepEd),001,Office of the Secretary,3104,310400100009,Operational Requirements of Sports Academy and Training Centers,GAA 2025,,,,,2025 DepEd - GAA
07,Department of Education (DepEd),001,Office of the Secretary,3104,310400100010,"Implementation of the Grant of Cash Allowance, Hardship Pay, and Reclassification of Positions",GAA 2025,10256961000.0,9548100000.0,0.0,19805061000.0,2025 DepEd - GAA
07,Department of Education (DepEd),001,Office of the Secretary,3104,310400100011,School Dental Health Care Program,GAA 2025,,,,,2025 DepEd - GAA
07,Department of Education (DepEd),001,Office of the Secretary,3104,310400100013,World Teachers' Day Incentive Benefits,GAA 2025,954810000.0,0.0,0.0,954810000.0,2025 DepEd - GAA
07,Department of Education (DepEd),001,Office of the Secretary,3104,310400100014,Establishment and Operational Requirement of the National Academy of Sports,GAA 2025,,,,,2025 DepEd - GAA
07,Department of Education (DepEd),001,Office of the Secretary,3104,310400100015,Government Assistance and Subsidies - Educational Service Contracting (ESC) Program for Private Junior High School (per R.A. No. 8545),GAA 2025,0.0,12077156000.0,0.0,12077156000.0,2025 DepEd - GAA
07,Department of Education (DepEd),001,Office of the Secretary,3104,310400100016,Government Assistance and Subsidies - Senior High School Voucher Program,GAA 2025,,,,,2025 DepEd - GAA
07,Department of Education (DepEd),001,Office of the Secretary,3104,310400100017,Subsidies - Senior High School Voucher Program,GAA 2025,0.0,27024724000.0,0.0,27024724000.0,2025 DepEd - GAA
07,Department of Education (DepEd),001,Office of the Secretary,3104,310400100018,"Government Assistance and Subsidies - Training and Upgrading Knowledge for Learners, Teachers, and Achievers in Schools (GAS-TUKLAS)",GAA 2025,,,,,2025 DepEd - GAA
07,Department of Education (DepEd),001,Office of the Secretary,3104,310400100019,School Innovation and Improvement Fund (SIIF) to all DepEd Public Schools,GAA 2025,,,,,2025 DepEd - GAA
07,Department of Education (DepEd),001,Office of the Secretary,3105,310500100001,Human Resource Development for Personnel in Schools and Learning Centers,GAA 2025,36259000.0,2234758000.0,0.0,2271017000.0,2025 DepEd - GAA
07,Department of Education (DepEd),001,Office of the Secretary,3105,310500100002,Teacher Quality and Development Program,GAA 2025,3929000.0,4731000.0,0.0,8660000.0,2025 DepEd - GAA
07,Department of Education (DepEd),001,Office of the Secretary,3105,310500300001,Teacher Effectiveness and Competencies Enhancement Project (TEACEP) WB Loan No. 9481-PH,GAA 2025,0.0,505024000.0,0.0,505024000.0,2025 DepEd - GAA
07,Department of Education (DepEd),002,National Book Development Board,1000,100000100001,General Management and Supervision,GAA 2025,20872000.0,35881000.0,9338000.0,66091000.0,2025 DepEd - GAA
07,Department of Education (DepEd),002,National Book Development Board,1000,100000100002,Administration of Personnel Benefits,GAA 2025,,,,,2025 DepEd - GAA
07,Department of Education (DepEd),002,National Book Development Board,3101,310100100001,Capacity Building and Trade Promotion Incentives,GAA 2025,14566000.0,239580000.0,0.0,254146000.0,2025 DepEd - GAA
07,Department of Education (DepEd),002,National Book Development Board,3101,310100100002,"Administration of Awards, Grants, and Incentives",GAA 2025,6002000.0,6085000.0,0.0,12087000.0,2025 DepEd - GAA
07,Department of Education (DepEd),002,National Book Development Board,3101,310100100003,"Policy Development, Research, Information System Management, and Information Campaign",GAA 2025,3835000.0,8230000.0,0.0,12065000.0,2025 DepEd - GAA
07,Department of Education (DepEd),003,National Council for Children's Television,1000,100000100001,General Management and Supervision,GAA 2025,14877000.0,23575000.0,4200000.0,42652000.0,2025 DepEd - GAA
07,Department of Education (DepEd),003,National Council for Children's Television,3101,310100100001,Child-Friendly Television Development Services,GAA 2025,5566000.0,62375000.0,0.0,67941000.0,2025 DepEd - GAA
07,Department of Education (DepEd),004,National Museum of the Philippines,1000,100000100001,General Management and Supervision,GAA 2025,52795000.0,368740000.0,56162000.0,477697000.0,2025 DepEd - GAA
07,Department of Education (DepEd),004,National Museum of the Philippines,1000,100000100002,Administration of Personnel Benefits,GAA 2025,,,,,2025 DepEd - GAA
07,Department of Education (DepEd),004,National Museum of the Philippines,2000,200000100001,Project Monitoring and Evaluation Services,GAA 2025,2181000.0,756000.0,0.0,2937000.0,2025 DepEd - GAA
07,Department of Education (DepEd),004,National Museum of the Philippines,3101,310100100001,Management and Development of the National Collections and Related Knowledge Resources (Including Participation to International Meetings and Conferences),GAA 2025,143205000.0,102720000.0,0.0,245925000.0,2025 DepEd - GAA
07,Department of Education (DepEd),004,National Museum of the Philippines,3101,310100100002,"Restoration, Preservation, Protection and Development of Cultural Property",GAA 2025,22984000.0,67176000.0,0.0,90160000.0,2025 DepEd - GAA
07,Department of Education (DepEd),004,National Museum of the Philippines,3101,310100200015,"Restoration of Malacanang sa Sugbo, Cebu City and Converrsion to National Museum Cebu",GAA 2025,,,,,2025 DepEd - GAA
07,Department of Education (DepEd),004,National Museum of the Philippines,3101,310100200016,Development of the National Museum Complex in Manila - Phase 1 (to implement Republic Act No. 11333),GAA 2025,,,,,2025 DepEd - GAA
07,Department of Education (DepEd),004,National Museum of the Philippines,3101,310100200017,"Nightly repair of the Church of Our Lady of Caysasay and associated structures, a declared national cultural treasure in Taal, Batangas",GAA 2025,,,,,2025 DepEd - GAA
07,Department of Education (DepEd),004,National Museum of the Philippines,3101,310100200018,Continuation of Construction of National Museum Building in Davao City,GAA 2025,,,,,2025 DepEd - GAA
07,Department of Education (DepEd),004,National Museum of the Philippines,3101,310100200019,Development of the National Museum Complex in Rizal Park - Manila Phase II,GAA 2025,,,,,2025 DepEd - GAA
07,Department of Education (DepEd),004,National Museum of the Philippines,3101,310100200020,Development of Information Management Systems,GAA 2025,,,,,2025 DepEd - GAA
07,Department of Education (DepEd),004,National Museum of the Philippines,3101,310100200021,"Restoration and Continued Repair of Our Lady of Caysasay Church and Associated Structures (National Cultural Treasure) in Taal, Batangas",GAA 2025,,,,,2025 DepEd - GAA
07,Department of Education (DepEd),004,National Museum of the Philippines,3101,310100200022,"Restoration of the Old Municipal Hall and the Municipal Plaza (Important Cultural Properties) in Balilihan, Bohol",GAA 2025,,,,,2025 DepEd - GAA
07,Department of Education (DepEd),004,National Museum of the Philippines,3101,310100200023,"Development of National Museum Complex, Manila, Phase 3",GAA 2025,,,,,2025 DepEd - GAA
07,Department of Education (DepEd),004,National Museum of the Philippines,3101,310100200024,"Continued Restoration and Site Development of Our Lady of Caysasay Church and Associated Structures in Taal, Batangas, Phase 3",GAA 2025,,,,,2025 DepEd - GAA
07,Department of Education (DepEd),004,National Museum of the Philippines,3101,310100200025,"Rehabilitation of Former United States Air Force (USAF) Hospital in Clark Freeport, Pampanga and Conversion to National Museum of the Philippines Central Luzon, Phase 1",GAA 2025,,,,,2025 DepEd - GAA
07,Department of Education (DepEd),004,National Museum of the Philippines,3101,310100200026,"Construction of National Museum of the Philippines-Baler in Baler, Aurora",GAA 2025,,,,,2025 DepEd - GAA
07,Department of Education (DepEd),004,National Museum of the Philippines,3101,310100200027,Exhibitions and Fit-Out of Various National Museum of the Philippines - Central and Regional Sites,GAA 2025,0.0,13052000.0,116844000.0,129896000.0,2025 DepEd - GAA
07,Department of Education (DepEd),004,National Museum of the Philippines,3101,310100200028,"Rehabilitation of National Museum of the Philippines-Kabayan Burial Cave Site Museum and Satellite Office in Kabayan, Benguet",GAA 2025,,,,,2025 DepEd - GAA
07,Department of Education (DepEd),004,National Museum of the Philippines,3101,310100200029,"Improvement of Rocha House in Sitio Ubos in Tagbilaran City, Bohol (Declared Important Cultural Property)",GAA 2025,,,,,2025 DepEd - GAA
07,Department of Education (DepEd),004,National Museum of the Philippines,3101,310100200030,"Development of National Museum Complex, Manila, Phase IV",GAA 2025,,,,,2025 DepEd - GAA
07,Department of Education (DepEd),004,National Museum of the Philippines,3101,310100200031,"Construction of National Museum of the Philippines-Baler in Baler, Aurora (Phase II)",GAA 2025,,,,,2025 DepEd - GAA
07,Department of Education (DepEd),004,National Museum of the Philippines,3101,310100200032,"Continued Restoration and Site Development of Our Lady of Caysasay Church and Associated Structures in Taal, Batangas, Phase IV",GAA 2025,,,,,2025 DepEd - GAA
07,Department of Education (DepEd),004,National Museum of the Philippines,3101,310100200033,"Repair and Preventive Conservation Maintenance of Casa Rocha (Important Cultural Property) in Tagbilaran City, Bohol",GAA 2025,,,,,2025 DepEd - GAA
07,Department of Education (DepEd),004,National Museum of the Philippines,3101,310100200034,Restoration and Development of NMP Museums and Declared/Associated Heritage Sites in the Visayas,GAA 2025,,,,,2025 DepEd - GAA
07,Department of Education (DepEd),004,National Museum of the Philippines,3101,310100200035,"Rehabilitation of Former United States Air Force (USAF) Hospital in Clark Freeport, Pampanga, and Conversion to National Museum of the Philippines Central Luzon, Phase II",GAA 2025,0.0,0.0,380000000.0,380000000.0,2025 DepEd - GAA
07,Department of Education (DepEd),004,National Museum of the Philippines,3101,310100200036,"Completion of Restoration of Our Lady of Caysasay Church and Associated Structures in Taal, Batangas City",GAA 2025,0.0,0.0,15000000.0,15000000.0,2025 DepEd - GAA
07,Department of Education (DepEd),004,National Museum of the Philippines,3101,310100200037,"Rehabilitation of National Museum of the Philippines Kabayan Burial Caves Site Museum and Satellite Office in Kabayan, Benguet, Phase II",GAA 2025,0.0,0.0,15000000.0,15000000.0,2025 DepEd - GAA
07,Department of Education (DepEd),004,National Museum of the Philippines,3101,310100200038,Completion of the Development of the National Museum Complex in Manila,GAA 2025,0.0,0.0,85000000.0,85000000.0,2025 DepEd - GAA
07,Department of Education (DepEd),004,National Museum of the Philippines,3101,310100200039,"Continuation of the Development of NMP-General Aniceto Lacson Ancestral House in Talisay City, Negros Occidental",GAA 2025,0.0,0.0,5000000.0,5000000.0,2025 DepEd - GAA
07,Department of Education (DepEd),004,National Museum of the Philippines,3101,310100200040,Rehabilitation of the Sewerage System of the National Museum of Fine Arts (Old Legislative Building),GAA 2025,0.0,0.0,2400000.0,2400000.0,2025 DepEd - GAA
07,Department of Education (DepEd),004,National Museum of the Philippines,3101,310100200041,"Development of NMP-Kalibo, Aklan (Phase 1)",GAA 2025,0.0,0.0,20000000.0,20000000.0,2025 DepEd - GAA
07,Department of Education (DepEd),004,National Museum of the Philippines,3101,310100200042,"Development of NMP-Koronadal and Lake Sebu, South Cotabato (Phase 1)",GAA 2025,0.0,0.0,10000000.0,10000000.0,2025 DepEd - GAA
07,Department of Education (DepEd),004,National Museum of the Philippines,3101,310100200043,"Repair and Restoration of Boljoon Church Complex, Boljoon, Cebu and Development of NMP-Boljoon, Cebu (Phase 1)",GAA 2025,0.0,0.0,30000000.0,30000000.0,2025 DepEd - GAA
07,Department of Education (DepEd),004,National Museum of the Philippines,3101,310100200044,"Development of NMP-Paoay, Paoay, Ilocos Norte",GAA 2025,0.0,0.0,60000000.0,60000000.0,2025 DepEd - GAA
07,Department of Education (DepEd),004,National Museum of the Philippines,3101,310100200045,"Development of NMP General Ancieto Lacson Ancestral House, Talisay City, Negros Occidental (Phase 2)",GAA 2025,,,,,2025 DepEd - GAA
07,Department of Education (DepEd),004,National Museum of the Philippines,3101,310100200046,"Development of NMP Kalibo, Aklan (Phase 2)",GAA 2025,,,,,2025 DepEd - GAA
07,Department of Education (DepEd),004,National Museum of the Philippines,3101,310100200047,"Development of NMP Koronadal and Lake Sebu, South Cotabato (Phase 2)",GAA 2025,,,,,2025 DepEd - GAA
07,Department of Education (DepEd),004,National Museum of the Philippines,3101,310100200048,Exhibitions and Fit-out of Various National Museum of the Philippines - Central and Regional Sites - Northern Luzon National Museums,GAA 2025,,,,,2025 DepEd - GAA
07,Department of Education (DepEd),005,Philippine High School for the Arts,1000,100000100001,General Management and Supervision,GAA 2025,17083000.0,39809000.0,22195000.0,79087000.0,2025 DepEd - GAA
07,Department of Education (DepEd),005,Philippine High School for the Arts,1000,100000100002,Administration of Personnel Benefits,GAA 2025,6154000.0,0.0,0.0,6154000.0,2025 DepEd - GAA
07,Department of Education (DepEd),005,Philippine High School for the Arts,3101,310100100001,"Operation of Philippine High School for the Arts Including Outreach, Screening, Student Exchange Program with Other Countries and Production Activities",GAA 2025,14825000.0,46008000.0,4260000.0,65093000.0,2025 DepEd - GAA
07,Department of Education (DepEd),006,Early Childhood Care and Development Council,1000,100000100001,General Management and Supervision,GAA 2025,15023000.0,21101000.0,2522000.0,38646000.0,2025 DepEd - GAA
07,Department of Education (DepEd),006,Early Childhood Care and Development Council,1000,100000100002,Administration of Personnel Benefits,GAA 2025,,,,,2025 DepEd - GAA
07,Department of Education (DepEd),006,Early Childhood Care and Development Council,3101,310100100001,"Development of Policies, Standards and Guidelines",GAA 2025,0.0,5311000.0,0.0,5311000.0,2025 DepEd - GAA
07,Department of Education (DepEd),006,Early Childhood Care and Development Council,3101,310100100002,Capacity-Building and Institutional Development of Intermediaries and Other Partners,GAA 2025,0.0,61077000.0,0.0,61077000.0,2025 DepEd - GAA
07,Department of Education (DepEd),006,Early Childhood Care and Development Council,3101,310100100003,Accreditation of ECCD Service Providers,GAA 2025,0.0,12958000.0,0.0,12958000.0,2025 DepEd - GAA
07,Department of Education (DepEd),006,Early Childhood Care and Development Council,3101,310100100004,Establishment of National Child Development Centers,GAA 2025,0.0,300988000.0,0.0,300988000.0,2025 DepEd - GAA
07,Department of Education (DepEd),007,National Academy of Sports,1000,100000100001,General Management and Supervision,GAA 2025,32437000.0,73493000.0,3500000.0,109430000.0,2025 DepEd - GAA
07,Department of Education (DepEd),007,National Academy of Sports,1000,100000100002,Administration of Personnel Benefits,GAA 2025,1787000.0,0.0,0.0,1787000.0,2025 DepEd - GAA
07,Department of Education (DepEd),007,National Academy of Sports,3101,310100100001,"Promotion, Development, and Implementation of Quality and Enhanced Sports-Integrated Secondary Education Program",GAA 2025,0.0,173527000.0,18652000.0,192179000.0,2025 DepEd - GAA
07,Department of Education (DepEd),008,Teacher Education Council,1000,100000100001,General Management and Supervision,GAA 2025,,,,,2025 DepEd - GAA
07,Department of Education (DepEd),008,Teacher Education Council,3101,310100100001,Quality Teacher Education Services,GAA 2025,,,,,2025 DepEd - GAA
07,Department of Education (DepEd),001,Office of the Secretary,1000,100000100001,General Administration and Support,Authorized Appropriations 2025,11468247000.0,6294175000.0,1100000000.0,18862422000.0,2025 DepEd - Authorized Appro
07,Department of Education (DepEd),001,Office of the Secretary,1000,100000100002,Administration of Personnel Benefits,Authorized Appropriations 2025,1944922000.0,0.0,0.0,1944922000.0,2025 DepEd - Authorized Appro
07,Department of Education (DepEd),001,Office of the Secretary,2000,200000100001,Physical Fitness and School Sports,Authorized Appropriations 2025,8575000.0,730066000.0,0.0,738641000.0,2025 DepEd - Authorized Appro
07,Department of Education (DepEd),001,Office of the Secretary,2000,200000100002,Development and Management of Bilateral and Multilateral Education Projects,Authorized Appropriations 2025,16360000.0,11288000.0,0.0,27648000.0,2025 DepEd - Authorized Appro
07,Department of Education (DepEd),001,Office of the Secretary,2000,200000100003,Management and Administration of Learning Resources,Authorized Appropriations 2025,44040000.0,8935000.0,0.0,52975000.0,2025 DepEd - Authorized Appro
07,Department of Education (DepEd),001,Office of the Secretary,2000,200000100004,Planning and Management Information Systems,Authorized Appropriations 2025,119810000.0,32550000.0,0.0,152360000.0,2025 DepEd - Authorized Appro
07,Department of Education (DepEd),001,Office of the Secretary,2000,200000100005,Education Information and Communication Services,Authorized Appropriations 2025,19550000.0,36672000.0,0.0,56222000.0,2025 DepEd - Authorized Appro
07,Department of Education (DepEd),001,Office of the Secretary,2000,200000100006,Learner Support Programs,Authorized Appropriations 2025,2458935000.0,405345000.0,0.0,2864280000.0,2025 DepEd - Authorized Appro
07,Department of Education (DepEd),001,Office of the Secretary,2000,200000100007,Building Partnerships and Linkages Program,Authorized Appropriations 2025,8740000.0,88287000.0,0.0,97027000.0,2025 DepEd - Authorized Appro
07,Department of Education (DepEd),001,Office of the Secretary,2000,200000100008,Legal Services and Development of Education-Related Laws and Rules,Authorized Appropriations 2025,21885000.0,81398000.0,0.0,103283000.0,2025 DepEd - Authorized Appro
07,Department of Education (DepEd),001,Office of the Secretary,2000,200000100009,Child Protection Program,Authorized Appropriations 2025,0.0,44277000.0,0.0,44277000.0,2025 DepEd - Authorized Appro
07,Department of Education (DepEd),001,Office of the Secretary,2000,200000100010,Disaster Preparedness and Response Program,Authorized Appropriations 2025,10944000.0,642717000.0,0.0,653661000.0,2025 DepEd - Authorized Appro
07,Department of Education (DepEd),001,Office of the Secretary,2000,200000100011,Organizational and Professional Development for Non-Teaching Personnel,Authorized Appropriations 2025,181266000.0,107288000.0,0.0,288554000.0,2025 DepEd - Authorized Appro
07,Department of Education (DepEd),001,Office of the Secretary,2000,200000100012,Operational Expenses of the DepEd Task Force on the 2022 National and Local Elections,Authorized Appropriations 2025,,,,,2025 DepEd - Authorized Appro
07,Department of Education (DepEd),001,Office of the Secretary,2000,200000100013,Operational Expenses of the DepEd - Election Task Force,Authorized Appropriations 2025,0.0,99301000.0,0.0,99301000.0,2025 DepEd - Authorized Appro
07,Department of Education (DepEd),001,Office of the Secretary,3101,310100100001,National Assessment Systems for Basic Education,Authorized Appropriations 2025,29532000.0,490334000.0,0.0,519866000.0,2025 DepEd - Authorized Appro
07,Department of Education (DepEd),001,Office of the Secretary,3101,310100100002,Policy and Research Program,Authorized Appropriations 2025,2139980000.0,30221000.0,0.0,2170201000.0,2025 DepEd - Authorized Appro
07,Department of Education (DepEd),001,Office of the Secretary,3101,310100100003,Basic Education Curriculum,Authorized Appropriations 2025,149763000.0,3557231000.0,0.0,3706994000.0,2025 DepEd - Authorized Appro
07,Department of Education (DepEd),001,Office of the Secretary,3101,310100100004,"Curriculum Programs, Learning Management Models, Standards and Strategy Development",Authorized Appropriations 2025,6851397000.0,1612000.0,0.0,6853009000.0,2025 DepEd - Authorized Appro
07,Department of Education (DepEd),001,Office of the Secretary,3101,310100100005,Development and Promotion of Campus Journalism,Authorized Appropriations 2025,0.0,65272000.0,0.0,65272000.0,2025 DepEd - Authorized Appro
07,Department of Education (DepEd),001,Office of the Secretary,3101,310100100006,National Literacy Policies and Programs,Authorized Appropriations 2025,3539000.0,14959000.0,0.0,18498000.0,2025 DepEd - Authorized Appro
07,Department of Education (DepEd),001,Office of the Secretary,3101,310100100007,Early Language Literacy and Numeracy,Authorized Appropriations 2025,0.0,106231000.0,0.0,106231000.0,2025 DepEd - Authorized Appro
07,Department of Education (DepEd),001,Office of the Secretary,3102,310200100001,Improvement and Acquisition of School Sites,Authorized Appropriations 2025,0.0,69886000.0,65000000.0,134886000.0,2025 DepEd - Authorized Appro
07,Department of Education (DepEd),001,Office of the Secretary,3102,310200100002,New School Personnel Positions,Authorized Appropriations 2025,31912074000.0,500000000.0,,32412074000.0,2025 DepEd - Authorized Appro
07,Department of Education (DepEd),001,Office of the Secretary,3102,310200100003,Learning Tools and Equipment,Authorized Appropriations 2025,0.0,3500000000.0,46077000.0,3546077000.0,2025 DepEd - Authorized Appro
07,Department of Education (DepEd),001,Office of the Secretary,3102,310200100004,Textbooks and Other Instructional Materials,Authorized Appropriations 2025,0.0,12412000000.0,0.0,12412000000.0,2025 DepEd - Authorized Appro
07,Department of Education (DepEd),001,Office of the Secretary,3102,310200100005,Computerization Program,Authorized Appropriations 2025,23425000.0,2409131000.0,0.0,2432556000.0,2025 DepEd - Authorized Appro
07,Department of Education (DepEd),001,Office of the Secretary,3102,310200100006,Basic Education Facilities,Authorized Appropriations 2025,0.0,2615216000.0,26138140634.0,28753356634.0,2025 DepEd - Authorized Appro
07,Department of Education (DepEd),001,Office of the Secretary,3102,310200100007,Conservation and Restoration of Gabaldon and Other Heritage School Buildings,Authorized Appropriations 2025,0.0,0.0,1133965000.0,1133965000.0,2025 DepEd - Authorized Appro
07,Department of Education (DepEd),001,Office of the Secretary,3102,310200100010,Quick Response Fund,Authorized Appropriations 2025,0.0,0.0,3000000000.0,3000000000.0,2025 DepEd - Authorized Appro
07,Department of Education (DepEd),001,Office of the Secretary,3102,310200100011,Last Mile Schools Program,Authorized Appropriations 2025,0.0,0.0,3000000000.0,3000000000.0,2025 DepEd - Authorized Appro
07,Department of Education (DepEd),001,Office of the Secretary,3102,310200100012,Public Schools Infrastructure Program (PSIP),Authorized Appropriations 2025,,,,,2025 DepEd - Authorized Appro
07,Department of Education (DepEd),001,Office of the Secretary,3102,310200200001,Connectivity Enhancement Program for e-Learning in Public Schools,Authorized Appropriations 2025,0.0,1500000000.0,0.0,1500000000.0,2025 DepEd - Authorized Appro
07,Department of Education (DepEd),001,Office of the Secretary,3102,310200300001,Infrastructure for Safer and Resilient Schools (ISRS) Project WB Loan No. 9704-PH,Authorized Appropriations 2025,,,,,2025 DepEd - Authorized Appro
07,Department of Education (DepEd),001,Office of the Secretary,3103,310300100001,Multigrade Education,Authorized Appropriations 2025,0.0,140642000.0,0.0,140642000.0,2025 DepEd - Authorized Appro
07,Department of Education (DepEd),001,Office of the Secretary,3103,310300100002,Indigenous Peoples Education (IPEd) Program,Authorized Appropriations 2025,0.0,154436000.0,0.0,154436000.0,2025 DepEd - Authorized Appro
07,Department of Education (DepEd),001,Office of the Secretary,3103,310300100003,Flexible Learning Options (ADM/ALS/EiE),Authorized Appropriations 2025,0.0,4282981000.0,0.0,4282981000.0,2025 DepEd - Authorized Appro
07,Department of Education (DepEd),001,Office of the Secretary,3103,310300100004,Madrasah Education Program,Authorized Appropriations 2025,0.0,498324000.0,0.0,498324000.0,2025 DepEd - Authorized Appro
07,Department of Education (DepEd),001,Office of the Secretary,3103,310300100005,Special Needs Education Program,Authorized Appropriations 2025,0.0,906849000.0,137000000.0,1043849000.0,2025 DepEd - Authorized Appro
07,Department of Education (DepEd),001,Office of the Secretary,3104,310400100001,School-Based Feeding Program (SBFP),Authorized Appropriations 2025,0.0,11776932000.0,0.0,11776932000.0,2025 DepEd - Authorized Appro
07,Department of Education (DepEd),001,Office of the Secretary,3104,310400100002,Operation of Schools - Elementary (Kinder to Grade 6),Authorized Appropriations 2025,300446708000.0,28536626000.0,0.0,328983334000.0,2025 DepEd - Authorized Appro
07,Department of Education (DepEd),001,Office of the Secretary,3104,310400100003,Operation of Schools - Junior High School (Grade 7 to Grade 10),Authorized Appropriations 2025,169224047000.0,14127206000.0,0.0,183351253000.0,2025 DepEd - Authorized Appro
07,Department of Education (DepEd),001,Office of the Secretary,3104,310400100004,Operation of Schools - Senior High School (Grade 11 to Grade 12),Authorized Appropriations 2025,50900612000.0,7097750000.0,0.0,57998362000.0,2025 DepEd - Authorized Appro
07,Department of Education (DepEd),001,Office of the Secretary,3104,310400100005,Government Assistance and Subsidies - Educational Service Contracting (ESC) Program for Private Junior High School (per RA No. 8545),Authorized Appropriations 2025,,,,,2025 DepEd - Authorized Appro
07,Department of Education (DepEd),001,Office of the Secretary,3104,310400100006,Government Assistance and Subsidies - Voucher Program for Private Senior High School (per RA No. 10533),Authorized Appropriations 2025,,,,,2025 DepEd - Authorized Appro
07,Department of Education (DepEd),001,Office of the Secretary,3104,310400100007,Government Assistance and Subsidies - Voucher Program for Non-DepEd Public High School (per RA No. 10533),Authorized Appropriations 2025,,,,,2025 DepEd - Authorized Appro
07,Department of Education (DepEd),001,Office of the Secretary,3104,310400100008,Joint Delivery Voucher for Senior High School Technical Vocational and Livelihood Specializations,Authorized Appropriations 2025,0.0,1409501000.0,0.0,1409501000.0,2025 DepEd - Authorized Appro
07,Department of Education (DepEd),001,Office of the Secretary,3104,310400100009,Operational Requirements of Sports Academy and Training Centers,Authorized Appropriations 2025,10256961000.0,9548100000.0,0.0,19805061000.0,2025 DepEd - Authorized Appro
07,Department of Education (DepEd),001,Office of the Secretary,3104,310400100010,"Implementation of the Grant of Cash Allowance, Hardship Pay, and Reclassification of Positions",Authorized Appropriations 2025,,,,,2025 DepEd - Authorized Appro
07,Department of Education (DepEd),001,Office of the Secretary,3104,310400100011,School Dental Health Care Program,Authorized Appropriations 2025,,,,,2025 DepEd - Authorized Appro
07,Department of Education (DepEd),001,Office of the Secretary,3104,310400100013,World Teachers' Day Incentive Benefits,Authorized Appropriations 2025,954810000.0,0.0,0.0,954810000.0,2025 DepEd - Authorized Appro
07,Department of Education (DepEd),001,Office of the Secretary,3104,310400100014,Establishment and Operational Requirement of the National Academy of Sports,Authorized Appropriations 2025,,,,,2025 DepEd - Authorized Appro
07,Department of Education (DepEd),001,Office of the Secretary,3104,310400100015,Government Assistance and Subsidies - Educational Service Contracting (ESC) Program for Private Junior High School (per R.A. No. 8545),Authorized Appropriations 2025,0.0,12077156000.0,0.0,12077156000.0,2025 DepEd - Authorized Appro
07,Department of Education (DepEd),001,Office of the Secretary,3104,310400100016,Government Assistance and Subsidies - Senior High School Voucher Program,Authorized Appropriations 2025,,,,,2025 DepEd - Authorized Appro
07,Department of Education (DepEd),001,Office of the Secretary,3104,310400100017,Subsidies - Senior High School Voucher Program,Authorized Appropriations 2025,0.0,27024724000.0,0.0,27024724000.0,2025 DepEd - Authorized Appro
07,Department of Education (DepEd),001,Office of the Secretary,3104,310400100018,"Government Assistance and Subsidies - Training and Upgrading Knowledge for Learners, Teachers, and Achievers in Schools (GAS-TUKLAS)",Authorized Appropriations 2025,,,,,2025 DepEd - Authorized Appro
07,Department of Education (DepEd),001,Office of the Secretary,3104,310400100019,School Innovation and Improvement Fund (SIIF) to all DepEd Public Schools,Authorized Appropriations 2025,,,,,2025 DepEd - Authorized Appro
07,Department of Education (DepEd),001,Office of the Secretary,3105,310500100001,Human Resource Development for Personnel in Schools and Learning Centers,Authorized Appropriations 2025,39638000.0,2234758000.0,0.0,2274396000.0,2025 DepEd - Authorized Appro
07,Department of Education (DepEd),001,Office of the Secretary,3105,310500100002,Teacher Quality and Development Program,Authorized Appropriations 2025,4295000.0,4731000.0,0.0,9026000.0,2025 DepEd - Authorized Appro
07,Department of Education (DepEd),001,Office of the Secretary,3105,310500300001,Teacher Effectiveness and Competencies Enhancement Project (TEACEP) WB Loan No. 9481-PH,Authorized Appropriations 2025,0.0,505024000.0,0.0,505024000.0,2025 DepEd - Authorized Appro
07,Department of Education (DepEd),002,National Book Development Board,1000,100000100001,General Management and Supervision,Authorized Appropriations 2025,,,,,2025 DepEd - Authorized Appro
07,Department of Education (DepEd),002,National Book Development Board,1000,100000100002,Administration of Personnel Benefits,Authorized Appropriations 2025,,,,,2025 DepEd - Authorized Appro
07,Department of Education (DepEd),002,National Book Development Board,3101,310100100001,Capacity Building and Trade Promotion Incentives,Authorized Appropriations 2025,,,,,2025 DepEd - Authorized Appro
07,Department of Education (DepEd),002,National Book Development Board,3101,310100100002,"Administration of Awards, Grants, and Incentives",Authorized Appropriations 2025,,,,,2025 DepEd - Authorized Appro
07,Department of Education (DepEd),002,National Book Development Board,3101,310100100003,"Policy Development, Research, Information System Management, and Information Campaign",Authorized Appropriations 2025,,,,,2025 DepEd - Authorized Appro
07,Department of Education (DepEd),003,National Council for Children's Television,1000,100000100001,General Management and Supervision,Authorized Appropriations 2025,,,,,2025 DepEd - Authorized Appro
07,Department of Education (DepEd),003,National Council for Children's Television,3101,310100100001,Child-Friendly Television Development Services,Authorized Appropriations 2025,,,,,2025 DepEd - Authorized Appro
07,Department of Education (DepEd),004,National Museum of the Philippines,1000,100000100001,General Management and Supervision,Authorized Appropriations 2025,,,,,2025 DepEd - Authorized Appro
07,Department of Education (DepEd),004,National Museum of the Philippines,1000,100000100002,Administration of Personnel Benefits,Authorized Appropriations 2025,,,,,2025 DepEd - Authorized Appro
07,Department of Education (DepEd),004,National Museum of the Philippines,2000,200000100001,Project Monitoring and Evaluation Services,Authorized Appropriations 2025,,,,,2025 DepEd - Authorized Appro
07,Department of Education (DepEd),004,National Museum of the Philippines,3101,310100100001,Management and Development of the National Collections and Related Knowledge Resources (Including Participation to International Meetings and Conferences),Authorized Appropriations 2025,,,,,2025 DepEd - Authorized Appro
07,Department of Education (DepEd),004,National Museum of the Philippines,3101,310100100002,"Restoration, Preservation, Protection and Development of Cultural Property",Authorized Appropriations 2025,,,,,2025 DepEd - Authorized Appro
07,Department of Education (DepEd),004,National Museum of the Philippines,3101,310100200015,"Restoration of Malacanang sa Sugbo, Cebu City and Converrsion to National Museum Cebu",Authorized Appropriations 2025,,,,,2025 DepEd - Authorized Appro
07,Department of Education (DepEd),004,National Museum of the Philippines,3101,310100200016,Development of the National Museum Complex in Manila - Phase 1 (to implement Republic Act No. 11333),Authorized Appropriations 2025,,,,,2025 DepEd - Authorized Appro
07,Department of Education (DepEd),004,National Museum of the Philippines,3101,310100200017,"Nightly repair of the Church of Our Lady of Caysasay and associated structures, a declared national cultural treasure in Taal, Batangas",Authorized Appropriations 2025,,,,,2025 DepEd - Authorized Appro
07,Department of Education (DepEd),004,National Museum of the Philippines,3101,310100200018,Continuation of Construction of National Museum Building in Davao City,Authorized Appropriations 2025,,,,,2025 DepEd - Authorized Appro
07,Department of Education (DepEd),004,National Museum of the Philippines,3101,310100200019,Development of the National Museum Complex in Rizal Park - Manila Phase II,Authorized Appropriations 2025,,,,,2025 DepEd - Authorized Appro
07,Department of Education (DepEd),004,National Museum of the Philippines,3101,310100200020,Development of Information Management Systems,Authorized Appropriations 2025,,,,,2025 DepEd - Authorized Appro
07,Department of Education (DepEd),004,National Museum of the Philippines,3101,310100200021,"Restoration and Continued Repair of Our Lady of Caysasay Church and Associated Structures (National Cultural Treasure) in Taal, Batangas",Authorized Appropriations 2025,,,,,2025 DepEd - Authorized Appro
07,Department of Education (DepEd),004,National Museum of the Philippines,3101,310100200022,"Restoration of the Old Municipal Hall and the Municipal Plaza (Important Cultural Properties) in Balilihan, Bohol",Authorized Appropriations 2025,,,,,2025 DepEd - Authorized Appro
07,Department of Education (DepEd),004,National Museum of the Philippines,3101,310100200023,"Development of National Museum Complex, Manila, Phase 3",Authorized Appropriations 2025,,,,,2025 DepEd - Authorized Appro
07,Department of Education (DepEd),004,National Museum of the Philippines,3101,310100200024,"Continued Restoration and Site Development of Our Lady of Caysasay Church and Associated Structures in Taal, Batangas, Phase 3",Authorized Appropriations 2025,,,,,2025 DepEd - Authorized Appro
07,Department of Education (DepEd),004,National Museum of the Philippines,3101,310100200025,"Rehabilitation of Former United States Air Force (USAF) Hospital in Clark Freeport, Pampanga and Conversion to National Museum of the Philippines Central Luzon, Phase 1",Authorized Appropriations 2025,,,,,2025 DepEd - Authorized Appro
07,Department of Education (DepEd),004,National Museum of the Philippines,3101,310100200026,"Construction of National Museum of the Philippines-Baler in Baler, Aurora",Authorized Appropriations 2025,,,,,2025 DepEd - Authorized Appro
07,Department of Education (DepEd),004,National Museum of the Philippines,3101,310100200027,Exhibitions and Fit-Out of Various National Museum of the Philippines - Central and Regional Sites,Authorized Appropriations 2025,,,,,2025 DepEd - Authorized Appro
07,Department of Education (DepEd),004,National Museum of the Philippines,3101,310100200028,"Rehabilitation of National Museum of the Philippines-Kabayan Burial Cave Site Museum and Satellite Office in Kabayan, Benguet",Authorized Appropriations 2025,,,,,2025 DepEd - Authorized Appro
07,Department of Education (DepEd),004,National Museum of the Philippines,3101,310100200029,"Improvement of Rocha House in Sitio Ubos in Tagbilaran City, Bohol (Declared Important Cultural Property)",Authorized Appropriations 2025,,,,,2025 DepEd - Authorized Appro
07,Department of Education (DepEd),004,National Museum of the Philippines,3101,310100200030,"Development of National Museum Complex, Manila, Phase IV",Authorized Appropriations 2025,,,,,2025 DepEd - Authorized Appro
07,Department of Education (DepEd),004,National Museum of the Philippines,3101,310100200031,"Construction of National Museum of the Philippines-Baler in Baler, Aurora (Phase II)",Authorized Appropriations 2025,,,,,2025 DepEd - Authorized Appro
07,Department of Education (DepEd),004,National Museum of the Philippines,3101,310100200032,"Continued Restoration and Site Development of Our Lady of Caysasay Church and Associated Structures in Taal, Batangas, Phase IV",Authorized Appropriations 2025,,,,,2025 DepEd - Authorized Appro
07,Department of Education (DepEd),004,National Museum of the Philippines,3101,310100200033,"Repair and Preventive Conservation Maintenance of Casa Rocha (Important Cultural Property) in Tagbilaran City, Bohol",Authorized Appropriations 2025,,,,,2025 DepEd - Authorized Appro
07,Department of Education (DepEd),004,National Museum of the Philippines,3101,310100200034,Restoration and Development of NMP Museums and Declared/Associated Heritage Sites in the Visayas,Authorized Appropriations 2025,,,,,2025 DepEd - Authorized Appro
07,Department of Education (DepEd),004,National Museum of the Philippines,3101,310100200035,"Rehabilitation of Former United States Air Force (USAF) Hospital in Clark Freeport, Pampanga, and Conversion to National Museum of the Philippines Central Luzon, Phase II",Authorized Appropriations 2025,,,,,2025 DepEd - Authorized Appro
07,Department of Education (DepEd),004,National Museum of the Philippines,3101,310100200036,"Completion of Restoration of Our Lady of Caysasay Church and Associated Structures in Taal, Batangas City",Authorized Appropriations 2025,,,,,2025 DepEd - Authorized Appro
07,Department of Education (DepEd),004,National Museum of the Philippines,3101,310100200037,"Rehabilitation of National Museum of the Philippines Kabayan Burial Caves Site Museum and Satellite Office in Kabayan, Benguet, Phase II",Authorized Appropriations 2025,,,,,2025 DepEd - Authorized Appro
07,Department of Education (DepEd),004,National Museum of the Philippines,3101,310100200038,Completion of the Development of the National Museum Complex in Manila,Authorized Appropriations 2025,,,,,2025 DepEd - Authorized Appro
07,Department of Education (DepEd),004,National Museum of the Philippines,3101,310100200039,"Continuation of the Development of NMP-General Aniceto Lacson Ancestral House in Talisay City, Negros Occidental",Authorized Appropriations 2025,,,,,2025 DepEd - Authorized Appro
07,Department of Education (DepEd),004,National Museum of the Philippines,3101,310100200040,Rehabilitation of the Sewerage System of the National Museum of Fine Arts (Old Legislative Building),Authorized Appropriations 2025,,,,,2025 DepEd - Authorized Appro
07,Department of Education (DepEd),004,National Museum of the Philippines,3101,310100200041,"Development of NMP-Kalibo, Aklan (Phase 1)",Authorized Appropriations 2025,,,,,2025 DepEd - Authorized Appro
07,Department of Education (DepEd),004,National Museum of the Philippines,3101,310100200042,"Development of NMP-Koronadal and Lake Sebu, South Cotabato (Phase 1)",Authorized Appropriations 2025,,,,,2025 DepEd - Authorized Appro
07,Department of Education (DepEd),004,National Museum of the Philippines,3101,310100200043,"Repair and Restoration of Boljoon Church Complex, Boljoon, Cebu and Development of NMP-Boljoon, Cebu (Phase 1)",Authorized Appropriations 2025,,,,,2025 DepEd - Authorized Appro
07,Department of Education (DepEd),004,National Museum of the Philippines,3101,310100200044,"Development of NMP-Paoay, Paoay, Ilocos Norte",Authorized Appropriations 2025,,,,,2025 DepEd - Authorized Appro
07,Department of Education (DepEd),004,National Museum of the Philippines,3101,310100200045,"Development of NMP General Ancieto Lacson Ancestral House, Talisay City, Negros Occidental (Phase 2)",Authorized Appropriations 2025,,,,,2025 DepEd - Authorized Appro
07,Department of Education (DepEd),004,National Museum of the Philippines,3101,310100200046,"Development of NMP Kalibo, Aklan (Phase 2)",Authorized Appropriations 2025,,,,,2025 DepEd - Authorized Appro
07,Department of Education (DepEd),004,National Museum of the Philippines,3101,310100200047,"Development of NMP Koronadal and Lake Sebu, South Cotabato (Phase 2)",Authorized Appropriations 2025,,,,,2025 DepEd - Authorized Appro
07,Department of Education (DepEd),004,National Museum of the Philippines,3101,310100200048,Exhibitions and Fit-out of Various National Museum of the Philippines - Central and Regional Sites - Northern Luzon National Museums,Authorized Appropriations 2025,,,,,2025 DepEd - Authorized Appro
07,Department of Education (DepEd),005,Philippine High School for the Arts,1000,100000100001,General Management and Supervision,Authorized Appropriations 2025,,,,,2025 DepEd - Authorized Appro
07,Department of Education (DepEd),005,Philippine High School for the Arts,1000,100000100002,Administration of Personnel Benefits,Authorized Appropriations 2025,,,,,2025 DepEd - Authorized Appro
07,Department of Education (DepEd),005,Philippine High School for the Arts,3101,310100100001,"Operation of Philippine High School for the Arts Including Outreach, Screening, Student Exchange Program with Other Countries and Production Activities",Authorized Appropriations 2025,,,,,2025 DepEd - Authorized Appro
07,Department of Education (DepEd),006,Early Childhood Care and Development Council,1000,100000100001,General Management and Supervision,Authorized Appropriations 2025,,,,,2025 DepEd - Authorized Appro
07,Department of Education (DepEd),006,Early Childhood Care and Development Council,1000,100000100002,Administration of Personnel Benefits,Authorized Appropriations 2025,,,,,2025 DepEd - Authorized Appro
07,Department of Education (DepEd),006,Early Childhood Care and Development Council,3101,310100100001,"Development of Policies, Standards and Guidelines",Authorized Appropriations 2025,,,,,2025 DepEd - Authorized Appro
07,Department of Education (DepEd),006,Early Childhood Care and Development Council,3101,310100100002,Capacity-Building and Institutional Development of Intermediaries and Other Partners,Authorized Appropriations 2025,,,,,2025 DepEd - Authorized Appro
07,Department of Education (DepEd),006,Early Childhood Care and Development Council,3101,310100100003,Accreditation of ECCD Service Providers,Authorized Appropriations 2025,,,,,2025 DepEd - Authorized Appro
07,Department of Education (DepEd),006,Early Childhood Care and Development Council,3101,310100100004,Establishment of National Child Development Centers,Authorized Appropriations 2025,,,,,2025 DepEd - Authorized Appro
07,Department of Education (DepEd),007,National Academy of Sports,1000,100000100001,General Management and Supervision,Authorized Appropriations 2025,,,,,2025 DepEd - Authorized Appro
07,Department of Education (DepEd),007,National Academy of Sports,1000,100000100002,Administration of Personnel Benefits,Authorized Appropriations 2025,,,,,2025 DepEd - Authorized Appro
07,Department of Education (DepEd),007,National Academy of Sports,3101,310100100001,"Promotion, Development, and Implementation of Quality and Enhanced Sports-Integrated Secondary Education Program",Authorized Appropriations 2025,,,,,2025 DepEd - Authorized Appro
07,Department of Education (DepEd),008,Teacher Education Council,1000,100000100001,General Management and Supervision,Authorized Appropriations 2025,,,,,2025 DepEd - Authorized Appro
07,Department of Education (DepEd),008,Teacher Education Council,3101,310100100001,Quality Teacher Education Services,Authorized Appropriations 2025,,,,,2025 DepEd - Authorized Appro
07,Department of Education (DepEd),001,Office of the Secretary,1000,100000100001,General Administration and Support,Adjusted Appropriations 2025,25426475559.71,9921816685.12,2437669935.09,37785962179.91,2025 DepEd - Adjusted Appro
07,Department of Education (DepEd),001,Office of the Secretary,1000,100000100002,Administration of Personnel Benefits,Adjusted Appropriations 2025,1602885928.47,0.0,0.0,1602885928.47,2025 DepEd - Adjusted Appro
07,Department of Education (DepEd),001,Office of the Secretary,2000,200000100001,Physical Fitness and School Sports,Adjusted Appropriations 2025,10633856.88,975348070.16,0.0,985981927.04,2025 DepEd - Adjusted Appro
07,Department of Education (DepEd),001,Office of the Secretary,2000,200000100002,Development and Management of Bilateral and Multilateral Education Projects,Adjusted Appropriations 2025,21422151.03,11653766.43,0.0,33075917.46,2025 DepEd - Adjusted Appro
07,Department of Education (DepEd),001,Office of the Secretary,2000,200000100003,Management and Administration of Learning Resources,Adjusted Appropriations 2025,52120547.03,13292211.47,0.0,65412758.5,2025 DepEd - Adjusted Appro
07,Department of Education (DepEd),001,Office of the Secretary,2000,200000100004,Planning and Management Information Systems,Adjusted Appropriations 2025,129163406.43,55891602.34,0.0,185055008.77,2025 DepEd - Adjusted Appro
07,Department of Education (DepEd),001,Office of the Secretary,2000,200000100005,Education Information and Communication Services,Adjusted Appropriations 2025,33151161.98,58174854.37,4828000.0,96154016.35,2025 DepEd - Adjusted Appro
07,Department of Education (DepEd),001,Office of the Secretary,2000,200000100006,Learner Support Programs,Adjusted Appropriations 2025,2435266997.53,625813731.5,0.0,3061080729.03,2025 DepEd - Adjusted Appro
07,Department of Education (DepEd),001,Office of the Secretary,2000,200000100007,Building Partnerships and Linkages Program,Adjusted Appropriations 2025,12881759.94,120680302.07,0.0,133562062.01,2025 DepEd - Adjusted Appro
07,Department of Education (DepEd),001,Office of the Secretary,2000,200000100008,Legal Services and Development of Education-Related Laws and Rules,Adjusted Appropriations 2025,33753057.54,124576806.98,0.0,158329864.52,2025 DepEd - Adjusted Appro
07,Department of Education (DepEd),001,Office of the Secretary,2000,200000100009,Child Protection Program,Adjusted Appropriations 2025,5000000.0,75732211.76,0.0,80732211.76,2025 DepEd - Adjusted Appro
07,Department of Education (DepEd),001,Office of the Secretary,2000,200000100010,Disaster Preparedness and Response Program,Adjusted Appropriations 2025,30179281.82,1599454372.48,186433297.66,1816066951.96,2025 DepEd - Adjusted Appro
07,Department of Education (DepEd),001,Office of the Secretary,2000,200000100011,Organizational and Professional Development for Non-Teaching Personnel,Adjusted Appropriations 2025,184671689.08,190125583.02,0.0,374797272.1,2025 DepEd - Adjusted Appro
07,Department of Education (DepEd),001,Office of the Secretary,2000,200000100012,Operational Expenses of the DepEd Task Force on the 2022 National and Local Elections,Adjusted Appropriations 2025,,,,,2025 DepEd - Adjusted Appro
07,Department of Education (DepEd),001,Office of the Secretary,2000,200000100013,Operational Expenses of the DepEd - Election Task Force,Adjusted Appropriations 2025,0.0,99301000.0,0.0,99301000.0,2025 DepEd - Adjusted Appro
07,Department of Education (DepEd),001,Office of the Secretary,3101,310100100001,National Assessment Systems for Basic Education,Adjusted Appropriations 2025,151589594.82,1311737558.5,351340000.0,1814667153.41,2025 DepEd - Adjusted Appro
07,Department of Education (DepEd),001,Office of the Secretary,3101,310100100002,Policy and Research Program,Adjusted Appropriations 2025,2141898420.89,45021691.93,0.0,2186920112.82,2025 DepEd - Adjusted Appro
07,Department of Education (DepEd),001,Office of the Secretary,3101,310100100003,Basic Education Curriculum,Adjusted Appropriations 2025,180860756.89,5276802075.87,0.0,5457662832.76,2025 DepEd - Adjusted Appro
07,Department of Education (DepEd),001,Office of the Secretary,3101,310100100004,"Curriculum Programs, Learning Management Models, Standards and Strategy Development",Adjusted Appropriations 2025,6845930345.1,3195000.0,0.0,6849125345.1,2025 DepEd - Adjusted Appro
07,Department of Education (DepEd),001,Office of the Secretary,3101,310100100005,Development and Promotion of Campus Journalism,Adjusted Appropriations 2025,0.0,73736032.45,0.0,73736032.45,2025 DepEd - Adjusted Appro
07,Department of Education (DepEd),001,Office of the Secretary,3101,310100100006,National Literacy Policies and Programs,Adjusted Appropriations 2025,3539000.0,23657286.45,0.0,27196286.45,2025 DepEd - Adjusted Appro
07,Department of Education (DepEd),001,Office of the Secretary,3101,310100100007,Early Language Literacy and Numeracy,Adjusted Appropriations 2025,0.0,134080668.61,0.0,134080668.61,2025 DepEd - Adjusted Appro
07,Department of Education (DepEd),001,Office of the Secretary,3102,310200100001,Improvement and Acquisition of School Sites,Adjusted Appropriations 2025,0.0,91700537.48,123370760.0,215071297.48,2025 DepEd - Adjusted Appro
07,Department of Education (DepEd),001,Office of the Secretary,3102,310200100002,New School Personnel Positions,Adjusted Appropriations 2025,31216860904.22,500000000.0,0.0,31716860904.22,2025 DepEd - Adjusted Appro
07,Department of Education (DepEd),001,Office of the Secretary,3102,310200100003,Learning Tools and Equipment,Adjusted Appropriations 2025,0.0,4345074232.02,46077000.0,4391151232.02,2025 DepEd - Adjusted Appro
07,Department of Education (DepEd),001,Office of the Secretary,3102,310200100004,Textbooks and Other Instructional Materials,Adjusted Appropriations 2025,100000000.0,17090968164.78,0.0,17190968164.78,2025 DepEd - Adjusted Appro
07,Department of Education (DepEd),001,Office of the Secretary,3102,310200100005,Computerization Program,Adjusted Appropriations 2025,223425000.0,3148928711.0,419288369.0,3791642080.0,2025 DepEd - Adjusted Appro
07,Department of Education (DepEd),001,Office of the Secretary,3102,310200100006,Basic Education Facilities,Adjusted Appropriations 2025,0.0,5081311000.0,3871363675.33,8952674675.33,2025 DepEd - Adjusted Appro
07,Department of Education (DepEd),001,Office of the Secretary,3102,310200100007,Conservation and Restoration of Gabaldon and Other Heritage School Buildings,Adjusted Appropriations 2025,0.0,0.0,377216678.41,377216678.41,2025 DepEd - Adjusted Appro
07,Department of Education (DepEd),001,Office of the Secretary,3102,310200100010,Quick Response Fund,Adjusted Appropriations 2025,0.0,0.0,2612175731.92,2612175731.92,2025 DepEd - Adjusted Appro
07,Department of Education (DepEd),001,Office of the Secretary,3102,310200100011,Last Mile Schools Program,Adjusted Appropriations 2025,0.0,0.0,565225510.72,565225510.72,2025 DepEd - Adjusted Appro
07,Department of Education (DepEd),001,Office of the Secretary,3102,310200100012,Public Schools Infrastructure Program (PSIP),Adjusted Appropriations 2025,,,,,2025 DepEd - Adjusted Appro
07,Department of Education (DepEd),001,Office of the Secretary,3102,310200200001,Connectivity Enhancement Program for e-Learning in Public Schools,Adjusted Appropriations 2025,0.0,1500000000.0,0.0,1500000000.0,2025 DepEd - Adjusted Appro
07,Department of Education (DepEd),001,Office of the Secretary,3102,310200300001,Infrastructure for Safer and Resilient Schools (ISRS) Project WB Loan No. 9704-PH,Adjusted Appropriations 2025,,,,,2025 DepEd - Adjusted Appro
07,Department of Education (DepEd),001,Office of the Secretary,3103,310300100001,Multigrade Education,Adjusted Appropriations 2025,0.0,195397610.18,0.0,195397610.18,2025 DepEd - Adjusted Appro
07,Department of Education (DepEd),001,Office of the Secretary,3103,310300100002,Indigenous Peoples Education (IPEd) Program,Adjusted Appropriations 2025,0.0,204773965.78,0.0,204773965.78,2025 DepEd - Adjusted Appro
07,Department of Education (DepEd),001,Office of the Secretary,3103,310300100003,Flexible Learning Options (ADM/ALS/EiE),Adjusted Appropriations 2025,0.0,5913635101.79,0.0,5913635101.79,2025 DepEd - Adjusted Appro
07,Department of Education (DepEd),001,Office of the Secretary,3103,310300100004,Madrasah Education Program,Adjusted Appropriations 2025,0.0,541628072.86,0.0,541628072.86,2025 DepEd - Adjusted Appro
07,Department of Education (DepEd),001,Office of the Secretary,3103,310300100005,Special Needs Education Program,Adjusted Appropriations 2025,0.0,1421023104.17,137000000.0,1558023104.17,2025 DepEd - Adjusted Appro
07,Department of Education (DepEd),001,Office of the Secretary,3104,310400100001,School-Based Feeding Program (SBFP),Adjusted Appropriations 2025,0.0,14309382077.24,0.0,14309382077.24,2025 DepEd - Adjusted Appro
07,Department of Education (DepEd),001,Office of the Secretary,3104,310400100002,Operation of Schools - Elementary (Kinder to Grade 6),Adjusted Appropriations 2025,302013348829.2,29177913220.63,0.0,331191262049.83,2025 DepEd - Adjusted Appro
07,Department of Education (DepEd),001,Office of the Secretary,3104,310400100003,Operation of Schools - Junior High School (Grade 7 to Grade 10),Adjusted Appropriations 2025,169309203295.26,14699912770.81,0.0,184009116066.06,2025 DepEd - Adjusted Appro
07,Department of Education (DepEd),001,Office of the Secretary,3104,310400100004,Operation of Schools - Senior High School (Grade 11 to Grade 12),Adjusted Appropriations 2025,51255822548.6,7630419074.39,0.0,58886241622.99,2025 DepEd - Adjusted Appro
07,Department of Education (DepEd),001,Office of the Secretary,3104,310400100005,Government Assistance and Subsidies - Educational Service Contracting (ESC) Program for Private Junior High School (per RA No. 8545),Adjusted Appropriations 2025,,,,,2025 DepEd - Adjusted Appro
07,Department of Education (DepEd),001,Office of the Secretary,3104,310400100006,Government Assistance and Subsidies - Voucher Program for Private Senior High School (per RA No. 10533),Adjusted Appropriations 2025,,,,,2025 DepEd - Adjusted Appro
07,Department of Education (DepEd),001,Office of the Secretary,3104,310400100007,Government Assistance and Subsidies - Voucher Program for Non-DepEd Public High School (per RA No. 10533),Adjusted Appropriations 2025,,,,,2025 DepEd - Adjusted Appro
07,Department of Education (DepEd),001,Office of the Secretary,3104,310400100008,Joint Delivery Voucher for Senior High School Technical Vocational and Livelihood Specializations,Adjusted Appropriations 2025,0.0,1468384358.88,0.0,1468384358.88,2025 DepEd - Adjusted Appro
07,Department of Education (DepEd),001,Office of the Secretary,3104,310400100009,Operational Requirements of Sports Academy and Training Centers,Adjusted Appropriations 2025,7890658643.55,10297184140.15,0.0,18187842783.7,2025 DepEd - Adjusted Appro
07,Department of Education (DepEd),001,Office of the Secretary,3104,310400100010,"Implementation of the Grant of Cash Allowance, Hardship Pay, and Reclassification of Positions",Adjusted Appropriations 2025,,,,,2025 DepEd - Adjusted Appro
07,Department of Education (DepEd),001,Office of the Secretary,3104,310400100011,School Dental Health Care Program,Adjusted Appropriations 2025,,,,,2025 DepEd - Adjusted Appro
07,Department of Education (DepEd),001,Office of the Secretary,3104,310400100013,World Teachers' Day Incentive Benefits,Adjusted Appropriations 2025,930938018.3,0.0,0.0,930938018.3,2025 DepEd - Adjusted Appro
07,Department of Education (DepEd),001,Office of the Secretary,3104,310400100014,Establishment and Operational Requirement of the National Academy of Sports,Adjusted Appropriations 2025,,,,,2025 DepEd - Adjusted Appro
07,Department of Education (DepEd),001,Office of the Secretary,3104,310400100015,Government Assistance and Subsidies - Educational Service Contracting (ESC) Program for Private Junior High School (per R.A. No. 8545),Adjusted Appropriations 2025,0.0,16401767504.43,0.0,16401767504.43,2025 DepEd - Adjusted Appro
07,Department of Education (DepEd),001,Office of the Secretary,3104,310400100016,Government Assistance and Subsidies - Senior High School Voucher Program,Adjusted Appropriations 2025,,,,,2025 DepEd - Adjusted Appro
07,Department of Education (DepEd),001,Office of the Secretary,3104,310400100017,Subsidies - Senior High School Voucher Program,Adjusted Appropriations 2025,0.0,31462255386.57,0.0,31462255386.57,2025 DepEd - Adjusted Appro
07,Department of Education (DepEd),001,Office of the Secretary,3104,310400100018,"Government Assistance and Subsidies - Training and Upgrading Knowledge for Learners, Teachers, and Achievers in Schools (GAS-TUKLAS)",Adjusted Appropriations 2025,,,,,2025 DepEd - Adjusted Appro
07,Department of Education (DepEd),001,Office of the Secretary,3104,310400100019,School Innovation and Improvement Fund (SIIF) to all DepEd Public Schools,Adjusted Appropriations 2025,,,,,2025 DepEd - Adjusted Appro
07,Department of Education (DepEd),001,Office of the Secretary,3105,310500100001,Human Resource Development for Personnel in Schools and Learning Centers,Adjusted Appropriations 2025,43595945.6,3528308179.35,241250717.42,3813154842.37,2025 DepEd - Adjusted Appro
07,Department of Education (DepEd),001,Office of the Secretary,3105,310500100002,Teacher Quality and Development Program,Adjusted Appropriations 2025,18816624.14,114474190.8,14032570.0,147323384.94,2025 DepEd - Adjusted Appro
07,Department of Education (DepEd),001,Office of the Secretary,3105,310500300001,Teacher Effectiveness and Competencies Enhancement Project (TEACEP) WB Loan No. 9481-PH,Adjusted Appropriations 2025,0.0,505024000.0,0.0,505024000.0,2025 DepEd - Adjusted Appro
07,Department of Education (DepEd),002,National Book Development Board,1000,100000100001,General Management and Supervision,Adjusted Appropriations 2025,,,,,2025 DepEd - Adjusted Appro
07,Department of Education (DepEd),002,National Book Development Board,1000,100000100002,Administration of Personnel Benefits,Adjusted Appropriations 2025,,,,,2025 DepEd - Adjusted Appro
07,Department of Education (DepEd),002,National Book Development Board,3101,310100100001,Capacity Building and Trade Promotion Incentives,Adjusted Appropriations 2025,,,,,2025 DepEd - Adjusted Appro
07,Department of Education (DepEd),002,National Book Development Board,3101,310100100002,"Administration of Awards, Grants, and Incentives",Adjusted Appropriations 2025,,,,,2025 DepEd - Adjusted Appro
07,Department of Education (DepEd),002,National Book Development Board,3101,310100100003,"Policy Development, Research, Information System Management, and Information Campaign",Adjusted Appropriations 2025,,,,,2025 DepEd - Adjusted Appro
07,Department of Education (DepEd),003,National Council for Children's Television,1000,100000100001,General Management and Supervision,Adjusted Appropriations 2025,,,,,2025 DepEd - Adjusted Appro
07,Department of Education (DepEd),003,National Council for Children's Television,3101,310100100001,Child-Friendly Television Development Services,Adjusted Appropriations 2025,,,,,2025 DepEd - Adjusted Appro
07,Department of Education (DepEd),004,National Museum of the Philippines,1000,100000100001,General Management and Supervision,Adjusted Appropriations 2025,,,,,2025 DepEd - Adjusted Appro
07,Department of Education (DepEd),004,National Museum of the Philippines,1000,100000100002,Administration of Personnel Benefits,Adjusted Appropriations 2025,,,,,2025 DepEd - Adjusted Appro
07,Department of Education (DepEd),004,National Museum of the Philippines,2000,200000100001,Project Monitoring and Evaluation Services,Adjusted Appropriations 2025,,,,,2025 DepEd - Adjusted Appro
07,Department of Education (DepEd),004,National Museum of the Philippines,3101,310100100001,Management and Development of the National Collections and Related Knowledge Resources (Including Participation to International Meetings and Conferences),Adjusted Appropriations 2025,,,,,2025 DepEd - Adjusted Appro
07,Department of Education (DepEd),004,National Museum of the Philippines,3101,310100100002,"Restoration, Preservation, Protection and Development of Cultural Property",Adjusted Appropriations 2025,,,,,2025 DepEd - Adjusted Appro
07,Department of Education (DepEd),004,National Museum of the Philippines,3101,310100200015,"Restoration of Malacanang sa Sugbo, Cebu City and Converrsion to National Museum Cebu",Adjusted Appropriations 2025,,,,,2025 DepEd - Adjusted Appro
07,Department of Education (DepEd),004,National Museum of the Philippines,3101,310100200016,Development of the National Museum Complex in Manila - Phase 1 (to implement Republic Act No. 11333),Adjusted Appropriations 2025,,,,,2025 DepEd - Adjusted Appro
07,Department of Education (DepEd),004,National Museum of the Philippines,3101,310100200017,"Nightly repair of the Church of Our Lady of Caysasay and associated structures, a declared national cultural treasure in Taal, Batangas",Adjusted Appropriations 2025,,,,,2025 DepEd - Adjusted Appro
07,Department of Education (DepEd),004,National Museum of the Philippines,3101,310100200018,Continuation of Construction of National Museum Building in Davao City,Adjusted Appropriations 2025,,,,,2025 DepEd - Adjusted Appro
07,Department of Education (DepEd),004,National Museum of the Philippines,3101,310100200019,Development of the National Museum Complex in Rizal Park - Manila Phase II,Adjusted Appropriations 2025,,,,,2025 DepEd - Adjusted Appro
07,Department of Education (DepEd),004,National Museum of the Philippines,3101,310100200020,Development of Information Management Systems,Adjusted Appropriations 2025,,,,,2025 DepEd - Adjusted Appro
07,Department of Education (DepEd),004,National Museum of the Philippines,3101,310100200021,"Restoration and Continued Repair of Our Lady of Caysasay Church and Associated Structures (National Cultural Treasure) in Taal, Batangas",Adjusted Appropriations 2025,,,,,2025 DepEd - Adjusted Appro
07,Department of Education (DepEd),004,National Museum of the Philippines,3101,310100200022,"Restoration of the Old Municipal Hall and the Municipal Plaza (Important Cultural Properties) in Balilihan, Bohol",Adjusted Appropriations 2025,,,,,2025 DepEd - Adjusted Appro
07,Department of Education (DepEd),004,National Museum of the Philippines,3101,310100200023,"Development of National Museum Complex, Manila, Phase 3",Adjusted Appropriations 2025,,,,,2025 DepEd - Adjusted Appro
07,Department of Education (DepEd),004,National Museum of the Philippines,3101,310100200024,"Continued Restoration and Site Development of Our Lady of Caysasay Church and Associated Structures in Taal, Batangas, Phase 3",Adjusted Appropriations 2025,,,,,2025 DepEd - Adjusted Appro
07,Department of Education (DepEd),004,National Museum of the Philippines,3101,310100200025,"Rehabilitation of Former United States Air Force (USAF) Hospital in Clark Freeport, Pampanga and Conversion to National Museum of the Philippines Central Luzon, Phase 1",Adjusted Appropriations 2025,,,,,2025 DepEd - Adjusted Appro
07,Department of Education (DepEd),004,National Museum of the Philippines,3101,310100200026,"Construction of National Museum of the Philippines-Baler in Baler, Aurora",Adjusted Appropriations 2025,,,,,2025 DepEd - Adjusted Appro
07,Department of Education (DepEd),004,National Museum of the Philippines,3101,310100200027,Exhibitions and Fit-Out of Various National Museum of the Philippines - Central and Regional Sites,Adjusted Appropriations 2025,,,,,2025 DepEd - Adjusted Appro
07,Department of Education (DepEd),004,National Museum of the Philippines,3101,310100200028,"Rehabilitation of National Museum of the Philippines-Kabayan Burial Cave Site Museum and Satellite Office in Kabayan, Benguet",Adjusted Appropriations 2025,,,,,2025 DepEd - Adjusted Appro
07,Department of Education (DepEd),004,National Museum of the Philippines,3101,310100200029,"Improvement of Rocha House in Sitio Ubos in Tagbilaran City, Bohol (Declared Important Cultural Property)",Adjusted Appropriations 2025,,,,,2025 DepEd - Adjusted Appro
07,Department of Education (DepEd),004,National Museum of the Philippines,3101,310100200030,"Development of National Museum Complex, Manila, Phase IV",Adjusted Appropriations 2025,,,,,2025 DepEd - Adjusted Appro
07,Department of Education (DepEd),004,National Museum of the Philippines,3101,310100200031,"Construction of National Museum of the Philippines-Baler in Baler, Aurora (Phase II)",Adjusted Appropriations 2025,,,,,2025 DepEd - Adjusted Appro
07,Department of Education (DepEd),004,National Museum of the Philippines,3101,310100200032,"Continued Restoration and Site Development of Our Lady of Caysasay Church and Associated Structures in Taal, Batangas, Phase IV",Adjusted Appropriations 2025,,,,,2025 DepEd - Adjusted Appro
07,Department of Education (DepEd),004,National Museum of the Philippines,3101,310100200033,"Repair and Preventive Conservation Maintenance of Casa Rocha (Important Cultural Property) in Tagbilaran City, Bohol",Adjusted Appropriations 2025,,,,,2025 DepEd - Adjusted Appro
07,Department of Education (DepEd),004,National Museum of the Philippines,3101,310100200034,Restoration and Development of NMP Museums and Declared/Associated Heritage Sites in the Visayas,Adjusted Appropriations 2025,,,,,2025 DepEd - Adjusted Appro
07,Department of Education (DepEd),004,National Museum of the Philippines,3101,310100200035,"Rehabilitation of Former United States Air Force (USAF) Hospital in Clark Freeport, Pampanga, and Conversion to National Museum of the Philippines Central Luzon, Phase II",Adjusted Appropriations 2025,,,,,2025 DepEd - Adjusted Appro
07,Department of Education (DepEd),004,National Museum of the Philippines,3101,310100200036,"Completion of Restoration of Our Lady of Caysasay Church and Associated Structures in Taal, Batangas City",Adjusted Appropriations 2025,,,,,2025 DepEd - Adjusted Appro
07,Department of Education (DepEd),004,National Museum of the Philippines,3101,310100200037,"Rehabilitation of National Museum of the Philippines Kabayan Burial Caves Site Museum and Satellite Office in Kabayan, Benguet, Phase II",Adjusted Appropriations 2025,,,,,2025 DepEd - Adjusted Appro
07,Department of Education (DepEd),004,National Museum of the Philippines,3101,310100200038,Completion of the Development of the National Museum Complex in Manila,Adjusted Appropriations 2025,,,,,2025 DepEd - Adjusted Appro
07,Department of Education (DepEd),004,National Museum of the Philippines,3101,310100200039,"Continuation of the Development of NMP-General Aniceto Lacson Ancestral House in Talisay City, Negros Occidental",Adjusted Appropriations 2025,,,,,2025 DepEd - Adjusted Appro
07,Department of Education (DepEd),004,National Museum of the Philippines,3101,310100200040,Rehabilitation of the Sewerage System of the National Museum of Fine Arts (Old Legislative Building),Adjusted Appropriations 2025,,,,,2025 DepEd - Adjusted Appro
07,Department of Education (DepEd),004,National Museum of the Philippines,3101,310100200041,"Development of NMP-Kalibo, Aklan (Phase 1)",Adjusted Appropriations 2025,,,,,2025 DepEd - Adjusted Appro
07,Department of Education (DepEd),004,National Museum of the Philippines,3101,310100200042,"Development of NMP-Koronadal and Lake Sebu, South Cotabato (Phase 1)",Adjusted Appropriations 2025,,,,,2025 DepEd - Adjusted Appro
07,Department of Education (DepEd),004,National Museum of the Philippines,3101,310100200043,"Repair and Restoration of Boljoon Church Complex, Boljoon, Cebu and Development of NMP-Boljoon, Cebu (Phase 1)",Adjusted Appropriations 2025,,,,,2025 DepEd - Adjusted Appro
07,Department of Education (DepEd),004,National Museum of the Philippines,3101,310100200044,"Development of NMP-Paoay, Paoay, Ilocos Norte",Adjusted Appropriations 2025,,,,,2025 DepEd - Adjusted Appro
07,Department of Education (DepEd),004,National Museum of the Philippines,3101,310100200045,"Development of NMP General Ancieto Lacson Ancestral House, Talisay City, Negros Occidental (Phase 2)",Adjusted Appropriations 2025,,,,,2025 DepEd - Adjusted Appro
07,Department of Education (DepEd),004,National Museum of the Philippines,3101,310100200046,"Development of NMP Kalibo, Aklan (Phase 2)",Adjusted Appropriations 2025,,,,,2025 DepEd - Adjusted Appro
07,Department of Education (DepEd),004,National Museum of the Philippines,3101,310100200047,"Development of NMP Koronadal and Lake Sebu, South Cotabato (Phase 2)",Adjusted Appropriations 2025,,,,,2025 DepEd - Adjusted Appro
07,Department of Education (DepEd),004,National Museum of the Philippines,3101,310100200048,Exhibitions and Fit-out of Various National Museum of the Philippines - Central and Regional Sites - Northern Luzon National Museums,Adjusted Appropriations 2025,,,,,2025 DepEd - Adjusted Appro
07,Department of Education (DepEd),005,Philippine High School for the Arts,1000,100000100001,General Management and Supervision,Adjusted Appropriations 2025,,,,,2025 DepEd - Adjusted Appro
07,Department of Education (DepEd),005,Philippine High School for the Arts,1000,100000100002,Administration of Personnel Benefits,Adjusted Appropriations 2025,,,,,2025 DepEd - Adjusted Appro
07,Department of Education (DepEd),005,Philippine High School for the Arts,3101,310100100001,"Operation of Philippine High School for the Arts Including Outreach, Screening, Student Exchange Program with Other Countries and Production Activities",Adjusted Appropriations 2025,,,,,2025 DepEd - Adjusted Appro
07,Department of Education (DepEd),006,Early Childhood Care and Development Council,1000,100000100001,General Management and Supervision,Adjusted Appropriations 2025,,,,,2025 DepEd - Adjusted Appro
07,Department of Education (DepEd),006,Early Childhood Care and Development Council,1000,100000100002,Administration of Personnel Benefits,Adjusted Appropriations 2025,,,,,2025 DepEd - Adjusted Appro
07,Department of Education (DepEd),006,Early Childhood Care and Development Council,3101,310100100001,"Development of Policies, Standards and Guidelines",Adjusted Appropriations 2025,,,,,2025 DepEd - Adjusted Appro
07,Department of Education (DepEd),006,Early Childhood Care and Development Council,3101,310100100002,Capacity-Building and Institutional Development of Intermediaries and Other Partners,Adjusted Appropriations 2025,,,,,2025 DepEd - Adjusted Appro
07,Department of Education (DepEd),006,Early Childhood Care and Development Council,3101,310100100003,Accreditation of ECCD Service Providers,Adjusted Appropriations 2025,,,,,2025 DepEd - Adjusted Appro
07,Department of Education (DepEd),006,Early Childhood Care and Development Council,3101,310100100004,Establishment of National Child Development Centers,Adjusted Appropriations 2025,,,,,2025 DepEd - Adjusted Appro
07,Department of Education (DepEd),007,National Academy of Sports,1000,100000100001,General Management and Supervision,Adjusted Appropriations 2025,,,,,2025 DepEd - Adjusted Appro
07,Department of Education (DepEd),007,National Academy of Sports,1000,100000100002,Administration of Personnel Benefits,Adjusted Appropriations 2025,,,,,2025 DepEd - Adjusted Appro
07,Department of Education (DepEd),007,National Academy of Sports,3101,310100100001,"Promotion, Development, and Implementation of Quality and Enhanced Sports-Integrated Secondary Education Program",Adjusted Appropriations 2025,,,,,2025 DepEd - Adjusted Appro
07,Department of Education (DepEd),008,Teacher Education Council,1000,100000100001,General Management and Supervision,Adjusted Appropriations 2025,,,,,2025 DepEd - Adjusted Appro
07,Department of Education (DepEd),008,Teacher Education Council,3101,310100100001,Quality Teacher Education Services,Adjusted Appropriations 2025,,,,,2025 DepEd - Adjusted Appro
07,Department of Education (DepEd),001,Office of the Secretary,1000,100000100001,General Administration and Support,Adjusted Total Allotments 2025,25426475559.71,9714227935.12,1762669935.09,36903373429.91,2025 DepEd - Adjusted Total All
07,Department of Education (DepEd),001,Office of the Secretary,1000,100000100002,Administration of Personnel Benefits,Adjusted Total Allotments 2025,1602885928.47,0.0,0.0,1602885928.47,2025 DepEd - Adjusted Total All
07,Department of Education (DepEd),001,Office of the Secretary,2000,200000100001,Physical Fitness and School Sports,Adjusted Total Allotments 2025,10633856.88,975348070.16,0.0,985981927.04,2025 DepEd - Adjusted Total All
07,Department of Education (DepEd),001,Office of the Secretary,2000,200000100002,Development and Management of Bilateral and Multilateral Education Projects,Adjusted Total Allotments 2025,21422151.03,11653766.43,0.0,33075917.46,2025 DepEd - Adjusted Total All
07,Department of Education (DepEd),001,Office of the Secretary,2000,200000100003,Management and Administration of Learning Resources,Adjusted Total Allotments 2025,52120547.03,13292211.47,0.0,65412758.5,2025 DepEd - Adjusted Total All
07,Department of Education (DepEd),001,Office of the Secretary,2000,200000100004,Planning and Management Information Systems,Adjusted Total Allotments 2025,129163406.43,55891602.34,0.0,185055008.77,2025 DepEd - Adjusted Total All
07,Department of Education (DepEd),001,Office of the Secretary,2000,200000100005,Education Information and Communication Services,Adjusted Total Allotments 2025,33151161.98,58174854.37,4828000.0,96154016.35,2025 DepEd - Adjusted Total All
07,Department of Education (DepEd),001,Office of the Secretary,2000,200000100006,Learner Support Programs,Adjusted Total Allotments 2025,2435266997.53,620813731.5,0.0,3056080729.03,2025 DepEd - Adjusted Total All
07,Department of Education (DepEd),001,Office of the Secretary,2000,200000100007,Building Partnerships and Linkages Program,Adjusted Total Allotments 2025,12881759.94,120680302.07,0.0,133562062.01,2025 DepEd - Adjusted Total All
07,Department of Education (DepEd),001,Office of the Secretary,2000,200000100008,Legal Services and Development of Education-Related Laws and Rules,Adjusted Total Allotments 2025,33753057.54,75576806.98,0.0,109329864.52,2025 DepEd - Adjusted Total All
07,Department of Education (DepEd),001,Office of the Secretary,2000,200000100009,Child Protection Program,Adjusted Total Allotments 2025,5000000.0,75732211.76,0.0,80732211.76,2025 DepEd - Adjusted Total All
07,Department of Education (DepEd),001,Office of the Secretary,2000,200000100010,Disaster Preparedness and Response Program,Adjusted Total Allotments 2025,30179281.82,1599454372.48,186433297.66,1816066951.96,2025 DepEd - Adjusted Total All
07,Department of Education (DepEd),001,Office of the Secretary,2000,200000100011,Organizational and Professional Development for Non-Teaching Personnel,Adjusted Total Allotments 2025,184671689.08,190125583.02,0.0,374797272.1,2025 DepEd - Adjusted Total All
07,Department of Education (DepEd),001,Office of the Secretary,2000,200000100012,Operational Expenses of the DepEd Task Force on the 2022 National and Local Elections,Adjusted Total Allotments 2025,,,,,2025 DepEd - Adjusted Total All
07,Department of Education (DepEd),001,Office of the Secretary,2000,200000100013,Operational Expenses of the DepEd - Election Task Force,Adjusted Total Allotments 2025,0.0,99301000.0,0.0,99301000.0,2025 DepEd - Adjusted Total All
07,Department of Education (DepEd),001,Office of the Secretary,3101,310100100001,National Assessment Systems for Basic Education,Adjusted Total Allotments 2025,151589594.82,1311737558.59,351340000.0,1814667153.41,2025 DepEd - Adjusted Total All
07,Department of Education (DepEd),001,Office of the Secretary,3101,310100100002,Policy and Research Program,Adjusted Total Allotments 2025,2141898420.89,45021691.93,0.0,2186920112.82,2025 DepEd - Adjusted Total All
07,Department of Education (DepEd),001,Office of the Secretary,3101,310100100003,Basic Education Curriculum,Adjusted Total Allotments 2025,180860756.89,5119802075.87,0.0,5300662832.76,2025 DepEd - Adjusted Total All
07,Department of Education (DepEd),001,Office of the Secretary,3101,310100100004,"Curriculum Programs, Learning Management Models, Standards and Strategy Development",Adjusted Total Allotments 2025,6845930345.1,3195000.0,0.0,6849125345.1,2025 DepEd - Adjusted Total All
07,Department of Education (DepEd),001,Office of the Secretary,3101,310100100005,Development and Promotion of Campus Journalism,Adjusted Total Allotments 2025,0.0,73736032.45,0.0,73736032.45,2025 DepEd - Adjusted Total All
07,Department of Education (DepEd),001,Office of the Secretary,3101,310100100006,National Literacy Policies and Programs,Adjusted Total Allotments 2025,3539000.0,23657286.45,0.0,27196286.45,2025 DepEd - Adjusted Total All
07,Department of Education (DepEd),001,Office of the Secretary,3101,310100100007,Early Language Literacy and Numeracy,Adjusted Total Allotments 2025,0.0,84080668.61,0.0,84080668.61,2025 DepEd - Adjusted Total All
07,Department of Education (DepEd),001,Office of the Secretary,3102,310200100001,Improvement and Acquisition of School Sites,Adjusted Total Allotments 2025,0.0,53700537.48,123370760.0,177071297.48,2025 DepEd - Adjusted Total All
07,Department of Education (DepEd),001,Office of the Secretary,3102,310200100002,New School Personnel Positions,Adjusted Total Allotments 2025,31216860904.22,0.0,0.0,31216860904.22,2025 DepEd - Adjusted Total All
07,Department of Education (DepEd),001,Office of the Secretary,3102,310200100003,Learning Tools and Equipment,Adjusted Total Allotments 2025,0.0,4345074232.02,46077000.0,4391151232.02,2025 DepEd - Adjusted Total All
07,Department of Education (DepEd),001,Office of the Secretary,3102,310200100004,Textbooks and Other Instructional Materials,Adjusted Total Allotments 2025,100000000.0,17090968164.78,0.0,17190968164.78,2025 DepEd - Adjusted Total All
07,Department of Education (DepEd),001,Office of the Secretary,3102,310200100005,Computerization Program,Adjusted Total Allotments 2025,223425000.0,3148928711.0,419288369.0,3791642080.0,2025 DepEd - Adjusted Total All
07,Department of Education (DepEd),001,Office of the Secretary,3102,310200100006,Basic Education Facilities,Adjusted Total Allotments 2025,0.0,5081308010.0,3853185822.33,8934493832.33,2025 DepEd - Adjusted Total All
07,Department of Education (DepEd),001,Office of the Secretary,3102,310200100007,Conservation and Restoration of Gabaldon and Other Heritage School Buildings,Adjusted Total Allotments 2025,0.0,0.0,377216678.41,377216678.41,2025 DepEd - Adjusted Total All
07,Department of Education (DepEd),001,Office of the Secretary,3102,310200100010,Quick Response Fund,Adjusted Total Allotments 2025,0.0,0.0,2612175731.92,2612175731.92,2025 DepEd - Adjusted Total All
07,Department of Education (DepEd),001,Office of the Secretary,3102,310200100011,Last Mile Schools Program,Adjusted Total Allotments 2025,0.0,0.0,563340688.72,563340688.72,2025 DepEd - Adjusted Total All
07,Department of Education (DepEd),001,Office of the Secretary,3102,310200100012,Public Schools Infrastructure Program (PSIP),Adjusted Total Allotments 2025,,,,,2025 DepEd - Adjusted Total All
07,Department of Education (DepEd),001,Office of the Secretary,3102,310200200001,Connectivity Enhancement Program for e-Learning in Public Schools,Adjusted Total Allotments 2025,0.0,1500000000.0,0.0,1500000000.0,2025 DepEd - Adjusted Total All
07,Department of Education (DepEd),001,Office of the Secretary,3102,310200300001,Infrastructure for Safer and Resilient Schools (ISRS) Project WB Loan No. 9704-PH,Adjusted Total Allotments 2025,,,,,2025 DepEd - Adjusted Total All
07,Department of Education (DepEd),001,Office of the Secretary,3103,310300100001,Multigrade Education,Adjusted Total Allotments 2025,0.0,195397610.18,0.0,195397610.18,2025 DepEd - Adjusted Total All
07,Department of Education (DepEd),001,Office of the Secretary,3103,310300100002,Indigenous Peoples Education (IPEd) Program,Adjusted Total Allotments 2025,0.0,124681965.78,0.0,124681965.78,2025 DepEd - Adjusted Total All
07,Department of Education (DepEd),001,Office of the Secretary,3103,310300100003,Flexible Learning Options (ADM/ALS/EiE),Adjusted Total Allotments 2025,0.0,5913635101.79,0.0,5913635101.79,2025 DepEd - Adjusted Total All
07,Department of Education (DepEd),001,Office of the Secretary,3103,310300100004,Madrasah Education Program,Adjusted Total Allotments 2025,0.0,541628072.86,0.0,541628072.86,2025 DepEd - Adjusted Total All
07,Department of Education (DepEd),001,Office of the Secretary,3103,310300100005,Special Needs Education Program,Adjusted Total Allotments 2025,0.0,1358023104.17,0.0,1358023104.17,2025 DepEd - Adjusted Total All
07,Department of Education (DepEd),001,Office of the Secretary,3104,310400100001,School-Based Feeding Program (SBFP),Adjusted Total Allotments 2025,0.0,14309382077.24,0.0,14309382077.24,2025 DepEd - Adjusted Total All
07,Department of Education (DepEd),001,Office of the Secretary,3104,310400100002,Operation of Schools - Elementary (Kinder to Grade 6),Adjusted Total Allotments 2025,302013348829.2,29177913220.63,0.0,331191262049.83,2025 DepEd - Adjusted Total All
07,Department of Education (DepEd),001,Office of the Secretary,3104,310400100003,Operation of Schools - Junior High School (Grade 7 to Grade 10),Adjusted Total Allotments 2025,169309203295.26,14699912770.81,0.0,184009116066.06,2025 DepEd - Adjusted Total All
07,Department of Education (DepEd),001,Office of the Secretary,3104,310400100004,Operation of Schools - Senior High School (Grade 11 to Grade 12),Adjusted Total Allotments 2025,51255822548.6,7630419074.39,0.0,58886241622.99,2025 DepEd - Adjusted Total All
07,Department of Education (DepEd),001,Office of the Secretary,3104,310400100005,Government Assistance and Subsidies - Educational Service Contracting (ESC) Program for Private Junior High School (per RA No. 8545),Adjusted Total Allotments 2025,,,,,2025 DepEd - Adjusted Total All
07,Department of Education (DepEd),001,Office of the Secretary,3104,310400100006,Government Assistance and Subsidies - Voucher Program for Private Senior High School (per RA No. 10533),Adjusted Total Allotments 2025,,,,,2025 DepEd - Adjusted Total All
07,Department of Education (DepEd),001,Office of the Secretary,3104,310400100007,Government Assistance and Subsidies - Voucher Program for Non-DepEd Public High School (per RA No. 10533),Adjusted Total Allotments 2025,,,,,2025 DepEd - Adjusted Total All
07,Department of Education (DepEd),001,Office of the Secretary,3104,310400100008,Joint Delivery Voucher for Senior High School Technical Vocational and Livelihood Specializations,Adjusted Total Allotments 2025,0.0,1468384358.88,0.0,1468384358.88,2025 DepEd - Adjusted Total All
07,Department of Education (DepEd),001,Office of the Secretary,3104,310400100009,Operational Requirements of Sports Academy and Training Centers,Adjusted Total Allotments 2025,7855658643.55,10297184140.15,0.0,18152842783.7,2025 DepEd - Adjusted Total All
07,Department of Education (DepEd),001,Office of the Secretary,3104,310400100010,"Implementation of the Grant of Cash Allowance, Hardship Pay, and Reclassification of Positions",Adjusted Total Allotments 2025,,,,,2025 DepEd - Adjusted Total All
07,Department of Education (DepEd),001,Office of the Secretary,3104,310400100011,School Dental Health Care Program,Adjusted Total Allotments 2025,,,,,2025 DepEd - Adjusted Total All
07,Department of Education (DepEd),001,Office of the Secretary,3104,310400100013,World Teachers' Day Incentive Benefits,Adjusted Total Allotments 2025,930938018.3,0.0,0.0,930938018.3,2025 DepEd - Adjusted Total All
07,Department of Education (DepEd),001,Office of the Secretary,3104,310400100014,Establishment and Operational Requirement of the National Academy of Sports,Adjusted Total Allotments 2025,,,,,2025 DepEd - Adjusted Total All
07,Department of Education (DepEd),001,Office of the Secretary,3104,310400100015,Government Assistance and Subsidies - Educational Service Contracting (ESC) Program for Private Junior High School (per R.A. No. 8545),Adjusted Total Allotments 2025,0.0,16401767504.43,0.0,16401767504.43,2025 DepEd - Adjusted Total All
07,Department of Education (DepEd),001,Office of the Secretary,3104,310400100016,Government Assistance and Subsidies - Senior High School Voucher Program,Adjusted Total Allotments 2025,,,,,2025 DepEd - Adjusted Total All
07,Department of Education (DepEd),001,Office of the Secretary,3104,310400100017,Subsidies - Senior High School Voucher Program,Adjusted Total Allotments 2025,0.0,31462255386.57,0.0,31462255386.57,2025 DepEd - Adjusted Total All
07,Department of Education (DepEd),001,Office of the Secretary,3104,310400100018,"Government Assistance and Subsidies - Training and Upgrading Knowledge for Learners, Teachers, and Achievers in Schools (GAS-TUKLAS)",Adjusted Total Allotments 2025,,,,,2025 DepEd - Adjusted Total All
07,Department of Education (DepEd),001,Office of the Secretary,3104,310400100019,School Innovation and Improvement Fund (SIIF) to all DepEd Public Schools,Adjusted Total Allotments 2025,,,,,2025 DepEd - Adjusted Total All
07,Department of Education (DepEd),001,Office of the Secretary,3105,310500100001,Human Resource Development for Personnel in Schools and Learning Centers,Adjusted Total Allotments 2025,43595945.6,3528308179.35,241250717.42,3813154842.37,2025 DepEd - Adjusted Total All
07,Department of Education (DepEd),001,Office of the Secretary,3105,310500100002,Teacher Quality and Development Program,Adjusted Total Allotments 2025,18816624.14,114474190.8,14032570.0,147323384.94,2025 DepEd - Adjusted Total All
07,Department of Education (DepEd),001,Office of the Secretary,3105,310500300001,Teacher Effectiveness and Competencies Enhancement Project (TEACEP) WB Loan No. 9481-PH,Adjusted Total Allotments 2025,0.0,505024000.0,0.0,505024000.0,2025 DepEd - Adjusted Total All
07,Department of Education (DepEd),002,National Book Development Board,1000,100000100001,General Management and Supervision,Adjusted Total Allotments 2025,,,,,2025 DepEd - Adjusted Total All
07,Department of Education (DepEd),002,National Book Development Board,1000,100000100002,Administration of Personnel Benefits,Adjusted Total Allotments 2025,,,,,2025 DepEd - Adjusted Total All
07,Department of Education (DepEd),002,National Book Development Board,3101,310100100001,Capacity Building and Trade Promotion Incentives,Adjusted Total Allotments 2025,,,,,2025 DepEd - Adjusted Total All
07,Department of Education (DepEd),002,National Book Development Board,3101,310100100002,"Administration of Awards, Grants, and Incentives",Adjusted Total Allotments 2025,,,,,2025 DepEd - Adjusted Total All
07,Department of Education (DepEd),002,National Book Development Board,3101,310100100003,"Policy Development, Research, Information System Management, and Information Campaign",Adjusted Total Allotments 2025,,,,,2025 DepEd - Adjusted Total All
07,Department of Education (DepEd),003,National Council for Children's Television,1000,100000100001,General Management and Supervision,Adjusted Total Allotments 2025,,,,,2025 DepEd - Adjusted Total All
07,Department of Education (DepEd),003,National Council for Children's Television,3101,310100100001,Child-Friendly Television Development Services,Adjusted Total Allotments 2025,,,,,2025 DepEd - Adjusted Total All
07,Department of Education (DepEd),004,National Museum of the Philippines,1000,100000100001,General Management and Supervision,Adjusted Total Allotments 2025,,,,,2025 DepEd - Adjusted Total All
07,Department of Education (DepEd),004,National Museum of the Philippines,1000,100000100002,Administration of Personnel Benefits,Adjusted Total Allotments 2025,,,,,2025 DepEd - Adjusted Total All
07,Department of Education (DepEd),004,National Museum of the Philippines,2000,200000100001,Project Monitoring and Evaluation Services,Adjusted Total Allotments 2025,,,,,2025 DepEd - Adjusted Total All
07,Department of Education (DepEd),004,National Museum of the Philippines,3101,310100100001,Management and Development of the National Collections and Related Knowledge Resources (Including Participation to International Meetings and Conferences),Adjusted Total Allotments 2025,,,,,2025 DepEd - Adjusted Total All
07,Department of Education (DepEd),004,National Museum of the Philippines,3101,310100100002,"Restoration, Preservation, Protection and Development of Cultural Property",Adjusted Total Allotments 2025,,,,,2025 DepEd - Adjusted Total All
07,Department of Education (DepEd),004,National Museum of the Philippines,3101,310100200015,"Restoration of Malacanang sa Sugbo, Cebu City and Converrsion to National Museum Cebu",Adjusted Total Allotments 2025,,,,,2025 DepEd - Adjusted Total All
07,Department of Education (DepEd),004,National Museum of the Philippines,3101,310100200016,Development of the National Museum Complex in Manila - Phase 1 (to implement Republic Act No. 11333),Adjusted Total Allotments 2025,,,,,2025 DepEd - Adjusted Total All
07,Department of Education (DepEd),004,National Museum of the Philippines,3101,310100200017,"Nightly repair of the Church of Our Lady of Caysasay and associated structures, a declared national cultural treasure in Taal, Batangas",Adjusted Total Allotments 2025,,,,,2025 DepEd - Adjusted Total All
07,Department of Education (DepEd),004,National Museum of the Philippines,3101,310100200018,Continuation of Construction of National Museum Building in Davao City,Adjusted Total Allotments 2025,,,,,2025 DepEd - Adjusted Total All
07,Department of Education (DepEd),004,National Museum of the Philippines,3101,310100200019,Development of the National Museum Complex in Rizal Park - Manila Phase II,Adjusted Total Allotments 2025,,,,,2025 DepEd - Adjusted Total All
07,Department of Education (DepEd),004,National Museum of the Philippines,3101,310100200020,Development of Information Management Systems,Adjusted Total Allotments 2025,,,,,2025 DepEd - Adjusted Total All
07,Department of Education (DepEd),004,National Museum of the Philippines,3101,310100200021,"Restoration and Continued Repair of Our Lady of Caysasay Church and Associated Structures (National Cultural Treasure) in Taal, Batangas",Adjusted Total Allotments 2025,,,,,2025 DepEd - Adjusted Total All
07,Department of Education (DepEd),004,National Museum of the Philippines,3101,310100200022,"Restoration of the Old Municipal Hall and the Municipal Plaza (Important Cultural Properties) in Balilihan, Bohol",Adjusted Total Allotments 2025,,,,,2025 DepEd - Adjusted Total All
07,Department of Education (DepEd),004,National Museum of the Philippines,3101,310100200023,"Development of National Museum Complex, Manila, Phase 3",Adjusted Total Allotments 2025,,,,,2025 DepEd - Adjusted Total All
07,Department of Education (DepEd),004,National Museum of the Philippines,3101,310100200024,"Continued Restoration and Site Development of Our Lady of Caysasay Church and Associated Structures in Taal, Batangas, Phase 3",Adjusted Total Allotments 2025,,,,,2025 DepEd - Adjusted Total All
07,Department of Education (DepEd),004,National Museum of the Philippines,3101,310100200025,"Rehabilitation of Former United States Air Force (USAF) Hospital in Clark Freeport, Pampanga and Conversion to National Museum of the Philippines Central Luzon, Phase 1",Adjusted Total Allotments 2025,,,,,2025 DepEd - Adjusted Total All
07,Department of Education (DepEd),004,National Museum of the Philippines,3101,310100200026,"Construction of National Museum of the Philippines-Baler in Baler, Aurora",Adjusted Total Allotments 2025,,,,,2025 DepEd - Adjusted Total All
07,Department of Education (DepEd),004,National Museum of the Philippines,3101,310100200027,Exhibitions and Fit-Out of Various National Museum of the Philippines - Central and Regional Sites,Adjusted Total Allotments 2025,,,,,2025 DepEd - Adjusted Total All
07,Department of Education (DepEd),004,National Museum of the Philippines,3101,310100200028,"Rehabilitation of National Museum of the Philippines-Kabayan Burial Cave Site Museum and Satellite Office in Kabayan, Benguet",Adjusted Total Allotments 2025,,,,,2025 DepEd - Adjusted Total All
07,Department of Education (DepEd),004,National Museum of the Philippines,3101,310100200029,"Improvement of Rocha House in Sitio Ubos in Tagbilaran City, Bohol (Declared Important Cultural Property)",Adjusted Total Allotments 2025,,,,,2025 DepEd - Adjusted Total All
07,Department of Education (DepEd),004,National Museum of the Philippines,3101,310100200030,"Development of National Museum Complex, Manila, Phase IV",Adjusted Total Allotments 2025,,,,,2025 DepEd - Adjusted Total All
07,Department of Education (DepEd),004,National Museum of the Philippines,3101,310100200031,"Construction of National Museum of the Philippines-Baler in Baler, Aurora (Phase II)",Adjusted Total Allotments 2025,,,,,2025 DepEd - Adjusted Total All
07,Department of Education (DepEd),004,National Museum of the Philippines,3101,310100200032,"Continued Restoration and Site Development of Our Lady of Caysasay Church and Associated Structures in Taal, Batangas, Phase IV",Adjusted Total Allotments 2025,,,,,2025 DepEd - Adjusted Total All
07,Department of Education (DepEd),004,National Museum of the Philippines,3101,310100200033,"Repair and Preventive Conservation Maintenance of Casa Rocha (Important Cultural Property) in Tagbilaran City, Bohol",Adjusted Total Allotments 2025,,,,,2025 DepEd - Adjusted Total All
07,Department of Education (DepEd),004,National Museum of the Philippines,3101,310100200034,Restoration and Development of NMP Museums and Declared/Associated Heritage Sites in the Visayas,Adjusted Total Allotments 2025,,,,,2025 DepEd - Adjusted Total All
07,Department of Education (DepEd),004,National Museum of the Philippines,3101,310100200035,"Rehabilitation of Former United States Air Force (USAF) Hospital in Clark Freeport, Pampanga, and Conversion to National Museum of the Philippines Central Luzon, Phase II",Adjusted Total Allotments 2025,,,,,2025 DepEd - Adjusted Total All
07,Department of Education (DepEd),004,National Museum of the Philippines,3101,310100200036,"Completion of Restoration of Our Lady of Caysasay Church and Associated Structures in Taal, Batangas City",Adjusted Total Allotments 2025,,,,,2025 DepEd - Adjusted Total All
07,Department of Education (DepEd),004,National Museum of the Philippines,3101,310100200037,"Rehabilitation of National Museum of the Philippines Kabayan Burial Caves Site Museum and Satellite Office in Kabayan, Benguet, Phase II",Adjusted Total Allotments 2025,,,,,2025 DepEd - Adjusted Total All
07,Department of Education (DepEd),004,National Museum of the Philippines,3101,310100200038,Completion of the Development of the National Museum Complex in Manila,Adjusted Total Allotments 2025,,,,,2025 DepEd - Adjusted Total All
07,Department of Education (DepEd),004,National Museum of the Philippines,3101,310100200039,"Continuation of the Development of NMP-General Aniceto Lacson Ancestral House in Talisay City, Negros Occidental",Adjusted Total Allotments 2025,,,,,2025 DepEd - Adjusted Total All
07,Department of Education (DepEd),004,National Museum of the Philippines,3101,310100200040,Rehabilitation of the Sewerage System of the National Museum of Fine Arts (Old Legislative Building),Adjusted Total Allotments 2025,,,,,2025 DepEd - Adjusted Total All
07,Department of Education (DepEd),004,National Museum of the Philippines,3101,310100200041,"Development of NMP-Kalibo, Aklan (Phase 1)",Adjusted Total Allotments 2025,,,,,2025 DepEd - Adjusted Total All
07,Department of Education (DepEd),004,National Museum of the Philippines,3101,310100200042,"Development of NMP-Koronadal and Lake Sebu, South Cotabato (Phase 1)",Adjusted Total Allotments 2025,,,,,2025 DepEd - Adjusted Total All
07,Department of Education (DepEd),004,National Museum of the Philippines,3101,310100200043,"Repair and Restoration of Boljoon Church Complex, Boljoon, Cebu and Development of NMP-Boljoon, Cebu (Phase 1)",Adjusted Total Allotments 2025,,,,,2025 DepEd - Adjusted Total All
07,Department of Education (DepEd),004,National Museum of the Philippines,3101,310100200044,"Development of NMP-Paoay, Paoay, Ilocos Norte",Adjusted Total Allotments 2025,,,,,2025 DepEd - Adjusted Total All
07,Department of Education (DepEd),004,National Museum of the Philippines,3101,310100200045,"Development of NMP General Ancieto Lacson Ancestral House, Talisay City, Negros Occidental (Phase 2)",Adjusted Total Allotments 2025,,,,,2025 DepEd - Adjusted Total All
07,Department of Education (DepEd),004,National Museum of the Philippines,3101,310100200046,"Development of NMP Kalibo, Aklan (Phase 2)",Adjusted Total Allotments 2025,,,,,2025 DepEd - Adjusted Total All
07,Department of Education (DepEd),004,National Museum of the Philippines,3101,310100200047,"Development of NMP Koronadal and Lake Sebu, South Cotabato (Phase 2)",Adjusted Total Allotments 2025,,,,,2025 DepEd - Adjusted Total All
07,Department of Education (DepEd),004,National Museum of the Philippines,3101,310100200048,Exhibitions and Fit-out of Various National Museum of the Philippines - Central and Regional Sites - Northern Luzon National Museums,Adjusted Total Allotments 2025,,,,,2025 DepEd - Adjusted Total All
07,Department of Education (DepEd),005,Philippine High School for the Arts,1000,100000100001,General Management and Supervision,Adjusted Total Allotments 2025,,,,,2025 DepEd - Adjusted Total All
07,Department of Education (DepEd),005,Philippine High School for the Arts,1000,100000100002,Administration of Personnel Benefits,Adjusted Total Allotments 2025,,,,,2025 DepEd - Adjusted Total All
07,Department of Education (DepEd),005,Philippine High School for the Arts,3101,310100100001,"Operation of Philippine High School for the Arts Including Outreach, Screening, Student Exchange Program with Other Countries and Production Activities",Adjusted Total Allotments 2025,,,,,2025 DepEd - Adjusted Total All
07,Department of Education (DepEd),006,Early Childhood Care and Development Council,1000,100000100001,General Management and Supervision,Adjusted Total Allotments 2025,,,,,2025 DepEd - Adjusted Total All
07,Department of Education (DepEd),006,Early Childhood Care and Development Council,1000,100000100002,Administration of Personnel Benefits,Adjusted Total Allotments 2025,,,,,2025 DepEd - Adjusted Total All
07,Department of Education (DepEd),006,Early Childhood Care and Development Council,3101,310100100001,"Development of Policies, Standards and Guidelines",Adjusted Total Allotments 2025,,,,,2025 DepEd - Adjusted Total All
07,Department of Education (DepEd),006,Early Childhood Care and Development Council,3101,310100100002,Capacity-Building and Institutional Development of Intermediaries and Other Partners,Adjusted Total Allotments 2025,,,,,2025 DepEd - Adjusted Total All
07,Department of Education (DepEd),006,Early Childhood Care and Development Council,3101,310100100003,Accreditation of ECCD Service Providers,Adjusted Total Allotments 2025,,,,,2025 DepEd - Adjusted Total All
07,Department of Education (DepEd),006,Early Childhood Care and Development Council,3101,310100100004,Establishment of National Child Development Centers,Adjusted Total Allotments 2025,,,,,2025 DepEd - Adjusted Total All
07,Department of Education (DepEd),007,National Academy of Sports,1000,100000100001,General Management and Supervision,Adjusted Total Allotments 2025,,,,,2025 DepEd - Adjusted Total All
07,Department of Education (DepEd),007,National Academy of Sports,1000,100000100002,Administration of Personnel Benefits,Adjusted Total Allotments 2025,,,,,2025 DepEd - Adjusted Total All
07,Department of Education (DepEd),007,National Academy of Sports,3101,310100100001,"Promotion, Development, and Implementation of Quality and Enhanced Sports-Integrated Secondary Education Program",Adjusted Total Allotments 2025,,,,,2025 DepEd - Adjusted Total All
07,Department of Education (DepEd),008,Teacher Education Council,1000,100000100001,General Management and Supervision,Adjusted Total Allotments 2025,,,,,2025 DepEd - Adjusted Total All
07,Department of Education (DepEd),008,Teacher Education Council,3101,310100100001,Quality Teacher Education Services,Adjusted Total Allotments 2025,,,,,2025 DepEd - Adjusted Total All
07,Department of Education (DepEd),001,Office of the Secretary,1000,100000100001,General Administration and Support,Obligations 2025,25020843552.72,8848101855.13,1310516081.68,35179461489.53,2025 DepEd - Obligations
07,Department of Education (DepEd),001,Office of the Secretary,1000,100000100002,Administration of Personnel Benefits,Obligations 2025,1499939745.17,0.0,0.0,1499939745.17,2025 DepEd - Obligations
07,Department of Education (DepEd),001,Office of the Secretary,2000,200000100001,Physical Fitness and School Sports,Obligations 2025,10555234.82,794212898.89,0.0,804768133.71,2025 DepEd - Obligations
07,Department of Education (DepEd),001,Office of the Secretary,2000,200000100002,Development and Management of Bilateral and Multilateral Education Projects,Obligations 2025,21412546.73,6033385.52,0.0,27445932.25,2025 DepEd - Obligations
07,Department of Education (DepEd),001,Office of the Secretary,2000,200000100003,Management and Administration of Learning Resources,Obligations 2025,52120547.03,7120439.67,0.0,59240986.7,2025 DepEd - Obligations
07,Department of Education (DepEd),001,Office of the Secretary,2000,200000100004,Planning and Management Information Systems,Obligations 2025,128286802.03,32025991.4,0.0,160312793.43,2025 DepEd - Obligations
07,Department of Education (DepEd),001,Office of the Secretary,2000,200000100005,Education Information and Communication Services,Obligations 2025,33151161.98,24399107.55,0.0,57550269.53,2025 DepEd - Obligations
07,Department of Education (DepEd),001,Office of the Secretary,2000,200000100006,Learner Support Programs,Obligations 2025,2417553963.25,404623267.15,0.0,2822177230.4,2025 DepEd - Obligations
07,Department of Education (DepEd),001,Office of the Secretary,2000,200000100007,Building Partnerships and Linkages Program,Obligations 2025,12881759.94,94167999.73,0.0,107049759.67,2025 DepEd - Obligations
07,Department of Education (DepEd),001,Office of the Secretary,2000,200000100008,Legal Services and Development of Education-Related Laws and Rules,Obligations 2025,33753057.54,69525714.13,0.0,103278771.67,2025 DepEd - Obligations
07,Department of Education (DepEd),001,Office of the Secretary,2000,200000100009,Child Protection Program,Obligations 2025,5000000.0,62948325.15,0.0,67948325.15,2025 DepEd - Obligations
07,Department of Education (DepEd),001,Office of the Secretary,2000,200000100010,Disaster Preparedness and Response Program,Obligations 2025,30179281.82,1381400535.83,9068977.8,1420648795.45,2025 DepEd - Obligations
07,Department of Education (DepEd),001,Office of the Secretary,2000,200000100011,Organizational and Professional Development for Non-Teaching Personnel,Obligations 2025,184300678.63,104630404.79,0.0,288931083.42,2025 DepEd - Obligations
07,Department of Education (DepEd),001,Office of the Secretary,2000,200000100012,Operational Expenses of the DepEd Task Force on the 2022 National and Local Elections,Obligations 2025,,,,,2025 DepEd - Obligations
07,Department of Education (DepEd),001,Office of the Secretary,2000,200000100013,Operational Expenses of the DepEd - Election Task Force,Obligations 2025,0.0,52055992.9,0.0,52055992.9,2025 DepEd - Obligations
07,Department of Education (DepEd),001,Office of the Secretary,3101,310100100001,National Assessment Systems for Basic Education,Obligations 2025,151589594.82,884450326.8,0.0,1240150769.27,2025 DepEd - Obligations
07,Department of Education (DepEd),001,Office of the Secretary,3101,310100100002,Policy and Research Program,Obligations 2025,2131170759.9,35752307.85,0.0,2166923067.75,2025 DepEd - Obligations
07,Department of Education (DepEd),001,Office of the Secretary,3101,310100100003,Basic Education Curriculum,Obligations 2025,180860756.89,3859835582.4,0.0,4040696339.29,2025 DepEd - Obligations
07,Department of Education (DepEd),001,Office of the Secretary,3101,310100100004,"Curriculum Programs, Learning Management Models, Standards and Strategy Development",Obligations 2025,6828816240.85,0.0,0.0,6828816240.85,2025 DepEd - Obligations
07,Department of Education (DepEd),001,Office of the Secretary,3101,310100100005,Development and Promotion of Campus Journalism,Obligations 2025,0.0,65336131.42,0.0,65336131.42,2025 DepEd - Obligations
07,Department of Education (DepEd),001,Office of the Secretary,3101,310100100006,National Literacy Policies and Programs,Obligations 2025,3488444.81,16663807.56,0.0,20152252.37,2025 DepEd - Obligations
07,Department of Education (DepEd),001,Office of the Secretary,3101,310100100007,Early Language Literacy and Numeracy,Obligations 2025,0.0,58814634.98,0.0,58814634.98,2025 DepEd - Obligations
07,Department of Education (DepEd),001,Office of the Secretary,3102,310200100001,Improvement and Acquisition of School Sites,Obligations 2025,0.0,31602797.75,66032189.53,97634987.28,2025 DepEd - Obligations
07,Department of Education (DepEd),001,Office of the Secretary,3102,310200100002,New School Personnel Positions,Obligations 2025,30875253371.04,0.0,0.0,30875253371.04,2025 DepEd - Obligations
07,Department of Education (DepEd),001,Office of the Secretary,3102,310200100003,Learning Tools and Equipment,Obligations 2025,0.0,2141690190.6,,2141690190.6,2025 DepEd - Obligations
07,Department of Education (DepEd),001,Office of the Secretary,3102,310200100004,Textbooks and Other Instructional Materials,Obligations 2025,100000000.0,9882380632.67,0.0,9982380632.67,2025 DepEd - Obligations
07,Department of Education (DepEd),001,Office of the Secretary,3102,310200100005,Computerization Program,Obligations 2025,221225751.25,2907106542.15,389307025.08,3517639318.48,2025 DepEd - Obligations
07,Department of Education (DepEd),001,Office of the Secretary,3102,310200100006,Basic Education Facilities,Obligations 2025,0.0,2301692036.8,3447838281.67,5749530318.47,2025 DepEd - Obligations
07,Department of Education (DepEd),001,Office of the Secretary,3102,310200100007,Conservation and Restoration of Gabaldon and Other Heritage School Buildings,Obligations 2025,0.0,0.0,340578203.91,340578203.91,2025 DepEd - Obligations
07,Department of Education (DepEd),001,Office of the Secretary,3102,310200100010,Quick Response Fund,Obligations 2025,0.0,0.0,2595612381.34,2595612381.34,2025 DepEd - Obligations
07,Department of Education (DepEd),001,Office of the Secretary,3102,310200100011,Last Mile Schools Program,Obligations 2025,0.0,0.0,544450205.26,544450205.26,2025 DepEd - Obligations
07,Department of Education (DepEd),001,Office of the Secretary,3102,310200100012,Public Schools Infrastructure Program (PSIP),Obligations 2025,,,,,2025 DepEd - Obligations
07,Department of Education (DepEd),001,Office of the Secretary,3102,310200200001,Connectivity Enhancement Program for e-Learning in Public Schools,Obligations 2025,0.0,1500000000.0,0.0,1500000000.0,2025 DepEd - Obligations
07,Department of Education (DepEd),001,Office of the Secretary,3102,310200300001,Infrastructure for Safer and Resilient Schools (ISRS) Project WB Loan No. 9704-PH,Obligations 2025,,,,,2025 DepEd - Obligations
07,Department of Education (DepEd),001,Office of the Secretary,3103,310300100001,Multigrade Education,Obligations 2025,0.0,108917649.81,0.0,108917649.81,2025 DepEd - Obligations
07,Department of Education (DepEd),001,Office of the Secretary,3103,310300100002,Indigenous Peoples Education (IPEd) Program,Obligations 2025,0.0,102384899.76,0.0,102384899.76,2025 DepEd - Obligations
07,Department of Education (DepEd),001,Office of the Secretary,3103,310300100003,Flexible Learning Options (ADM/ALS/EiE),Obligations 2025,0.0,5083147754.93,0.0,5083147754.93,2025 DepEd - Obligations
07,Department of Education (DepEd),001,Office of the Secretary,3103,310300100004,Madrasah Education Program,Obligations 2025,0.0,494536911.92,0.0,494536911.92,2025 DepEd - Obligations
07,Department of Education (DepEd),001,Office of the Secretary,3103,310300100005,Special Needs Education Program,Obligations 2025,0.0,948186417.94,0.0,948186417.94,2025 DepEd - Obligations
07,Department of Education (DepEd),001,Office of the Secretary,3104,310400100001,School-Based Feeding Program (SBFP),Obligations 2025,0.0,12995146241.4,0.0,12995146241.4,2025 DepEd - Obligations
07,Department of Education (DepEd),001,Office of the Secretary,3104,310400100002,Operation of Schools - Elementary (Kinder to Grade 6),Obligations 2025,301891688055.36,28373696828.36,0.0,330265384883.73,2025 DepEd - Obligations
07,Department of Education (DepEd),001,Office of the Secretary,3104,310400100003,Operation of Schools - Junior High School (Grade 7 to Grade 10),Obligations 2025,168903176787.43,13916014348.17,0.0,182819191135.59,2025 DepEd - Obligations
07,Department of Education (DepEd),001,Office of the Secretary,3104,310400100004,Operation of Schools - Senior High School (Grade 11 to Grade 12),Obligations 2025,51217421685.54,6922506236.4,0.0,58139927921.95,2025 DepEd - Obligations
07,Department of Education (DepEd),001,Office of the Secretary,3104,310400100005,Government Assistance and Subsidies - Educational Service Contracting (ESC) Program for Private Junior High School (per RA No. 8545),Obligations 2025,,,,,2025 DepEd - Obligations
07,Department of Education (DepEd),001,Office of the Secretary,3104,310400100006,Government Assistance and Subsidies - Voucher Program for Private Senior High School (per RA No. 10533),Obligations 2025,,,,,2025 DepEd - Obligations
07,Department of Education (DepEd),001,Office of the Secretary,3104,310400100007,Government Assistance and Subsidies - Voucher Program for Non-DepEd Public High School (per RA No. 10533),Obligations 2025,,,,,2025 DepEd - Obligations
07,Department of Education (DepEd),001,Office of the Secretary,3104,310400100008,Joint Delivery Voucher for Senior High School Technical Vocational and Livelihood Specializations,Obligations 2025,0.0,1376237464.02,0.0,1376237464.02,2025 DepEd - Obligations
07,Department of Education (DepEd),001,Office of the Secretary,3104,310400100009,Operational Requirements of Sports Academy and Training Centers,Obligations 2025,7790697531.64,8947487025.84,0.0,16738184557.48,2025 DepEd - Obligations
07,Department of Education (DepEd),001,Office of the Secretary,3104,310400100010,"Implementation of the Grant of Cash Allowance, Hardship Pay, and Reclassification of Positions",Obligations 2025,,,,,2025 DepEd - Obligations
07,Department of Education (DepEd),001,Office of the Secretary,3104,310400100011,School Dental Health Care Program,Obligations 2025,,,,,2025 DepEd - Obligations
07,Department of Education (DepEd),001,Office of the Secretary,3104,310400100013,World Teachers' Day Incentive Benefits,Obligations 2025,925681465.4,0.0,0.0,925681465.4,2025 DepEd - Obligations
07,Department of Education (DepEd),001,Office of the Secretary,3104,310400100014,Establishment and Operational Requirement of the National Academy of Sports,Obligations 2025,,,,,2025 DepEd - Obligations
07,Department of Education (DepEd),001,Office of the Secretary,3104,310400100015,Government Assistance and Subsidies - Educational Service Contracting (ESC) Program for Private Junior High School (per R.A. No. 8545),Obligations 2025,0.0,10600471375.64,0.0,10600471375.64,2025 DepEd - Obligations
07,Department of Education (DepEd),001,Office of the Secretary,3104,310400100016,Government Assistance and Subsidies - Senior High School Voucher Program,Obligations 2025,,,,,2025 DepEd - Obligations
07,Department of Education (DepEd),001,Office of the Secretary,3104,310400100017,Subsidies - Senior High School Voucher Program,Obligations 2025,0.0,17162869001.38,0.0,17162869001.38,2025 DepEd - Obligations
07,Department of Education (DepEd),001,Office of the Secretary,3104,310400100018,"Government Assistance and Subsidies - Training and Upgrading Knowledge for Learners, Teachers, and Achievers in Schools (GAS-TUKLAS)",Obligations 2025,,,,,2025 DepEd - Obligations
07,Department of Education (DepEd),001,Office of the Secretary,3104,310400100019,School Innovation and Improvement Fund (SIIF) to all DepEd Public Schools,Obligations 2025,,,,,2025 DepEd - Obligations
07,Department of Education (DepEd),001,Office of the Secretary,3105,310500100001,Human Resource Development for Personnel in Schools and Learning Centers,Obligations 2025,43595810.66,2925259520.48,213239680.07,3182095011.21,2025 DepEd - Obligations
07,Department of Education (DepEd),001,Office of the Secretary,3105,310500100002,Teacher Quality and Development Program,Obligations 2025,18803738.74,73400653.76,11773932.86,103978325.36,2025 DepEd - Obligations
07,Department of Education (DepEd),001,Office of the Secretary,3105,310500300001,Teacher Effectiveness and Competencies Enhancement Project (TEACEP) WB Loan No. 9481-PH,Obligations 2025,0.0,257023678.03,0.0,257023678.03,2025 DepEd - Obligations
07,Department of Education (DepEd),002,National Book Development Board,1000,100000100001,General Management and Supervision,Obligations 2025,,,,,2025 DepEd - Obligations
07,Department of Education (DepEd),002,National Book Development Board,1000,100000100002,Administration of Personnel Benefits,Obligations 2025,,,,,2025 DepEd - Obligations
07,Department of Education (DepEd),002,National Book Development Board,3101,310100100001,Capacity Building and Trade Promotion Incentives,Obligations 2025,,,,,2025 DepEd - Obligations
07,Department of Education (DepEd),002,National Book Development Board,3101,310100100002,"Administration of Awards, Grants, and Incentives",Obligations 2025,,,,,2025 DepEd - Obligations
07,Department of Education (DepEd),002,National Book Development Board,3101,310100100003,"Policy Development, Research, Information System Management, and Information Campaign",Obligations 2025,,,,,2025 DepEd - Obligations
07,Department of Education (DepEd),003,National Council for Children's Television,1000,100000100001,General Management and Supervision,Obligations 2025,,,,,2025 DepEd - Obligations
07,Department of Education (DepEd),003,National Council for Children's Television,3101,310100100001,Child-Friendly Television Development Services,Obligations 2025,,,,,2025 DepEd - Obligations
07,Department of Education (DepEd),004,National Museum of the Philippines,1000,100000100001,General Management and Supervision,Obligations 2025,,,,,2025 DepEd - Obligations
07,Department of Education (DepEd),004,National Museum of the Philippines,1000,100000100002,Administration of Personnel Benefits,Obligations 2025,,,,,2025 DepEd - Obligations
07,Department of Education (DepEd),004,National Museum of the Philippines,2000,200000100001,Project Monitoring and Evaluation Services,Obligations 2025,,,,,2025 DepEd - Obligations
07,Department of Education (DepEd),004,National Museum of the Philippines,3101,310100100001,Management and Development of the National Collections and Related Knowledge Resources (Including Participation to International Meetings and Conferences),Obligations 2025,,,,,2025 DepEd - Obligations
07,Department of Education (DepEd),004,National Museum of the Philippines,3101,310100100002,"Restoration, Preservation, Protection and Development of Cultural Property",Obligations 2025,,,,,2025 DepEd - Obligations
07,Department of Education (DepEd),004,National Museum of the Philippines,3101,310100200015,"Restoration of Malacanang sa Sugbo, Cebu City and Converrsion to National Museum Cebu",Obligations 2025,,,,,2025 DepEd - Obligations
07,Department of Education (DepEd),004,National Museum of the Philippines,3101,310100200016,Development of the National Museum Complex in Manila - Phase 1 (to implement Republic Act No. 11333),Obligations 2025,,,,,2025 DepEd - Obligations
07,Department of Education (DepEd),004,National Museum of the Philippines,3101,310100200017,"Nightly repair of the Church of Our Lady of Caysasay and associated structures, a declared national cultural treasure in Taal, Batangas",Obligations 2025,,,,,2025 DepEd - Obligations
07,Department of Education (DepEd),004,National Museum of the Philippines,3101,310100200018,Continuation of Construction of National Museum Building in Davao City,Obligations 2025,,,,,2025 DepEd - Obligations
07,Department of Education (DepEd),004,National Museum of the Philippines,3101,310100200019,Development of the National Museum Complex in Rizal Park - Manila Phase II,Obligations 2025,,,,,2025 DepEd - Obligations
07,Department of Education (DepEd),004,National Museum of the Philippines,3101,310100200020,Development of Information Management Systems,Obligations 2025,,,,,2025 DepEd - Obligations
07,Department of Education (DepEd),004,National Museum of the Philippines,3101,310100200021,"Restoration and Continued Repair of Our Lady of Caysasay Church and Associated Structures (National Cultural Treasure) in Taal, Batangas",Obligations 2025,,,,,2025 DepEd - Obligations
07,Department of Education (DepEd),004,National Museum of the Philippines,3101,310100200022,"Restoration of the Old Municipal Hall and the Municipal Plaza (Important Cultural Properties) in Balilihan, Bohol",Obligations 2025,,,,,2025 DepEd - Obligations
07,Department of Education (DepEd),004,National Museum of the Philippines,3101,310100200023,"Development of National Museum Complex, Manila, Phase 3",Obligations 2025,,,,,2025 DepEd - Obligations
07,Department of Education (DepEd),004,National Museum of the Philippines,3101,310100200024,"Continued Restoration and Site Development of Our Lady of Caysasay Church and Associated Structures in Taal, Batangas, Phase 3",Obligations 2025,,,,,2025 DepEd - Obligations
07,Department of Education (DepEd),004,National Museum of the Philippines,3101,310100200025,"Rehabilitation of Former United States Air Force (USAF) Hospital in Clark Freeport, Pampanga and Conversion to National Museum of the Philippines Central Luzon, Phase 1",Obligations 2025,,,,,2025 DepEd - Obligations
07,Department of Education (DepEd),004,National Museum of the Philippines,3101,310100200026,"Construction of National Museum of the Philippines-Baler in Baler, Aurora",Obligations 2025,,,,,2025 DepEd - Obligations
07,Department of Education (DepEd),004,National Museum of the Philippines,3101,310100200027,Exhibitions and Fit-Out of Various National Museum of the Philippines - Central and Regional Sites,Obligations 2025,,,,,2025 DepEd - Obligations
07,Department of Education (DepEd),004,National Museum of the Philippines,3101,310100200028,"Rehabilitation of National Museum of the Philippines-Kabayan Burial Cave Site Museum and Satellite Office in Kabayan, Benguet",Obligations 2025,,,,,2025 DepEd - Obligations
07,Department of Education (DepEd),004,National Museum of the Philippines,3101,310100200029,"Improvement of Rocha House in Sitio Ubos in Tagbilaran City, Bohol (Declared Important Cultural Property)",Obligations 2025,,,,,2025 DepEd - Obligations
07,Department of Education (DepEd),004,National Museum of the Philippines,3101,310100200030,"Development of National Museum Complex, Manila, Phase IV",Obligations 2025,,,,,2025 DepEd - Obligations
07,Department of Education (DepEd),004,National Museum of the Philippines,3101,310100200031,"Construction of National Museum of the Philippines-Baler in Baler, Aurora (Phase II)",Obligations 2025,,,,,2025 DepEd - Obligations
07,Department of Education (DepEd),004,National Museum of the Philippines,3101,310100200032,"Continued Restoration and Site Development of Our Lady of Caysasay Church and Associated Structures in Taal, Batangas, Phase IV",Obligations 2025,,,,,2025 DepEd - Obligations
07,Department of Education (DepEd),004,National Museum of the Philippines,3101,310100200033,"Repair and Preventive Conservation Maintenance of Casa Rocha (Important Cultural Property) in Tagbilaran City, Bohol",Obligations 2025,,,,,2025 DepEd - Obligations
07,Department of Education (DepEd),004,National Museum of the Philippines,3101,310100200034,Restoration and Development of NMP Museums and Declared/Associated Heritage Sites in the Visayas,Obligations 2025,,,,,2025 DepEd - Obligations
07,Department of Education (DepEd),004,National Museum of the Philippines,3101,310100200035,"Rehabilitation of Former United States Air Force (USAF) Hospital in Clark Freeport, Pampanga, and Conversion to National Museum of the Philippines Central Luzon, Phase II",Obligations 2025,,,,,2025 DepEd - Obligations
07,Department of Education (DepEd),004,National Museum of the Philippines,3101,310100200036,"Completion of Restoration of Our Lady of Caysasay Church and Associated Structures in Taal, Batangas City",Obligations 2025,,,,,2025 DepEd - Obligations
07,Department of Education (DepEd),004,National Museum of the Philippines,3101,310100200037,"Rehabilitation of National Museum of the Philippines Kabayan Burial Caves Site Museum and Satellite Office in Kabayan, Benguet, Phase II",Obligations 2025,,,,,2025 DepEd - Obligations
07,Department of Education (DepEd),004,National Museum of the Philippines,3101,310100200038,Completion of the Development of the National Museum Complex in Manila,Obligations 2025,,,,,2025 DepEd - Obligations
07,Department of Education (DepEd),004,National Museum of the Philippines,3101,310100200039,"Continuation of the Development of NMP-General Aniceto Lacson Ancestral House in Talisay City, Negros Occidental",Obligations 2025,,,,,2025 DepEd - Obligations
07,Department of Education (DepEd),004,National Museum of the Philippines,3101,310100200040,Rehabilitation of the Sewerage System of the National Museum of Fine Arts (Old Legislative Building),Obligations 2025,,,,,2025 DepEd - Obligations
07,Department of Education (DepEd),004,National Museum of the Philippines,3101,310100200041,"Development of NMP-Kalibo, Aklan (Phase 1)",Obligations 2025,,,,,2025 DepEd - Obligations
07,Department of Education (DepEd),004,National Museum of the Philippines,3101,310100200042,"Development of NMP-Koronadal and Lake Sebu, South Cotabato (Phase 1)",Obligations 2025,,,,,2025 DepEd - Obligations
07,Department of Education (DepEd),004,National Museum of the Philippines,3101,310100200043,"Repair and Restoration of Boljoon Church Complex, Boljoon, Cebu and Development of NMP-Boljoon, Cebu (Phase 1)",Obligations 2025,,,,,2025 DepEd - Obligations
07,Department of Education (DepEd),004,National Museum of the Philippines,3101,310100200044,"Development of NMP-Paoay, Paoay, Ilocos Norte",Obligations 2025,,,,,2025 DepEd - Obligations
07,Department of Education (DepEd),004,National Museum of the Philippines,3101,310100200045,"Development of NMP General Ancieto Lacson Ancestral House, Talisay City, Negros Occidental (Phase 2)",Obligations 2025,,,,,2025 DepEd - Obligations
07,Department of Education (DepEd),004,National Museum of the Philippines,3101,310100200046,"Development of NMP Kalibo, Aklan (Phase 2)",Obligations 2025,,,,,2025 DepEd - Obligations
07,Department of Education (DepEd),004,National Museum of the Philippines,3101,310100200047,"Development of NMP Koronadal and Lake Sebu, South Cotabato (Phase 2)",Obligations 2025,,,,,2025 DepEd - Obligations
07,Department of Education (DepEd),004,National Museum of the Philippines,3101,310100200048,Exhibitions and Fit-out of Various National Museum of the Philippines - Central and Regional Sites - Northern Luzon National Museums,Obligations 2025,,,,,2025 DepEd - Obligations
07,Department of Education (DepEd),005,Philippine High School for the Arts,1000,100000100001,General Management and Supervision,Obligations 2025,,,,,2025 DepEd - Obligations
07,Department of Education (DepEd),005,Philippine High School for the Arts,1000,100000100002,Administration of Personnel Benefits,Obligations 2025,,,,,2025 DepEd - Obligations
07,Department of Education (DepEd),005,Philippine High School for the Arts,3101,310100100001,"Operation of Philippine High School for the Arts Including Outreach, Screening, Student Exchange Program with Other Countries and Production Activities",Obligations 2025,,,,,2025 DepEd - Obligations
07,Department of Education (DepEd),006,Early Childhood Care and Development Council,1000,100000100001,General Management and Supervision,Obligations 2025,,,,,2025 DepEd - Obligations
07,Department of Education (DepEd),006,Early Childhood Care and Development Council,1000,100000100002,Administration of Personnel Benefits,Obligations 2025,,,,,2025 DepEd - Obligations
07,Department of Education (DepEd),006,Early Childhood Care and Development Council,3101,310100100001,"Development of Policies, Standards and Guidelines",Obligations 2025,,,,,2025 DepEd - Obligations
07,Department of Education (DepEd),006,Early Childhood Care and Development Council,3101,310100100002,Capacity-Building and Institutional Development of Intermediaries and Other Partners,Obligations 2025,,,,,2025 DepEd - Obligations
07,Department of Education (DepEd),006,Early Childhood Care and Development Council,3101,310100100003,Accreditation of ECCD Service Providers,Obligations 2025,,,,,2025 DepEd - Obligations
07,Department of Education (DepEd),006,Early Childhood Care and Development Council,3101,310100100004,Establishment of National Child Development Centers,Obligations 2025,,,,,2025 DepEd - Obligations
07,Department of Education (DepEd),007,National Academy of Sports,1000,100000100001,General Management and Supervision,Obligations 2025,,,,,2025 DepEd - Obligations
07,Department of Education (DepEd),007,National Academy of Sports,1000,100000100002,Administration of Personnel Benefits,Obligations 2025,,,,,2025 DepEd - Obligations
07,Department of Education (DepEd),007,National Academy of Sports,3101,310100100001,"Promotion, Development, and Implementation of Quality and Enhanced Sports-Integrated Secondary Education Program",Obligations 2025,,,,,2025 DepEd - Obligations
07,Department of Education (DepEd),008,Teacher Education Council,1000,100000100001,General Management and Supervision,Obligations 2025,,,,,2025 DepEd - Obligations
07,Department of Education (DepEd),008,Teacher Education Council,3101,310100100001,Quality Teacher Education Services,Obligations 2025,,,,,2025 DepEd - Obligations
07,Department of Education (DepEd),001,Office of the Secretary,1000,100000100001,General Administration and Support,Disbursements 2025,20203972542.63,6528680393.22,708126971.19,27440779907.04,2025 DepEd - Disbursements
07,Department of Education (DepEd),001,Office of the Secretary,1000,100000100002,Administration of Personnel Benefits,Disbursements 2025,1399970199.56,0.0,0.0,1399970199.56,2025 DepEd - Disbursements
07,Department of Education (DepEd),001,Office of the Secretary,2000,200000100001,Physical Fitness and School Sports,Disbursements 2025,10535205.4,672597349.34,0.0,683132554.74,2025 DepEd - Disbursements
07,Department of Education (DepEd),001,Office of the Secretary,2000,200000100002,Development and Management of Bilateral and Multilateral Education Projects,Disbursements 2025,21162238.1,4736294.85,0.0,25898532.95,2025 DepEd - Disbursements
07,Department of Education (DepEd),001,Office of the Secretary,2000,200000100003,Management and Administration of Learning Resources,Disbursements 2025,51070124.14,6019855.67,0.0,57089979.81,2025 DepEd - Disbursements
07,Department of Education (DepEd),001,Office of the Secretary,2000,200000100004,Planning and Management Information Systems,Disbursements 2025,127132420.32,19487910.04,0.0,146620330.36,2025 DepEd - Disbursements
07,Department of Education (DepEd),001,Office of the Secretary,2000,200000100005,Education Information and Communication Services,Disbursements 2025,32810247.15,18799320.78,0.0,51609567.93,2025 DepEd - Disbursements
07,Department of Education (DepEd),001,Office of the Secretary,2000,200000100006,Learner Support Programs,Disbursements 2025,2368522802.91,262116629.21,0.0,2630639432.12,2025 DepEd - Disbursements
07,Department of Education (DepEd),001,Office of the Secretary,2000,200000100007,Building Partnerships and Linkages Program,Disbursements 2025,12659163.38,68175896.3,0.0,80835059.68,2025 DepEd - Disbursements
07,Department of Education (DepEd),001,Office of the Secretary,2000,200000100008,Legal Services and Development of Education-Related Laws and Rules,Disbursements 2025,33034634.66,52167796.88,0.0,85202431.54,2025 DepEd - Disbursements
07,Department of Education (DepEd),001,Office of the Secretary,2000,200000100009,Child Protection Program,Disbursements 2025,5000000.0,50813979.34,0.0,55813979.34,2025 DepEd - Disbursements
07,Department of Education (DepEd),001,Office of the Secretary,2000,200000100010,Disaster Preparedness and Response Program,Disbursements 2025,29884392.05,1011172737.07,9068977.8,1050126106.93,2025 DepEd - Disbursements
07,Department of Education (DepEd),001,Office of the Secretary,2000,200000100011,Organizational and Professional Development for Non-Teaching Personnel,Disbursements 2025,182209535.62,58453840.82,0.0,240663376.44,2025 DepEd - Disbursements
07,Department of Education (DepEd),001,Office of the Secretary,2000,200000100012,Operational Expenses of the DepEd Task Force on the 2022 National and Local Elections,Disbursements 2025,,,,,2025 DepEd - Disbursements
07,Department of Education (DepEd),001,Office of the Secretary,2000,200000100013,Operational Expenses of the DepEd - Election Task Force,Disbursements 2025,0.0,48725746.05,0.0,48725746.05,2025 DepEd - Disbursements
07,Department of Education (DepEd),001,Office of the Secretary,3101,310100100001,National Assessment Systems for Basic Education,Disbursements 2025,150968648.06,263713866.53,0.0,419068174.82,2025 DepEd - Disbursements
07,Department of Education (DepEd),001,Office of the Secretary,3101,310100100002,Policy and Research Program,Disbursements 2025,2108434559.99,20692554.55,0.0,2129127114.54,2025 DepEd - Disbursements
07,Department of Education (DepEd),001,Office of the Secretary,3101,310100100003,Basic Education Curriculum,Disbursements 2025,178134313.72,2722747629.2,0.0,2900881942.92,2025 DepEd - Disbursements
07,Department of Education (DepEd),001,Office of the Secretary,3101,310100100004,"Curriculum Programs, Learning Management Models, Standards and Strategy Development",Disbursements 2025,6756796026.73,0.0,0.0,6756796026.73,2025 DepEd - Disbursements
07,Department of Education (DepEd),001,Office of the Secretary,3101,310100100005,Development and Promotion of Campus Journalism,Disbursements 2025,0.0,61508902.27,0.0,61508902.27,2025 DepEd - Disbursements
07,Department of Education (DepEd),001,Office of the Secretary,3101,310100100006,National Literacy Policies and Programs,Disbursements 2025,3448202.5,12658576.26,0.0,16106778.76,2025 DepEd - Disbursements
07,Department of Education (DepEd),001,Office of the Secretary,3101,310100100007,Early Language Literacy and Numeracy,Disbursements 2025,0.0,36663093.11,0.0,36663093.11,2025 DepEd - Disbursements
07,Department of Education (DepEd),001,Office of the Secretary,3102,310200100001,Improvement and Acquisition of School Sites,Disbursements 2025,0.0,15546674.71,27489789.53,43036464.24,2025 DepEd - Disbursements
07,Department of Education (DepEd),001,Office of the Secretary,3102,310200100002,New School Personnel Positions,Disbursements 2025,27559218400.82,0.0,0.0,27559218400.82,2025 DepEd - Disbursements
07,Department of Education (DepEd),001,Office of the Secretary,3102,310200100003,Learning Tools and Equipment,Disbursements 2025,0.0,449544484.0,0.0,449544484.0,2025 DepEd - Disbursements
07,Department of Education (DepEd),001,Office of the Secretary,3102,310200100004,Textbooks and Other Instructional Materials,Disbursements 2025,100000000.0,2295118997.5,0.0,2395118997.5,2025 DepEd - Disbursements
07,Department of Education (DepEd),001,Office of the Secretary,3102,310200100005,Computerization Program,Disbursements 2025,220948107.2,1583742874.97,33132427.28,1837823409.45,2025 DepEd - Disbursements
07,Department of Education (DepEd),001,Office of the Secretary,3102,310200100006,Basic Education Facilities,Disbursements 2025,0.0,198078941.18,2257322650.3,2455401591.48,2025 DepEd - Disbursements
07,Department of Education (DepEd),001,Office of the Secretary,3102,310200100007,Conservation and Restoration of Gabaldon and Other Heritage School Buildings,Disbursements 2025,0.0,0.0,112664516.52,112664516.52,2025 DepEd - Disbursements
07,Department of Education (DepEd),001,Office of the Secretary,3102,310200100010,Quick Response Fund,Disbursements 2025,0.0,0.0,2383619318.01,2383619318.01,2025 DepEd - Disbursements
07,Department of Education (DepEd),001,Office of the Secretary,3102,310200100011,Last Mile Schools Program,Disbursements 2025,0.0,0.0,119739585.42,119739585.42,2025 DepEd - Disbursements
07,Department of Education (DepEd),001,Office of the Secretary,3102,310200100012,Public Schools Infrastructure Program (PSIP),Disbursements 2025,,,,,2025 DepEd - Disbursements
07,Department of Education (DepEd),001,Office of the Secretary,3102,310200200001,Connectivity Enhancement Program for e-Learning in Public Schools,Disbursements 2025,0.0,1500000000.0,0.0,1500000000.0,2025 DepEd - Disbursements
07,Department of Education (DepEd),001,Office of the Secretary,3102,310200300001,Infrastructure for Safer and Resilient Schools (ISRS) Project WB Loan No. 9704-PH,Disbursements 2025,,,,,2025 DepEd - Disbursements
07,Department of Education (DepEd),001,Office of the Secretary,3103,310300100001,Multigrade Education,Disbursements 2025,0.0,59818914.4,0.0,59818914.4,2025 DepEd - Disbursements
07,Department of Education (DepEd),001,Office of the Secretary,3103,310300100002,Indigenous Peoples Education (IPEd) Program,Disbursements 2025,0.0,78040830.93,0.0,78040830.93,2025 DepEd - Disbursements
07,Department of Education (DepEd),001,Office of the Secretary,3103,310300100003,Flexible Learning Options (ADM/ALS/EiE),Disbursements 2025,0.0,2089481499.26,0.0,2089481499.26,2025 DepEd - Disbursements
07,Department of Education (DepEd),001,Office of the Secretary,3103,310300100004,Madrasah Education Program,Disbursements 2025,0.0,461874323.5,0.0,461874323.5,2025 DepEd - Disbursements
07,Department of Education (DepEd),001,Office of the Secretary,3103,310300100005,Special Needs Education Program,Disbursements 2025,0.0,746583849.24,0.0,746583849.24,2025 DepEd - Disbursements
07,Department of Education (DepEd),001,Office of the Secretary,3104,310400100001,School-Based Feeding Program (SBFP),Disbursements 2025,0.0,6866608668.52,0.0,6866608668.52,2025 DepEd - Disbursements
07,Department of Education (DepEd),001,Office of the Secretary,3104,310400100002,Operation of Schools - Elementary (Kinder to Grade 6),Disbursements 2025,297260256665.28,27938472618.41,0.0,325198729283.69,2025 DepEd - Disbursements
07,Department of Education (DepEd),001,Office of the Secretary,3104,310400100003,Operation of Schools - Junior High School (Grade 7 to Grade 10),Disbursements 2025,167831276162.21,13724483662.81,0.0,181555759825.02,2025 DepEd - Disbursements
07,Department of Education (DepEd),001,Office of the Secretary,3104,310400100004,Operation of Schools - Senior High School (Grade 11 to Grade 12),Disbursements 2025,50759680420.68,6773843215.88,0.0,57533523636.56,2025 DepEd - Disbursements
07,Department of Education (DepEd),001,Office of the Secretary,3104,310400100005,Government Assistance and Subsidies - Educational Service Contracting (ESC) Program for Private Junior High School (per RA No. 8545),Disbursements 2025,,,,,2025 DepEd - Disbursements
07,Department of Education (DepEd),001,Office of the Secretary,3104,310400100006,Government Assistance and Subsidies - Voucher Program for Private Senior High School (per RA No. 10533),Disbursements 2025,,,,,2025 DepEd - Disbursements
07,Department of Education (DepEd),001,Office of the Secretary,3104,310400100007,Government Assistance and Subsidies - Voucher Program for Non-DepEd Public High School (per RA No. 10533),Disbursements 2025,,,,,2025 DepEd - Disbursements
07,Department of Education (DepEd),001,Office of the Secretary,3104,310400100008,Joint Delivery Voucher for Senior High School Technical Vocational and Livelihood Specializations,Disbursements 2025,0.0,1343203052.59,0.0,1343203052.59,2025 DepEd - Disbursements
07,Department of Education (DepEd),001,Office of the Secretary,3104,310400100009,Operational Requirements of Sports Academy and Training Centers,Disbursements 2025,6072525145.92,8881857611.59,0.0,14954382757.51,2025 DepEd - Disbursements
07,Department of Education (DepEd),001,Office of the Secretary,3104,310400100010,"Implementation of the Grant of Cash Allowance, Hardship Pay, and Reclassification of Positions",Disbursements 2025,,,,,2025 DepEd - Disbursements
07,Department of Education (DepEd),001,Office of the Secretary,3104,310400100011,School Dental Health Care Program,Disbursements 2025,,,,,2025 DepEd - Disbursements
07,Department of Education (DepEd),001,Office of the Secretary,3104,310400100013,World Teachers' Day Incentive Benefits,Disbursements 2025,919106000.36,0.0,0.0,919106000.36,2025 DepEd - Disbursements
07,Department of Education (DepEd),001,Office of the Secretary,3104,310400100014,Establishment and Operational Requirement of the National Academy of Sports,Disbursements 2025,,,,,2025 DepEd - Disbursements
07,Department of Education (DepEd),001,Office of the Secretary,3104,310400100015,Government Assistance and Subsidies - Educational Service Contracting (ESC) Program for Private Junior High School (per R.A. No. 8545),Disbursements 2025,0.0,5751000172.99,0.0,5751000172.99,2025 DepEd - Disbursements
07,Department of Education (DepEd),001,Office of the Secretary,3104,310400100016,Government Assistance and Subsidies - Senior High School Voucher Program,Disbursements 2025,,,,,2025 DepEd - Disbursements
07,Department of Education (DepEd),001,Office of the Secretary,3104,310400100017,Subsidies - Senior High School Voucher Program,Disbursements 2025,0.0,8841096569.38,0.0,8841096569.38,2025 DepEd - Disbursements
07,Department of Education (DepEd),001,Office of the Secretary,3104,310400100018,"Government Assistance and Subsidies - Training and Upgrading Knowledge for Learners, Teachers, and Achievers in Schools (GAS-TUKLAS)",Disbursements 2025,,,,,2025 DepEd - Disbursements
07,Department of Education (DepEd),001,Office of the Secretary,3104,310400100019,School Innovation and Improvement Fund (SIIF) to all DepEd Public Schools,Disbursements 2025,,,,,2025 DepEd - Disbursements
07,Department of Education (DepEd),001,Office of the Secretary,3105,310500100001,Human Resource Development for Personnel in Schools and Learning Centers,Disbursements 2025,42841276.29,2226068632.33,6570770.17,2275480678.79,2025 DepEd - Disbursements
07,Department of Education (DepEd),001,Office of the Secretary,3105,310500100002,Teacher Quality and Development Program,Disbursements 2025,18356772.29,41889786.4,6607812.86,66854371.55,2025 DepEd - Disbursements
07,Department of Education (DepEd),001,Office of the Secretary,3105,310500300001,Teacher Effectiveness and Competencies Enhancement Project (TEACEP) WB Loan No. 9481-PH,Disbursements 2025,0.0,3069638.56,0.0,3069638.56,2025 DepEd - Disbursements
07,Department of Education (DepEd),002,National Book Development Board,1000,100000100001,General Management and Supervision,Disbursements 2025,,,,,2025 DepEd - Disbursements
07,Department of Education (DepEd),002,National Book Development Board,1000,100000100002,Administration of Personnel Benefits,Disbursements 2025,,,,,2025 DepEd - Disbursements
07,Department of Education (DepEd),002,National Book Development Board,3101,310100100001,Capacity Building and Trade Promotion Incentives,Disbursements 2025,,,,,2025 DepEd - Disbursements
07,Department of Education (DepEd),002,National Book Development Board,3101,310100100002,"Administration of Awards, Grants, and Incentives",Disbursements 2025,,,,,2025 DepEd - Disbursements
07,Department of Education (DepEd),002,National Book Development Board,3101,310100100003,"Policy Development, Research, Information System Management, and Information Campaign",Disbursements 2025,,,,,2025 DepEd - Disbursements
07,Department of Education (DepEd),003,National Council for Children's Television,1000,100000100001,General Management and Supervision,Disbursements 2025,,,,,2025 DepEd - Disbursements
07,Department of Education (DepEd),003,National Council for Children's Television,3101,310100100001,Child-Friendly Television Development Services,Disbursements 2025,,,,,2025 DepEd - Disbursements
07,Department of Education (DepEd),004,National Museum of the Philippines,1000,100000100001,General Management and Supervision,Disbursements 2025,,,,,2025 DepEd - Disbursements
07,Department of Education (DepEd),004,National Museum of the Philippines,1000,100000100002,Administration of Personnel Benefits,Disbursements 2025,,,,,2025 DepEd - Disbursements
07,Department of Education (DepEd),004,National Museum of the Philippines,2000,200000100001,Project Monitoring and Evaluation Services,Disbursements 2025,,,,,2025 DepEd - Disbursements
07,Department of Education (DepEd),004,National Museum of the Philippines,3101,310100100001,Management and Development of the National Collections and Related Knowledge Resources (Including Participation to International Meetings and Conferences),Disbursements 2025,,,,,2025 DepEd - Disbursements
07,Department of Education (DepEd),004,National Museum of the Philippines,3101,310100100002,"Restoration, Preservation, Protection and Development of Cultural Property",Disbursements 2025,,,,,2025 DepEd - Disbursements
07,Department of Education (DepEd),004,National Museum of the Philippines,3101,310100200015,"Restoration of Malacanang sa Sugbo, Cebu City and Converrsion to National Museum Cebu",Disbursements 2025,,,,,2025 DepEd - Disbursements
07,Department of Education (DepEd),004,National Museum of the Philippines,3101,310100200016,Development of the National Museum Complex in Manila - Phase 1 (to implement Republic Act No. 11333),Disbursements 2025,,,,,2025 DepEd - Disbursements
07,Department of Education (DepEd),004,National Museum of the Philippines,3101,310100200017,"Nightly repair of the Church of Our Lady of Caysasay and associated structures, a declared national cultural treasure in Taal, Batangas",Disbursements 2025,,,,,2025 DepEd - Disbursements
07,Department of Education (DepEd),004,National Museum of the Philippines,3101,310100200018,Continuation of Construction of National Museum Building in Davao City,Disbursements 2025,,,,,2025 DepEd - Disbursements
07,Department of Education (DepEd),004,National Museum of the Philippines,3101,310100200019,Development of the National Museum Complex in Rizal Park - Manila Phase II,Disbursements 2025,,,,,2025 DepEd - Disbursements
07,Department of Education (DepEd),004,National Museum of the Philippines,3101,310100200020,Development of Information Management Systems,Disbursements 2025,,,,,2025 DepEd - Disbursements
07,Department of Education (DepEd),004,National Museum of the Philippines,3101,310100200021,"Restoration and Continued Repair of Our Lady of Caysasay Church and Associated Structures (National Cultural Treasure) in Taal, Batangas",Disbursements 2025,,,,,2025 DepEd - Disbursements
07,Department of Education (DepEd),004,National Museum of the Philippines,3101,310100200022,"Restoration of the Old Municipal Hall and the Municipal Plaza (Important Cultural Properties) in Balilihan, Bohol",Disbursements 2025,,,,,2025 DepEd - Disbursements
07,Department of Education (DepEd),004,National Museum of the Philippines,3101,310100200023,"Development of National Museum Complex, Manila, Phase 3",Disbursements 2025,,,,,2025 DepEd - Disbursements
07,Department of Education (DepEd),004,National Museum of the Philippines,3101,310100200024,"Continued Restoration and Site Development of Our Lady of Caysasay Church and Associated Structures in Taal, Batangas, Phase 3",Disbursements 2025,,,,,2025 DepEd - Disbursements
07,Department of Education (DepEd),004,National Museum of the Philippines,3101,310100200025,"Rehabilitation of Former United States Air Force (USAF) Hospital in Clark Freeport, Pampanga and Conversion to National Museum of the Philippines Central Luzon, Phase 1",Disbursements 2025,,,,,2025 DepEd - Disbursements
07,Department of Education (DepEd),004,National Museum of the Philippines,3101,310100200026,"Construction of National Museum of the Philippines-Baler in Baler, Aurora",Disbursements 2025,,,,,2025 DepEd - Disbursements
07,Department of Education (DepEd),004,National Museum of the Philippines,3101,310100200027,Exhibitions and Fit-Out of Various National Museum of the Philippines - Central and Regional Sites,Disbursements 2025,,,,,2025 DepEd - Disbursements
07,Department of Education (DepEd),004,National Museum of the Philippines,3101,310100200028,"Rehabilitation of National Museum of the Philippines-Kabayan Burial Cave Site Museum and Satellite Office in Kabayan, Benguet",Disbursements 2025,,,,,2025 DepEd - Disbursements
07,Department of Education (DepEd),004,National Museum of the Philippines,3101,310100200029,"Improvement of Rocha House in Sitio Ubos in Tagbilaran City, Bohol (Declared Important Cultural Property)",Disbursements 2025,,,,,2025 DepEd - Disbursements
07,Department of Education (DepEd),004,National Museum of the Philippines,3101,310100200030,"Development of National Museum Complex, Manila, Phase IV",Disbursements 2025,,,,,2025 DepEd - Disbursements
07,Department of Education (DepEd),004,National Museum of the Philippines,3101,310100200031,"Construction of National Museum of the Philippines-Baler in Baler, Aurora (Phase II)",Disbursements 2025,,,,,2025 DepEd - Disbursements
07,Department of Education (DepEd),004,National Museum of the Philippines,3101,310100200032,"Continued Restoration and Site Development of Our Lady of Caysasay Church and Associated Structures in Taal, Batangas, Phase IV",Disbursements 2025,,,,,2025 DepEd - Disbursements
07,Department of Education (DepEd),004,National Museum of the Philippines,3101,310100200033,"Repair and Preventive Conservation Maintenance of Casa Rocha (Important Cultural Property) in Tagbilaran City, Bohol",Disbursements 2025,,,,,2025 DepEd - Disbursements
07,Department of Education (DepEd),004,National Museum of the Philippines,3101,310100200034,Restoration and Development of NMP Museums and Declared/Associated Heritage Sites in the Visayas,Disbursements 2025,,,,,2025 DepEd - Disbursements
07,Department of Education (DepEd),004,National Museum of the Philippines,3101,310100200035,"Rehabilitation of Former United States Air Force (USAF) Hospital in Clark Freeport, Pampanga, and Conversion to National Museum of the Philippines Central Luzon, Phase II",Disbursements 2025,,,,,2025 DepEd - Disbursements
07,Department of Education (DepEd),004,National Museum of the Philippines,3101,310100200036,"Completion of Restoration of Our Lady of Caysasay Church and Associated Structures in Taal, Batangas City",Disbursements 2025,,,,,2025 DepEd - Disbursements
07,Department of Education (DepEd),004,National Museum of the Philippines,3101,310100200037,"Rehabilitation of National Museum of the Philippines Kabayan Burial Caves Site Museum and Satellite Office in Kabayan, Benguet, Phase II",Disbursements 2025,,,,,2025 DepEd - Disbursements
07,Department of Education (DepEd),004,National Museum of the Philippines,3101,310100200038,Completion of the Development of the National Museum Complex in Manila,Disbursements 2025,,,,,2025 DepEd - Disbursements
07,Department of Education (DepEd),004,National Museum of the Philippines,3101,310100200039,"Continuation of the Development of NMP-General Aniceto Lacson Ancestral House in Talisay City, Negros Occidental",Disbursements 2025,,,,,2025 DepEd - Disbursements
07,Department of Education (DepEd),004,National Museum of the Philippines,3101,310100200040,Rehabilitation of the Sewerage System of the National Museum of Fine Arts (Old Legislative Building),Disbursements 2025,,,,,2025 DepEd - Disbursements
07,Department of Education (DepEd),004,National Museum of the Philippines,3101,310100200041,"Development of NMP-Kalibo, Aklan (Phase 1)",Disbursements 2025,,,,,2025 DepEd - Disbursements
07,Department of Education (DepEd),004,National Museum of the Philippines,3101,310100200042,"Development of NMP-Koronadal and Lake Sebu, South Cotabato (Phase 1)",Disbursements 2025,,,,,2025 DepEd - Disbursements
07,Department of Education (DepEd),004,National Museum of the Philippines,3101,310100200043,"Repair and Restoration of Boljoon Church Complex, Boljoon, Cebu and Development of NMP-Boljoon, Cebu (Phase 1)",Disbursements 2025,,,,,2025 DepEd - Disbursements
07,Department of Education (DepEd),004,National Museum of the Philippines,3101,310100200044,"Development of NMP-Paoay, Paoay, Ilocos Norte",Disbursements 2025,,,,,2025 DepEd - Disbursements
07,Department of Education (DepEd),004,National Museum of the Philippines,3101,310100200045,"Development of NMP General Ancieto Lacson Ancestral House, Talisay City, Negros Occidental (Phase 2)",Disbursements 2025,,,,,2025 DepEd - Disbursements
07,Department of Education (DepEd),004,National Museum of the Philippines,3101,310100200046,"Development of NMP Kalibo, Aklan (Phase 2)",Disbursements 2025,,,,,2025 DepEd - Disbursements
07,Department of Education (DepEd),004,National Museum of the Philippines,3101,310100200047,"Development of NMP Koronadal and Lake Sebu, South Cotabato (Phase 2)",Disbursements 2025,,,,,2025 DepEd - Disbursements
07,Department of Education (DepEd),004,National Museum of the Philippines,3101,310100200048,Exhibitions and Fit-out of Various National Museum of the Philippines - Central and Regional Sites - Northern Luzon National Museums,Disbursements 2025,,,,,2025 DepEd - Disbursements
07,Department of Education (DepEd),005,Philippine High School for the Arts,1000,100000100001,General Management and Supervision,Disbursements 2025,,,,,2025 DepEd - Disbursements
07,Department of Education (DepEd),005,Philippine High School for the Arts,1000,100000100002,Administration of Personnel Benefits,Disbursements 2025,,,,,2025 DepEd - Disbursements
07,Department of Education (DepEd),005,Philippine High School for the Arts,3101,310100100001,"Operation of Philippine High School for the Arts Including Outreach, Screening, Student Exchange Program with Other Countries and Production Activities",Disbursements 2025,,,,,2025 DepEd - Disbursements
07,Department of Education (DepEd),006,Early Childhood Care and Development Council,1000,100000100001,General Management and Supervision,Disbursements 2025,,,,,2025 DepEd - Disbursements
07,Department of Education (DepEd),006,Early Childhood Care and Development Council,1000,100000100002,Administration of Personnel Benefits,Disbursements 2025,,,,,2025 DepEd - Disbursements
07,Department of Education (DepEd),006,Early Childhood Care and Development Council,3101,310100100001,"Development of Policies, Standards and Guidelines",Disbursements 2025,,,,,2025 DepEd - Disbursements
07,Department of Education (DepEd),006,Early Childhood Care and Development Council,3101,310100100002,Capacity-Building and Institutional Development of Intermediaries and Other Partners,Disbursements 2025,,,,,2025 DepEd - Disbursements
07,Department of Education (DepEd),006,Early Childhood Care and Development Council,3101,310100100003,Accreditation of ECCD Service Providers,Disbursements 2025,,,,,2025 DepEd - Disbursements
07,Department of Education (DepEd),006,Early Childhood Care and Development Council,3101,310100100004,Establishment of National Child Development Centers,Disbursements 2025,,,,,2025 DepEd - Disbursements
07,Department of Education (DepEd),007,National Academy of Sports,1000,100000100001,General Management and Supervision,Disbursements 2025,,,,,2025 DepEd - Disbursements
07,Department of Education (DepEd),007,National Academy of Sports,1000,100000100002,Administration of Personnel Benefits,Disbursements 2025,,,,,2025 DepEd - Disbursements
07,Department of Education (DepEd),007,National Academy of Sports,3101,310100100001,"Promotion, Development, and Implementation of Quality and Enhanced Sports-Integrated Secondary Education Program",Disbursements 2025,,,,,2025 DepEd - Disbursements
07,Department of Education (DepEd),008,Teacher Education Council,1000,100000100001,General Management and Supervision,Disbursements 2025,,,,,2025 DepEd - Disbursements
07,Department of Education (DepEd),008,Teacher Education Council,3101,310100100001,Quality Teacher Education Services,Disbursements 2025,,,,,2025 DepEd - Disbursements
07,Department of Education (DepEd),001,Office of the Secretary,1000,100000100001,General Administration and Support,NEP 2024,9009149000.0,8883051000.0,2841661000.0,20733861000.0,2024 DepEd - NEP
07,Department of Education (DepEd),001,Office of the Secretary,1000,100000100002,Administration of Personnel Benefits,NEP 2024,1364976000.0,0.0,0.0,1364976000.0,2024 DepEd - NEP
07,Department of Education (DepEd),001,Office of the Secretary,2000,200000100001,Physical Fitness and School Sports,NEP 2024,7748000.0,706411000.0,0.0,714159000.0,2024 DepEd - NEP
07,Department of Education (DepEd),001,Office of the Secretary,2000,200000100002,Development and Management of Bilateral and Multilateral Education Projects,NEP 2024,12777000.0,11088000.0,0.0,23865000.0,2024 DepEd - NEP
07,Department of Education (DepEd),001,Office of the Secretary,2000,200000100003,Management and Administration of Learning Resources,NEP 2024,43818000.0,9927000.0,0.0,53745000.0,2024 DepEd - NEP
07,Department of Education (DepEd),001,Office of the Secretary,2000,200000100004,Planning and Management Information Systems,NEP 2024,113091000.0,39479000.0,0.0,152570000.0,2024 DepEd - NEP
07,Department of Education (DepEd),001,Office of the Secretary,2000,200000100005,Education Information and Communication Services,NEP 2024,20020000.0,53541000.0,0.0,73561000.0,2024 DepEd - NEP
07,Department of Education (DepEd),001,Office of the Secretary,2000,200000100006,Learner Support Programs,NEP 2024,2282366000.0,438467000.0,0.0,2720833000.0,2024 DepEd - NEP
07,Department of Education (DepEd),001,Office of the Secretary,2000,200000100007,Building Partnerships and Linkages Program,NEP 2024,7940000.0,86726000.0,0.0,94666000.0,2024 DepEd - NEP
07,Department of Education (DepEd),001,Office of the Secretary,2000,200000100008,Legal Services and Development of Education-Related Laws and Rules,NEP 2024,20837000.0,73665000.0,0.0,94502000.0,2024 DepEd - NEP
07,Department of Education (DepEd),001,Office of the Secretary,2000,200000100009,Child Protection Program,NEP 2024,0.0,72123000.0,0.0,72123000.0,2024 DepEd - NEP
07,Department of Education (DepEd),001,Office of the Secretary,2000,200000100010,Disaster Preparedness and Response Program,NEP 2024,9194000.0,2156202000.0,0.0,2165396000.0,2024 DepEd - NEP
07,Department of Education (DepEd),001,Office of the Secretary,2000,200000100011,Organizational and Professional Development for Non-Teaching Personnel,NEP 2024,164535000.0,148765000.0,0.0,313300000.0,2024 DepEd - NEP
07,Department of Education (DepEd),001,Office of the Secretary,2000,200000100012,Operational Expenses of the DepEd Task Force on the 2022 National and Local Elections,NEP 2024,,,,,2024 DepEd - NEP
07,Department of Education (DepEd),001,Office of the Secretary,2000,200000100013,Operational Expenses of the DepEd - Election Task Force,NEP 2024,,,,,2024 DepEd - NEP
07,Department of Education (DepEd),001,Office of the Secretary,3101,310100100001,National Assessment Systems for Basic Education,NEP 2024,26358000.0,1053359000.0,351340000.0,1431057000.0,2024 DepEd - NEP
07,Department of Education (DepEd),001,Office of the Secretary,3101,310100100002,Policy and Research Program,NEP 2024,1910233000.0,35880000.0,0.0,1946113000.0,2024 DepEd - NEP
07,Department of Education (DepEd),001,Office of the Secretary,3101,310100100003,Basic Education Curriculum,NEP 2024,123125000.0,4000000000.0,0.0,4123125000.0,2024 DepEd - NEP
07,Department of Education (DepEd),001,Office of the Secretary,3101,310100100004,"Curriculum Programs, Learning Management Models, Standards and Strategy Development",NEP 2024,6218761000.0,1583000.0,0.0,6220344000.0,2024 DepEd - NEP
07,Department of Education (DepEd),001,Office of the Secretary,3101,310100100005,Development and Promotion of Campus Journalism,NEP 2024,0.0,75204000.0,0.0,75204000.0,2024 DepEd - NEP
07,Department of Education (DepEd),001,Office of the Secretary,3101,310100100006,National Literacy Policies and Programs,NEP 2024,3754000.0,20000000.0,0.0,23754000.0,2024 DepEd - NEP
07,Department of Education (DepEd),001,Office of the Secretary,3101,310100100007,Early Language Literacy and Numeracy,NEP 2024,0.0,81675000.0,0.0,81675000.0,2024 DepEd - NEP
07,Department of Education (DepEd),001,Office of the Secretary,3102,310200100001,Improvement and Acquisition of School Sites,NEP 2024,0.0,31322000.0,65000000.0,96322000.0,2024 DepEd - NEP
07,Department of Education (DepEd),001,Office of the Secretary,3102,310200100002,New School Personnel Positions,NEP 2024,26101899000.0,100000000.0,0.0,26201899000.0,2024 DepEd - NEP
07,Department of Education (DepEd),001,Office of the Secretary,3102,310200100003,Learning Tools and Equipment,NEP 2024,0.0,3948690000.0,0.0,3948690000.0,2024 DepEd - NEP
07,Department of Education (DepEd),001,Office of the Secretary,3102,310200100004,Textbooks and Other Instructional Materials,NEP 2024,0.0,12038902000.0,0.0,12038902000.0,2024 DepEd - NEP
07,Department of Education (DepEd),001,Office of the Secretary,3102,310200100005,Computerization Program,NEP 2024,21580000.0,2859394000.0,6021118000.0,8902092000.0,2024 DepEd - NEP
07,Department of Education (DepEd),001,Office of the Secretary,3102,310200100006,Basic Education Facilities,NEP 2024,0.0,2466095000.0,31289800000.0,33755895000.0,2024 DepEd - NEP
07,Department of Education (DepEd),001,Office of the Secretary,3102,310200100007,Conservation and Restoration of Gabaldon and Other Heritage School Buildings,NEP 2024,0.0,0.0,1133965000.0,1133965000.0,2024 DepEd - NEP
07,Department of Education (DepEd),001,Office of the Secretary,3102,310200100010,Quick Response Fund,NEP 2024,0.0,0.0,3000000000.0,3000000000.0,2024 DepEd - NEP
07,Department of Education (DepEd),001,Office of the Secretary,3102,310200100011,Last Mile Schools Program,NEP 2024,0.0,0.0,3000000000.0,3000000000.0,2024 DepEd - NEP
07,Department of Education (DepEd),001,Office of the Secretary,3102,310200100012,Public Schools Infrastructure Program (PSIP),NEP 2024,,,,,2024 DepEd - NEP
07,Department of Education (DepEd),001,Office of the Secretary,3102,310200200001,Connectivity Enhancement Program for e-Learning in Public Schools,NEP 2024,,,,,2024 DepEd - NEP
07,Department of Education (DepEd),001,Office of the Secretary,3102,310200300001,Infrastructure for Safer and Resilient Schools (ISRS) Project WB Loan No. 9704-PH,NEP 2024,,,,,2024 DepEd - NEP
07,Department of Education (DepEd),001,Office of the Secretary,3103,310300100001,Multigrade Education,NEP 2024,0.0,161512000.0,0.0,161512000.0,2024 DepEd - NEP
07,Department of Education (DepEd),001,Office of the Secretary,3103,310300100002,Indigenous Peoples Education (IPEd) Program,NEP 2024,0.0,154436000.0,0.0,154436000.0,2024 DepEd - NEP
07,Department of Education (DepEd),001,Office of the Secretary,3103,310300100003,Flexible Learning Options (ADM/ALS/EiE),NEP 2024,0.0,4277518000.0,0.0,4277518000.0,2024 DepEd - NEP
07,Department of Education (DepEd),001,Office of the Secretary,3103,310300100004,Madrasah Education Program,NEP 2024,0.0,431639000.0,0.0,431639000.0,2024 DepEd - NEP
07,Department of Education (DepEd),001,Office of the Secretary,3103,310300100005,Special Needs Education Program,NEP 2024,0.0,999225000.0,0.0,999225000.0,2024 DepEd - NEP
07,Department of Education (DepEd),001,Office of the Secretary,3104,310400100001,School-Based Feeding Program (SBFP),NEP 2024,0.0,11711147000.0,0.0,11711147000.0,2024 DepEd - NEP
07,Department of Education (DepEd),001,Office of the Secretary,3104,310400100002,Operation of Schools - Elementary (Kinder to Grade 6),NEP 2024,272227126000.0,18564905000.0,0.0,290792031000.0,2024 DepEd - NEP
07,Department of Education (DepEd),001,Office of the Secretary,3104,310400100003,Operation of Schools - Junior High School (Grade 7 to Grade 10),NEP 2024,152785844000.0,12961724000.0,0.0,165747568000.0,2024 DepEd - NEP
07,Department of Education (DepEd),001,Office of the Secretary,3104,310400100004,Operation of Schools - Senior High School (Grade 11 to Grade 12),NEP 2024,44521726000.0,6131003000.0,0.0,50652729000.0,2024 DepEd - NEP
07,Department of Education (DepEd),001,Office of the Secretary,3104,310400100005,Government Assistance and Subsidies - Educational Service Contracting (ESC) Program for Private Junior High School (per RA No. 8545),NEP 2024,,,,,2024 DepEd - NEP
07,Department of Education (DepEd),001,Office of the Secretary,3104,310400100006,Government Assistance and Subsidies - Voucher Program for Private Senior High School (per RA No. 10533),NEP 2024,,,,,2024 DepEd - NEP
07,Department of Education (DepEd),001,Office of the Secretary,3104,310400100007,Government Assistance and Subsidies - Voucher Program for Non-DepEd Public High School (per RA No. 10533),NEP 2024,,,,,2024 DepEd - NEP
07,Department of Education (DepEd),001,Office of the Secretary,3104,310400100008,Joint Delivery Voucher for Senior High School Technical Vocational and Livelihood Specializations,NEP 2024,0.0,1479501000.0,0.0,1479501000.0,2024 DepEd - NEP
07,Department of Education (DepEd),001,Office of the Secretary,3104,310400100009,Operational Requirements of Sports Academy and Training Centers,NEP 2024,,,,,2024 DepEd - NEP
07,Department of Education (DepEd),001,Office of the Secretary,3104,310400100010,"Implementation of the Grant of Cash Allowance, Hardship Pay, and Reclassification of Positions",NEP 2024,4837850000.0,4725410000.0,0.0,9563260000.0,2024 DepEd - NEP
07,Department of Education (DepEd),001,Office of the Secretary,3104,310400100011,School Dental Health Care Program,NEP 2024,,,,,2024 DepEd - NEP
07,Department of Education (DepEd),001,Office of the Secretary,3104,310400100013,World Teachers' Day Incentive Benefits,NEP 2024,912257000.0,0.0,0.0,912257000.0,2024 DepEd - NEP
07,Department of Education (DepEd),001,Office of the Secretary,3104,310400100014,Establishment and Operational Requirement of the National Academy of Sports,NEP 2024,,,,,2024 DepEd - NEP
07,Department of Education (DepEd),001,Office of the Secretary,3104,310400100015,Government Assistance and Subsidies - Educational Service Contracting (ESC) Program for Private Junior High School (per R.A. No. 8545),NEP 2024,0.0,12537379000.0,0.0,12537379000.0,2024 DepEd - NEP
07,Department of Education (DepEd),001,Office of the Secretary,3104,310400100016,Government Assistance and Subsidies - Senior High School Voucher Program,NEP 2024,,,,,2024 DepEd - NEP
07,Department of Education (DepEd),001,Office of the Secretary,3104,310400100017,Subsidies - Senior High School Voucher Program,NEP 2024,0.0,25311393000.0,0.0,25311393000.0,2024 DepEd - NEP
07,Department of Education (DepEd),001,Office of the Secretary,3104,310400100018,"Government Assistance and Subsidies - Training and Upgrading Knowledge for Learners, Teachers, and Achievers in Schools (GAS-TUKLAS)",NEP 2024,,,,,2024 DepEd - NEP
07,Department of Education (DepEd),001,Office of the Secretary,3104,310400100019,School Innovation and Improvement Fund (SIIF) to all DepEd Public Schools,NEP 2024,,,,,2024 DepEd - NEP
07,Department of Education (DepEd),001,Office of the Secretary,3105,310500100001,Human Resource Development for Personnel in Schools and Learning Centers,NEP 2024,32451000.0,2055173000.0,360149000.0,2447773000.0,2024 DepEd - NEP
07,Department of Education (DepEd),001,Office of the Secretary,3105,310500100002,Teacher Quality and Development Program,NEP 2024,3290000.0,100458000.0,0.0,103748000.0,2024 DepEd - NEP
07,Department of Education (DepEd),001,Office of the Secretary,3105,310500300001,Teacher Effectiveness and Competencies Enhancement Project (TEACEP) WB Loan No. 9481-PH,NEP 2024,0.0,604382000.0,0.0,604382000.0,2024 DepEd - NEP
07,Department of Education (DepEd),002,National Book Development Board,1000,100000100001,General Management and Supervision,NEP 2024,20175000.0,11089000.0,0.0,31264000.0,2024 DepEd - NEP
07,Department of Education (DepEd),002,National Book Development Board,1000,100000100002,Administration of Personnel Benefits,NEP 2024,,,,,2024 DepEd - NEP
07,Department of Education (DepEd),002,National Book Development Board,3101,310100100001,Capacity Building and Trade Promotion Incentives,NEP 2024,13097000.0,73606000.0,0.0,86703000.0,2024 DepEd - NEP
07,Department of Education (DepEd),002,National Book Development Board,3101,310100100002,"Administration of Awards, Grants, and Incentives",NEP 2024,4135000.0,2085000.0,0.0,6220000.0,2024 DepEd - NEP
07,Department of Education (DepEd),002,National Book Development Board,3101,310100100003,"Policy Development, Research, Information System Management, and Information Campaign",NEP 2024,3076000.0,1208000.0,0.0,4284000.0,2024 DepEd - NEP
07,Department of Education (DepEd),003,National Council for Children's Television,1000,100000100001,General Management and Supervision,NEP 2024,9694000.0,7245000.0,0.0,16939000.0,2024 DepEd - NEP
07,Department of Education (DepEd),003,National Council for Children's Television,3101,310100100001,Child-Friendly Television Development Services,NEP 2024,7885000.0,37256000.0,0.0,45141000.0,2024 DepEd - NEP
07,Department of Education (DepEd),004,National Museum of the Philippines,1000,100000100001,General Management and Supervision,NEP 2024,51692000.0,178840000.0,177651000.0,408183000.0,2024 DepEd - NEP
07,Department of Education (DepEd),004,National Museum of the Philippines,1000,100000100002,Administration of Personnel Benefits,NEP 2024,954000.0,0.0,0.0,954000.0,2024 DepEd - NEP
07,Department of Education (DepEd),004,National Museum of the Philippines,2000,200000100001,Project Monitoring and Evaluation Services,NEP 2024,1848000.0,743000.0,0.0,2591000.0,2024 DepEd - NEP
07,Department of Education (DepEd),004,National Museum of the Philippines,3101,310100100001,Management and Development of the National Collections and Related Knowledge Resources (Including Participation to International Meetings and Conferences),NEP 2024,123866000.0,97804000.0,0.0,221670000.0,2024 DepEd - NEP
07,Department of Education (DepEd),004,National Museum of the Philippines,3101,310100100002,"Restoration, Preservation, Protection and Development of Cultural Property",NEP 2024,20303000.0,62358000.0,0.0,82661000.0,2024 DepEd - NEP
07,Department of Education (DepEd),004,National Museum of the Philippines,3101,310100200015,"Restoration of Malacanang sa Sugbo, Cebu City and Converrsion to National Museum Cebu",NEP 2024,,,,,2024 DepEd - NEP
07,Department of Education (DepEd),004,National Museum of the Philippines,3101,310100200016,Development of the National Museum Complex in Manila - Phase 1 (to implement Republic Act No. 11333),NEP 2024,,,,,2024 DepEd - NEP
07,Department of Education (DepEd),004,National Museum of the Philippines,3101,310100200017,"Nightly repair of the Church of Our Lady of Caysasay and associated structures, a declared national cultural treasure in Taal, Batangas",NEP 2024,,,,,2024 DepEd - NEP
07,Department of Education (DepEd),004,National Museum of the Philippines,3101,310100200018,Continuation of Construction of National Museum Building in Davao City,NEP 2024,,,,,2024 DepEd - NEP
07,Department of Education (DepEd),004,National Museum of the Philippines,3101,310100200019,Development of the National Museum Complex in Rizal Park - Manila Phase II,NEP 2024,,,,,2024 DepEd - NEP
07,Department of Education (DepEd),004,National Museum of the Philippines,3101,310100200020,Development of Information Management Systems,NEP 2024,,,,,2024 DepEd - NEP
07,Department of Education (DepEd),004,National Museum of the Philippines,3101,310100200021,"Restoration and Continued Repair of Our Lady of Caysasay Church and Associated Structures (National Cultural Treasure) in Taal, Batangas",NEP 2024,,,,,2024 DepEd - NEP
07,Department of Education (DepEd),004,National Museum of the Philippines,3101,310100200022,"Restoration of the Old Municipal Hall and the Municipal Plaza (Important Cultural Properties) in Balilihan, Bohol",NEP 2024,,,,,2024 DepEd - NEP
07,Department of Education (DepEd),004,National Museum of the Philippines,3101,310100200023,"Development of National Museum Complex, Manila, Phase 3",NEP 2024,0.0,0.0,0.0,,2024 DepEd - NEP
07,Department of Education (DepEd),004,National Museum of the Philippines,3101,310100200024,"Continued Restoration and Site Development of Our Lady of Caysasay Church and Associated Structures in Taal, Batangas, Phase 3",NEP 2024,0.0,0.0,0.0,,2024 DepEd - NEP
07,Department of Education (DepEd),004,National Museum of the Philippines,3101,310100200025,"Rehabilitation of Former United States Air Force (USAF) Hospital in Clark Freeport, Pampanga and Conversion to National Museum of the Philippines Central Luzon, Phase 1",NEP 2024,0.0,0.0,0.0,,2024 DepEd - NEP
07,Department of Education (DepEd),004,National Museum of the Philippines,3101,310100200026,"Construction of National Museum of the Philippines-Baler in Baler, Aurora",NEP 2024,0.0,0.0,0.0,,2024 DepEd - NEP
07,Department of Education (DepEd),004,National Museum of the Philippines,3101,310100200027,Exhibitions and Fit-Out of Various National Museum of the Philippines - Central and Regional Sites,NEP 2024,0.0,0.0,74143000.0,74143000.0,2024 DepEd - NEP
07,Department of Education (DepEd),004,National Museum of the Philippines,3101,310100200028,"Rehabilitation of National Museum of the Philippines-Kabayan Burial Cave Site Museum and Satellite Office in Kabayan, Benguet",NEP 2024,0.0,0.0,0.0,,2024 DepEd - NEP
07,Department of Education (DepEd),004,National Museum of the Philippines,3101,310100200029,"Improvement of Rocha House in Sitio Ubos in Tagbilaran City, Bohol (Declared Important Cultural Property)",NEP 2024,0.0,0.0,0.0,,2024 DepEd - NEP
07,Department of Education (DepEd),004,National Museum of the Philippines,3101,310100200030,"Development of National Museum Complex, Manila, Phase IV",NEP 2024,0.0,0.0,50000000.0,50000000.0,2024 DepEd - NEP
07,Department of Education (DepEd),004,National Museum of the Philippines,3101,310100200031,"Construction of National Museum of the Philippines-Baler in Baler, Aurora (Phase II)",NEP 2024,0.0,0.0,0.0,,2024 DepEd - NEP
07,Department of Education (DepEd),004,National Museum of the Philippines,3101,310100200032,"Continued Restoration and Site Development of Our Lady of Caysasay Church and Associated Structures in Taal, Batangas, Phase IV",NEP 2024,0.0,0.0,0.0,,2024 DepEd - NEP
07,Department of Education (DepEd),004,National Museum of the Philippines,3101,310100200033,"Repair and Preventive Conservation Maintenance of Casa Rocha (Important Cultural Property) in Tagbilaran City, Bohol",NEP 2024,0.0,0.0,0.0,,2024 DepEd - NEP
07,Department of Education (DepEd),004,National Museum of the Philippines,3101,310100200034,Restoration and Development of NMP Museums and Declared/Associated Heritage Sites in the Visayas,NEP 2024,0.0,0.0,150000000.0,150000000.0,2024 DepEd - NEP
07,Department of Education (DepEd),004,National Museum of the Philippines,3101,310100200035,"Rehabilitation of Former United States Air Force (USAF) Hospital in Clark Freeport, Pampanga, and Conversion to National Museum of the Philippines Central Luzon, Phase II",NEP 2024,,,,,2024 DepEd - NEP
07,Department of Education (DepEd),004,National Museum of the Philippines,3101,310100200036,"Completion of Restoration of Our Lady of Caysasay Church and Associated Structures in Taal, Batangas City",NEP 2024,0.0,0.0,18000000.0,18000000.0,2024 DepEd - NEP
07,Department of Education (DepEd),004,National Museum of the Philippines,3101,310100200037,"Rehabilitation of National Museum of the Philippines Kabayan Burial Caves Site Museum and Satellite Office in Kabayan, Benguet, Phase II",NEP 2024,,,,,2024 DepEd - NEP
07,Department of Education (DepEd),004,National Museum of the Philippines,3101,310100200038,Completion of the Development of the National Museum Complex in Manila,NEP 2024,0.0,0.0,6000000.0,6000000.0,2024 DepEd - NEP
07,Department of Education (DepEd),004,National Museum of the Philippines,3101,310100200039,"Continuation of the Development of NMP-General Aniceto Lacson Ancestral House in Talisay City, Negros Occidental",NEP 2024,0.0,0.0,0.0,,2024 DepEd - NEP
07,Department of Education (DepEd),004,National Museum of the Philippines,3101,310100200040,Rehabilitation of the Sewerage System of the National Museum of Fine Arts (Old Legislative Building),NEP 2024,0.0,0.0,0.0,,2024 DepEd - NEP
07,Department of Education (DepEd),004,National Museum of the Philippines,3101,310100200041,"Development of NMP-Kalibo, Aklan (Phase 1)",NEP 2024,,,,,2024 DepEd - NEP
07,Department of Education (DepEd),004,National Museum of the Philippines,3101,310100200042,"Development of NMP-Koronadal and Lake Sebu, South Cotabato (Phase 1)",NEP 2024,,,,,2024 DepEd - NEP
07,Department of Education (DepEd),004,National Museum of the Philippines,3101,310100200043,"Repair and Restoration of Boljoon Church Complex, Boljoon, Cebu and Development of NMP-Boljoon, Cebu (Phase 1)",NEP 2024,,,,,2024 DepEd - NEP
07,Department of Education (DepEd),004,National Museum of the Philippines,3101,310100200044,"Development of NMP-Paoay, Paoay, Ilocos Norte",NEP 2024,,,,,2024 DepEd - NEP
07,Department of Education (DepEd),004,National Museum of the Philippines,3101,310100200045,"Development of NMP General Ancieto Lacson Ancestral House, Talisay City, Negros Occidental (Phase 2)",NEP 2024,,,,,2024 DepEd - NEP
07,Department of Education (DepEd),004,National Museum of the Philippines,3101,310100200046,"Development of NMP Kalibo, Aklan (Phase 2)",NEP 2024,,,,,2024 DepEd - NEP
07,Department of Education (DepEd),004,National Museum of the Philippines,3101,310100200047,"Development of NMP Koronadal and Lake Sebu, South Cotabato (Phase 2)",NEP 2024,,,,,2024 DepEd - NEP
07,Department of Education (DepEd),004,National Museum of the Philippines,3101,310100200048,Exhibitions and Fit-out of Various National Museum of the Philippines - Central and Regional Sites - Northern Luzon National Museums,NEP 2024,,,,,2024 DepEd - NEP
07,Department of Education (DepEd),005,Philippine High School for the Arts,1000,100000100001,General Management and Supervision,NEP 2024,12815000.0,34182000.0,0.0,46997000.0,2024 DepEd - NEP
07,Department of Education (DepEd),005,Philippine High School for the Arts,1000,100000100002,Administration of Personnel Benefits,NEP 2024,8027000.0,0.0,0.0,8027000.0,2024 DepEd - NEP
07,Department of Education (DepEd),005,Philippine High School for the Arts,3101,310100100001,"Operation of Philippine High School for the Arts Including Outreach, Screening, Student Exchange Program with Other Countries and Production Activities",NEP 2024,12099000.0,31118000.0,0.0,43217000.0,2024 DepEd - NEP
07,Department of Education (DepEd),006,Early Childhood Care and Development Council,1000,100000100001,General Management and Supervision,NEP 2024,13482000.0,18234000.0,340000.0,32056000.0,2024 DepEd - NEP
07,Department of Education (DepEd),006,Early Childhood Care and Development Council,1000,100000100002,Administration of Personnel Benefits,NEP 2024,,,,,2024 DepEd - NEP
07,Department of Education (DepEd),006,Early Childhood Care and Development Council,3101,310100100001,"Development of Policies, Standards and Guidelines",NEP 2024,0.0,2270000.0,0.0,2270000.0,2024 DepEd - NEP
07,Department of Education (DepEd),006,Early Childhood Care and Development Council,3101,310100100002,Capacity-Building and Institutional Development of Intermediaries and Other Partners,NEP 2024,0.0,4110000.0,0.0,4110000.0,2024 DepEd - NEP
07,Department of Education (DepEd),006,Early Childhood Care and Development Council,3101,310100100003,Accreditation of ECCD Service Providers,NEP 2024,0.0,12730000.0,0.0,12730000.0,2024 DepEd - NEP
07,Department of Education (DepEd),006,Early Childhood Care and Development Council,3101,310100100004,Establishment of National Child Development Centers,NEP 2024,0.0,170000000.0,0.0,170000000.0,2024 DepEd - NEP
07,Department of Education (DepEd),007,National Academy of Sports,1000,100000100001,General Management and Supervision,NEP 2024,24862000.0,57992000.0,0.0,82854000.0,2024 DepEd - NEP
07,Department of Education (DepEd),007,National Academy of Sports,1000,100000100002,Administration of Personnel Benefits,NEP 2024,,,,,2024 DepEd - NEP
07,Department of Education (DepEd),007,National Academy of Sports,3101,310100100001,"Promotion, Development, and Implementation of Quality and Enhanced Sports-Integrated Secondary Education Program",NEP 2024,0.0,112313000.0,0.0,112313000.0,2024 DepEd - NEP
07,Department of Education (DepEd),008,Teacher Education Council,1000,100000100001,General Management and Supervision,NEP 2024,,,,,2024 DepEd - NEP
07,Department of Education (DepEd),008,Teacher Education Council,3101,310100100001,Quality Teacher Education Services,NEP 2024,,,,,2024 DepEd - NEP
07,Department of Education (DepEd),001,Office of the Secretary,1000,100000100001,General Administration and Support,GAA 2024,9009149000.0,8921692000.0,2841661000.0,20772502000.0,2024 DepEd - GAA
07,Department of Education (DepEd),001,Office of the Secretary,1000,100000100002,Administration of Personnel Benefits,GAA 2024,1364976000.0,0.0,0.0,1364976000.0,2024 DepEd - GAA
07,Department of Education (DepEd),001,Office of the Secretary,2000,200000100001,Physical Fitness and School Sports,GAA 2024,7748000.0,706411000.0,0.0,714159000.0,2024 DepEd - GAA
07,Department of Education (DepEd),001,Office of the Secretary,2000,200000100002,Development and Management of Bilateral and Multilateral Education Projects,GAA 2024,12777000.0,11088000.0,0.0,23865000.0,2024 DepEd - GAA
07,Department of Education (DepEd),001,Office of the Secretary,2000,200000100003,Management and Administration of Learning Resources,GAA 2024,43818000.0,9927000.0,0.0,53745000.0,2024 DepEd - GAA
07,Department of Education (DepEd),001,Office of the Secretary,2000,200000100004,Planning and Management Information Systems,GAA 2024,113091000.0,39479000.0,0.0,152570000.0,2024 DepEd - GAA
07,Department of Education (DepEd),001,Office of the Secretary,2000,200000100005,Education Information and Communication Services,GAA 2024,20020000.0,48713000.0,4828000.0,73561000.0,2024 DepEd - GAA
07,Department of Education (DepEd),001,Office of the Secretary,2000,200000100006,Learner Support Programs,GAA 2024,2282366000.0,488467000.0,0.0,2770833000.0,2024 DepEd - GAA
07,Department of Education (DepEd),001,Office of the Secretary,2000,200000100007,Building Partnerships and Linkages Program,GAA 2024,7940000.0,86726000.0,0.0,94666000.0,2024 DepEd - GAA
07,Department of Education (DepEd),001,Office of the Secretary,2000,200000100008,Legal Services and Development of Education-Related Laws and Rules,GAA 2024,20837000.0,73665000.0,0.0,94502000.0,2024 DepEd - GAA
07,Department of Education (DepEd),001,Office of the Secretary,2000,200000100009,Child Protection Program,GAA 2024,0.0,82599000.0,0.0,82599000.0,2024 DepEd - GAA
07,Department of Education (DepEd),001,Office of the Secretary,2000,200000100010,Disaster Preparedness and Response Program,GAA 2024,9194000.0,2156202000.0,0.0,2165396000.0,2024 DepEd - GAA
07,Department of Education (DepEd),001,Office of the Secretary,2000,200000100011,Organizational and Professional Development for Non-Teaching Personnel,GAA 2024,164535000.0,148765000.0,0.0,313300000.0,2024 DepEd - GAA
07,Department of Education (DepEd),001,Office of the Secretary,2000,200000100012,Operational Expenses of the DepEd Task Force on the 2022 National and Local Elections,GAA 2024,,,,,2024 DepEd - GAA
07,Department of Education (DepEd),001,Office of the Secretary,2000,200000100013,Operational Expenses of the DepEd - Election Task Force,GAA 2024,,,,,2024 DepEd - GAA
07,Department of Education (DepEd),001,Office of the Secretary,3101,310100100001,National Assessment Systems for Basic Education,GAA 2024,26358000.0,1053359000.0,351340000.0,1431057000.0,2024 DepEd - GAA
07,Department of Education (DepEd),001,Office of the Secretary,3101,310100100002,Policy and Research Program,GAA 2024,1910233000.0,35880000.0,0.0,1946113000.0,2024 DepEd - GAA
07,Department of Education (DepEd),001,Office of the Secretary,3101,310100100003,Basic Education Curriculum,GAA 2024,123125000.0,4000000000.0,0.0,4123125000.0,2024 DepEd - GAA
07,Department of Education (DepEd),001,Office of the Secretary,3101,310100100004,"Curriculum Programs, Learning Management Models, Standards and Strategy Development",GAA 2024,6218761000.0,1583000.0,0.0,6220344000.0,2024 DepEd - GAA
07,Department of Education (DepEd),001,Office of the Secretary,3101,310100100005,Development and Promotion of Campus Journalism,GAA 2024,0.0,75204000.0,0.0,75204000.0,2024 DepEd - GAA
07,Department of Education (DepEd),001,Office of the Secretary,3101,310100100006,National Literacy Policies and Programs,GAA 2024,3754000.0,20000000.0,0.0,23754000.0,2024 DepEd - GAA
07,Department of Education (DepEd),001,Office of the Secretary,3101,310100100007,Early Language Literacy and Numeracy,GAA 2024,0.0,81675000.0,0.0,81675000.0,2024 DepEd - GAA
07,Department of Education (DepEd),001,Office of the Secretary,3102,310200100001,Improvement and Acquisition of School Sites,GAA 2024,0.0,31322000.0,71500000.0,102822000.0,2024 DepEd - GAA
07,Department of Education (DepEd),001,Office of the Secretary,3102,310200100002,New School Personnel Positions,GAA 2024,26101899000.0,100000000.0,0.0,26201899000.0,2024 DepEd - GAA
07,Department of Education (DepEd),001,Office of the Secretary,3102,310200100003,Learning Tools and Equipment,GAA 2024,0.0,3948690000.0,0.0,3948690000.0,2024 DepEd - GAA
07,Department of Education (DepEd),001,Office of the Secretary,3102,310200100004,Textbooks and Other Instructional Materials,GAA 2024,0.0,12038902000.0,0.0,12038902000.0,2024 DepEd - GAA
07,Department of Education (DepEd),001,Office of the Secretary,3102,310200100005,Computerization Program,GAA 2024,21580000.0,2859394000.0,6021118000.0,8902092000.0,2024 DepEd - GAA
07,Department of Education (DepEd),001,Office of the Secretary,3102,310200100006,Basic Education Facilities,GAA 2024,0.0,2466095000.0,31389800000.0,33855895000.0,2024 DepEd - GAA
07,Department of Education (DepEd),001,Office of the Secretary,3102,310200100007,Conservation and Restoration of Gabaldon and Other Heritage School Buildings,GAA 2024,0.0,0.0,1133965000.0,1133965000.0,2024 DepEd - GAA
07,Department of Education (DepEd),001,Office of the Secretary,3102,310200100010,Quick Response Fund,GAA 2024,0.0,0.0,3000000000.0,3000000000.0,2024 DepEd - GAA
07,Department of Education (DepEd),001,Office of the Secretary,3102,310200100011,Last Mile Schools Program,GAA 2024,0.0,0.0,3000000000.0,3000000000.0,2024 DepEd - GAA
07,Department of Education (DepEd),001,Office of the Secretary,3102,310200100012,Public Schools Infrastructure Program (PSIP),GAA 2024,,,,,2024 DepEd - GAA
07,Department of Education (DepEd),001,Office of the Secretary,3102,310200200001,Connectivity Enhancement Program for e-Learning in Public Schools,GAA 2024,,,,,2024 DepEd - GAA
07,Department of Education (DepEd),001,Office of the Secretary,3102,310200300001,Infrastructure for Safer and Resilient Schools (ISRS) Project WB Loan No. 9704-PH,GAA 2024,,,,,2024 DepEd - GAA
07,Department of Education (DepEd),001,Office of the Secretary,3103,310300100001,Multigrade Education,GAA 2024,0.0,161512000.0,0.0,161512000.0,2024 DepEd - GAA
07,Department of Education (DepEd),001,Office of the Secretary,3103,310300100002,Indigenous Peoples Education (IPEd) Program,GAA 2024,0.0,154436000.0,0.0,154436000.0,2024 DepEd - GAA
07,Department of Education (DepEd),001,Office of the Secretary,3103,310300100003,Flexible Learning Options (ADM/ALS/EiE),GAA 2024,0.0,4277518000.0,0.0,4277518000.0,2024 DepEd - GAA
07,Department of Education (DepEd),001,Office of the Secretary,3103,310300100004,Madrasah Education Program,GAA 2024,0.0,431639000.0,0.0,431639000.0,2024 DepEd - GAA
07,Department of Education (DepEd),001,Office of the Secretary,3103,310300100005,Special Needs Education Program,GAA 2024,0.0,999225000.0,0.0,999225000.0,2024 DepEd - GAA
07,Department of Education (DepEd),001,Office of the Secretary,3104,310400100001,School-Based Feeding Program (SBFP),GAA 2024,0.0,11711147000.0,0.0,11711147000.0,2024 DepEd - GAA
07,Department of Education (DepEd),001,Office of the Secretary,3104,310400100002,Operation of Schools - Elementary (Kinder to Grade 6),GAA 2024,272267126000.0,18578879000.0,0.0,290846005000.0,2024 DepEd - GAA
07,Department of Education (DepEd),001,Office of the Secretary,3104,310400100003,Operation of Schools - Junior High School (Grade 7 to Grade 10),GAA 2024,152845844000.0,12995109000.0,0.0,165840953000.0,2024 DepEd - GAA
07,Department of Education (DepEd),001,Office of the Secretary,3104,310400100004,Operation of Schools - Senior High School (Grade 11 to Grade 12),GAA 2024,44611726000.0,6140003000.0,0.0,50751729000.0,2024 DepEd - GAA
07,Department of Education (DepEd),001,Office of the Secretary,3104,310400100005,Government Assistance and Subsidies - Educational Service Contracting (ESC) Program for Private Junior High School (per RA No. 8545),GAA 2024,,,,,2024 DepEd - GAA
07,Department of Education (DepEd),001,Office of the Secretary,3104,310400100006,Government Assistance and Subsidies - Voucher Program for Private Senior High School (per RA No. 10533),GAA 2024,,,,,2024 DepEd - GAA
07,Department of Education (DepEd),001,Office of the Secretary,3104,310400100007,Government Assistance and Subsidies - Voucher Program for Non-DepEd Public High School (per RA No. 10533),GAA 2024,,,,,2024 DepEd - GAA
07,Department of Education (DepEd),001,Office of the Secretary,3104,310400100008,Joint Delivery Voucher for Senior High School Technical Vocational and Livelihood Specializations,GAA 2024,0.0,1479501000.0,0.0,1479501000.0,2024 DepEd - GAA
07,Department of Education (DepEd),001,Office of the Secretary,3104,310400100009,Operational Requirements of Sports Academy and Training Centers,GAA 2024,,,,,2024 DepEd - GAA
07,Department of Education (DepEd),001,Office of the Secretary,3104,310400100010,"Implementation of the Grant of Cash Allowance, Hardship Pay, and Reclassification of Positions",GAA 2024,5137850000.0,4725410000.0,0.0,9863260000.0,2024 DepEd - GAA
07,Department of Education (DepEd),001,Office of the Secretary,3104,310400100011,School Dental Health Care Program,GAA 2024,,,,,2024 DepEd - GAA
07,Department of Education (DepEd),001,Office of the Secretary,3104,310400100013,World Teachers' Day Incentive Benefits,GAA 2024,912257000.0,0.0,0.0,912257000.0,2024 DepEd - GAA
07,Department of Education (DepEd),001,Office of the Secretary,3104,310400100014,Establishment and Operational Requirement of the National Academy of Sports,GAA 2024,,,,,2024 DepEd - GAA
07,Department of Education (DepEd),001,Office of the Secretary,3104,310400100015,Government Assistance and Subsidies - Educational Service Contracting (ESC) Program for Private Junior High School (per R.A. No. 8545),GAA 2024,0.0,12689879000.0,0.0,12689879000.0,2024 DepEd - GAA
07,Department of Education (DepEd),001,Office of the Secretary,3104,310400100016,Government Assistance and Subsidies - Senior High School Voucher Program,GAA 2024,,,,,2024 DepEd - GAA
07,Department of Education (DepEd),001,Office of the Secretary,3104,310400100017,Subsidies - Senior High School Voucher Program,GAA 2024,0.0,26311393000.0,0.0,26311393000.0,2024 DepEd - GAA
07,Department of Education (DepEd),001,Office of the Secretary,3104,310400100018,"Government Assistance and Subsidies - Training and Upgrading Knowledge for Learners, Teachers, and Achievers in Schools (GAS-TUKLAS)",GAA 2024,,,,,2024 DepEd - GAA
07,Department of Education (DepEd),001,Office of the Secretary,3104,310400100019,School Innovation and Improvement Fund (SIIF) to all DepEd Public Schools,GAA 2024,,,,,2024 DepEd - GAA
07,Department of Education (DepEd),001,Office of the Secretary,3105,310500100001,Human Resource Development for Personnel in Schools and Learning Centers,GAA 2024,32451000.0,3555173000.0,360149000.0,3947773000.0,2024 DepEd - GAA
07,Department of Education (DepEd),001,Office of the Secretary,3105,310500100002,Teacher Quality and Development Program,GAA 2024,3290000.0,150458000.0,0.0,153748000.0,2024 DepEd - GAA
07,Department of Education (DepEd),001,Office of the Secretary,3105,310500300001,Teacher Effectiveness and Competencies Enhancement Project (TEACEP) WB Loan No. 9481-PH,GAA 2024,0.0,0.0,0.0,,2024 DepEd - GAA
07,Department of Education (DepEd),002,National Book Development Board,1000,100000100001,General Management and Supervision,GAA 2024,20175000.0,14089000.0,0.0,34264000.0,2024 DepEd - GAA
07,Department of Education (DepEd),002,National Book Development Board,1000,100000100002,Administration of Personnel Benefits,GAA 2024,,,,,2024 DepEd - GAA
07,Department of Education (DepEd),002,National Book Development Board,3101,310100100001,Capacity Building and Trade Promotion Incentives,GAA 2024,13097000.0,165151000.0,0.0,178248000.0,2024 DepEd - GAA
07,Department of Education (DepEd),002,National Book Development Board,3101,310100100002,"Administration of Awards, Grants, and Incentives",GAA 2024,4135000.0,8085000.0,0.0,12220000.0,2024 DepEd - GAA
07,Department of Education (DepEd),002,National Book Development Board,3101,310100100003,"Policy Development, Research, Information System Management, and Information Campaign",GAA 2024,3076000.0,6208000.0,0.0,9284000.0,2024 DepEd - GAA
07,Department of Education (DepEd),003,National Council for Children's Television,1000,100000100001,General Management and Supervision,GAA 2024,9694000.0,23045000.0,4200000.0,36939000.0,2024 DepEd - GAA
07,Department of Education (DepEd),003,National Council for Children's Television,3101,310100100001,Child-Friendly Television Development Services,GAA 2024,7885000.0,37256000.0,0.0,45141000.0,2024 DepEd - GAA
07,Department of Education (DepEd),004,National Museum of the Philippines,1000,100000100001,General Management and Supervision,GAA 2024,104692000.0,358840000.0,211651000.0,675183000.0,2024 DepEd - GAA
07,Department of Education (DepEd),004,National Museum of the Philippines,1000,100000100002,Administration of Personnel Benefits,GAA 2024,954000.0,0.0,0.0,954000.0,2024 DepEd - GAA
07,Department of Education (DepEd),004,National Museum of the Philippines,2000,200000100001,Project Monitoring and Evaluation Services,GAA 2024,1848000.0,743000.0,0.0,2591000.0,2024 DepEd - GAA
07,Department of Education (DepEd),004,National Museum of the Philippines,3101,310100100001,Management and Development of the National Collections and Related Knowledge Resources (Including Participation to International Meetings and Conferences),GAA 2024,123866000.0,107804000.0,0.0,231670000.0,2024 DepEd - GAA
07,Department of Education (DepEd),004,National Museum of the Philippines,3101,310100100002,"Restoration, Preservation, Protection and Development of Cultural Property",GAA 2024,20303000.0,67358000.0,0.0,87661000.0,2024 DepEd - GAA
07,Department of Education (DepEd),004,National Museum of the Philippines,3101,310100200015,"Restoration of Malacanang sa Sugbo, Cebu City and Converrsion to National Museum Cebu",GAA 2024,,,,,2024 DepEd - GAA
07,Department of Education (DepEd),004,National Museum of the Philippines,3101,310100200016,Development of the National Museum Complex in Manila - Phase 1 (to implement Republic Act No. 11333),GAA 2024,,,,,2024 DepEd - GAA
07,Department of Education (DepEd),004,National Museum of the Philippines,3101,310100200017,"Nightly repair of the Church of Our Lady of Caysasay and associated structures, a declared national cultural treasure in Taal, Batangas",GAA 2024,,,,,2024 DepEd - GAA
07,Department of Education (DepEd),004,National Museum of the Philippines,3101,310100200018,Continuation of Construction of National Museum Building in Davao City,GAA 2024,,,,,2024 DepEd - GAA
07,Department of Education (DepEd),004,National Museum of the Philippines,3101,310100200019,Development of the National Museum Complex in Rizal Park - Manila Phase II,GAA 2024,,,,,2024 DepEd - GAA
07,Department of Education (DepEd),004,National Museum of the Philippines,3101,310100200020,Development of Information Management Systems,GAA 2024,,,,,2024 DepEd - GAA
07,Department of Education (DepEd),004,National Museum of the Philippines,3101,310100200021,"Restoration and Continued Repair of Our Lady of Caysasay Church and Associated Structures (National Cultural Treasure) in Taal, Batangas",GAA 2024,,,,,2024 DepEd - GAA
07,Department of Education (DepEd),004,National Museum of the Philippines,3101,310100200022,"Restoration of the Old Municipal Hall and the Municipal Plaza (Important Cultural Properties) in Balilihan, Bohol",GAA 2024,,,,,2024 DepEd - GAA
07,Department of Education (DepEd),004,National Museum of the Philippines,3101,310100200023,"Development of National Museum Complex, Manila, Phase 3",GAA 2024,,,,,2024 DepEd - GAA
07,Department of Education (DepEd),004,National Museum of the Philippines,3101,310100200024,"Continued Restoration and Site Development of Our Lady of Caysasay Church and Associated Structures in Taal, Batangas, Phase 3",GAA 2024,,,,,2024 DepEd - GAA
07,Department of Education (DepEd),004,National Museum of the Philippines,3101,310100200025,"Rehabilitation of Former United States Air Force (USAF) Hospital in Clark Freeport, Pampanga and Conversion to National Museum of the Philippines Central Luzon, Phase 1",GAA 2024,,,,,2024 DepEd - GAA
07,Department of Education (DepEd),004,National Museum of the Philippines,3101,310100200026,"Construction of National Museum of the Philippines-Baler in Baler, Aurora",GAA 2024,,,,,2024 DepEd - GAA
07,Department of Education (DepEd),004,National Museum of the Philippines,3101,310100200027,Exhibitions and Fit-Out of Various National Museum of the Philippines - Central and Regional Sites,GAA 2024,0.0,0.0,123143000.0,123143000.0,2024 DepEd - GAA
07,Department of Education (DepEd),004,National Museum of the Philippines,3101,310100200028,"Rehabilitation of National Museum of the Philippines-Kabayan Burial Cave Site Museum and Satellite Office in Kabayan, Benguet",GAA 2024,,,,,2024 DepEd - GAA
07,Department of Education (DepEd),004,National Museum of the Philippines,3101,310100200029,"Improvement of Rocha House in Sitio Ubos in Tagbilaran City, Bohol (Declared Important Cultural Property)",GAA 2024,,,,,2024 DepEd - GAA
07,Department of Education (DepEd),004,National Museum of the Philippines,3101,310100200030,"Development of National Museum Complex, Manila, Phase IV",GAA 2024,0.0,0.0,50000000.0,50000000.0,2024 DepEd - GAA
07,Department of Education (DepEd),004,National Museum of the Philippines,3101,310100200031,"Construction of National Museum of the Philippines-Baler in Baler, Aurora (Phase II)",GAA 2024,0.0,0.0,150000000.0,150000000.0,2024 DepEd - GAA
07,Department of Education (DepEd),004,National Museum of the Philippines,3101,310100200032,"Continued Restoration and Site Development of Our Lady of Caysasay Church and Associated Structures in Taal, Batangas, Phase IV",GAA 2024,0.0,0.0,18000000.0,18000000.0,2024 DepEd - GAA
07,Department of Education (DepEd),004,National Museum of the Philippines,3101,310100200033,"Repair and Preventive Conservation Maintenance of Casa Rocha (Important Cultural Property) in Tagbilaran City, Bohol",GAA 2024,0.0,0.0,6000000.0,6000000.0,2024 DepEd - GAA
07,Department of Education (DepEd),004,National Museum of the Philippines,3101,310100200034,Restoration and Development of NMP Museums and Declared/Associated Heritage Sites in the Visayas,GAA 2024,0.0,0.0,54000000.0,54000000.0,2024 DepEd - GAA
07,Department of Education (DepEd),004,National Museum of the Philippines,3101,310100200035,"Rehabilitation of Former United States Air Force (USAF) Hospital in Clark Freeport, Pampanga, and Conversion to National Museum of the Philippines Central Luzon, Phase II",GAA 2024,,,,,2024 DepEd - GAA
07,Department of Education (DepEd),004,National Museum of the Philippines,3101,310100200036,"Completion of Restoration of Our Lady of Caysasay Church and Associated Structures in Taal, Batangas City",GAA 2024,,,,,2024 DepEd - GAA
07,Department of Education (DepEd),004,National Museum of the Philippines,3101,310100200037,"Rehabilitation of National Museum of the Philippines Kabayan Burial Caves Site Museum and Satellite Office in Kabayan, Benguet, Phase II",GAA 2024,,,,,2024 DepEd - GAA
07,Department of Education (DepEd),004,National Museum of the Philippines,3101,310100200038,Completion of the Development of the National Museum Complex in Manila,GAA 2024,,,,,2024 DepEd - GAA
07,Department of Education (DepEd),004,National Museum of the Philippines,3101,310100200039,"Continuation of the Development of NMP-General Aniceto Lacson Ancestral House in Talisay City, Negros Occidental",GAA 2024,,,,,2024 DepEd - GAA
07,Department of Education (DepEd),004,National Museum of the Philippines,3101,310100200040,Rehabilitation of the Sewerage System of the National Museum of Fine Arts (Old Legislative Building),GAA 2024,,,,,2024 DepEd - GAA
07,Department of Education (DepEd),004,National Museum of the Philippines,3101,310100200041,"Development of NMP-Kalibo, Aklan (Phase 1)",GAA 2024,,,,,2024 DepEd - GAA
07,Department of Education (DepEd),004,National Museum of the Philippines,3101,310100200042,"Development of NMP-Koronadal and Lake Sebu, South Cotabato (Phase 1)",GAA 2024,,,,,2024 DepEd - GAA
07,Department of Education (DepEd),004,National Museum of the Philippines,3101,310100200043,"Repair and Restoration of Boljoon Church Complex, Boljoon, Cebu and Development of NMP-Boljoon, Cebu (Phase 1)",GAA 2024,,,,,2024 DepEd - GAA
07,Department of Education (DepEd),004,National Museum of the Philippines,3101,310100200044,"Development of NMP-Paoay, Paoay, Ilocos Norte",GAA 2024,,,,,2024 DepEd - GAA
07,Department of Education (DepEd),004,National Museum of the Philippines,3101,310100200045,"Development of NMP General Ancieto Lacson Ancestral House, Talisay City, Negros Occidental (Phase 2)",GAA 2024,,,,,2024 DepEd - GAA
07,Department of Education (DepEd),004,National Museum of the Philippines,3101,310100200046,"Development of NMP Kalibo, Aklan (Phase 2)",GAA 2024,,,,,2024 DepEd - GAA
07,Department of Education (DepEd),004,National Museum of the Philippines,3101,310100200047,"Development of NMP Koronadal and Lake Sebu, South Cotabato (Phase 2)",GAA 2024,,,,,2024 DepEd - GAA
07,Department of Education (DepEd),004,National Museum of the Philippines,3101,310100200048,Exhibitions and Fit-out of Various National Museum of the Philippines - Central and Regional Sites - Northern Luzon National Museums,GAA 2024,,,,,2024 DepEd - GAA
07,Department of Education (DepEd),005,Philippine High School for the Arts,1000,100000100001,General Management and Supervision,GAA 2024,12815000.0,38510000.0,0.0,51325000.0,2024 DepEd - GAA
07,Department of Education (DepEd),005,Philippine High School for the Arts,1000,100000100002,Administration of Personnel Benefits,GAA 2024,8027000.0,0.0,0.0,8027000.0,2024 DepEd - GAA
07,Department of Education (DepEd),005,Philippine High School for the Arts,3101,310100100001,"Operation of Philippine High School for the Arts Including Outreach, Screening, Student Exchange Program with Other Countries and Production Activities",GAA 2024,12099000.0,36790000.0,0.0,48889000.0,2024 DepEd - GAA
07,Department of Education (DepEd),006,Early Childhood Care and Development Council,1000,100000100001,General Management and Supervision,GAA 2024,16628000.0,20432000.0,3340000.0,40400000.0,2024 DepEd - GAA
07,Department of Education (DepEd),006,Early Childhood Care and Development Council,1000,100000100002,Administration of Personnel Benefits,GAA 2024,,,,,2024 DepEd - GAA
07,Department of Education (DepEd),006,Early Childhood Care and Development Council,3101,310100100001,"Development of Policies, Standards and Guidelines",GAA 2024,0.0,2270000.0,0.0,2270000.0,2024 DepEd - GAA
07,Department of Education (DepEd),006,Early Childhood Care and Development Council,3101,310100100002,Capacity-Building and Institutional Development of Intermediaries and Other Partners,GAA 2024,0.0,38110000.0,0.0,38110000.0,2024 DepEd - GAA
07,Department of Education (DepEd),006,Early Childhood Care and Development Council,3101,310100100003,Accreditation of ECCD Service Providers,GAA 2024,0.0,12730000.0,0.0,12730000.0,2024 DepEd - GAA
07,Department of Education (DepEd),006,Early Childhood Care and Development Council,3101,310100100004,Establishment of National Child Development Centers,GAA 2024,0.0,221656000.0,0.0,221656000.0,2024 DepEd - GAA
07,Department of Education (DepEd),007,National Academy of Sports,1000,100000100001,General Management and Supervision,GAA 2024,44862000.0,57992000.0,0.0,102854000.0,2024 DepEd - GAA
07,Department of Education (DepEd),007,National Academy of Sports,1000,100000100002,Administration of Personnel Benefits,GAA 2024,,,,,2024 DepEd - GAA
07,Department of Education (DepEd),007,National Academy of Sports,3101,310100100001,"Promotion, Development, and Implementation of Quality and Enhanced Sports-Integrated Secondary Education Program",GAA 2024,0.0,112313000.0,15420000.0,127733000.0,2024 DepEd - GAA
07,Department of Education (DepEd),008,Teacher Education Council,1000,100000100001,General Management and Supervision,GAA 2024,,,,,2024 DepEd - GAA
07,Department of Education (DepEd),008,Teacher Education Council,3101,310100100001,Quality Teacher Education Services,GAA 2024,,,,,2024 DepEd - GAA
07,Department of Education (DepEd),001,Office of the Secretary,1000,100000100001,General Administration and Support,Authorized Appropriations 2024,9820317000.0,9001027464.0,2910064947.0,21731409411,2024 DepEd - Authorized Appro
07,Department of Education (DepEd),001,Office of the Secretary,1000,100000100002,Administration of Personnel Benefits,Authorized Appropriations 2024,1364976000.0,0.0,0.0,1364976000,2024 DepEd - Authorized Appro
07,Department of Education (DepEd),001,Office of the Secretary,2000,200000100001,Physical Fitness and School Sports,Authorized Appropriations 2024,8474000.0,706411000.0,0.0,714885000,2024 DepEd - Authorized Appro
07,Department of Education (DepEd),001,Office of the Secretary,2000,200000100002,Development and Management of Bilateral and Multilateral Education Projects,Authorized Appropriations 2024,13965000.0,11088000.0,0.0,25053000,2024 DepEd - Authorized Appro
07,Department of Education (DepEd),001,Office of the Secretary,2000,200000100003,Management and Administration of Learning Resources,Authorized Appropriations 2024,47867000.0,9927000.0,0.0,57794000,2024 DepEd - Authorized Appro
07,Department of Education (DepEd),001,Office of the Secretary,2000,200000100004,Planning and Management Information Systems,Authorized Appropriations 2024,123588000.0,39479000.0,0.0,163067000,2024 DepEd - Authorized Appro
07,Department of Education (DepEd),001,Office of the Secretary,2000,200000100005,Education Information and Communication Services,Authorized Appropriations 2024,21866000.0,48713000.0,4828000.0,75407000,2024 DepEd - Authorized Appro
07,Department of Education (DepEd),001,Office of the Secretary,2000,200000100006,Learner Support Programs,Authorized Appropriations 2024,2438191000.0,488467000.0,0.0,2926658000,2024 DepEd - Authorized Appro
07,Department of Education (DepEd),001,Office of the Secretary,2000,200000100007,Building Partnerships and Linkages Program,Authorized Appropriations 2024,8677000.0,86726000.0,0.0,95403000,2024 DepEd - Authorized Appro
07,Department of Education (DepEd),001,Office of the Secretary,2000,200000100008,Legal Services and Development of Education-Related Laws and Rules,Authorized Appropriations 2024,22810000.0,73665000.0,0.0,96475000,2024 DepEd - Authorized Appro
07,Department of Education (DepEd),001,Office of the Secretary,2000,200000100009,Child Protection Program,Authorized Appropriations 2024,0.0,82599000.0,0.0,82599000,2024 DepEd - Authorized Appro
07,Department of Education (DepEd),001,Office of the Secretary,2000,200000100010,Disaster Preparedness and Response Program,Authorized Appropriations 2024,10059000.0,2156202000.0,1490000.0,2167751000,2024 DepEd - Authorized Appro
07,Department of Education (DepEd),001,Office of the Secretary,2000,200000100011,Organizational and Professional Development for Non-Teaching Personnel,Authorized Appropriations 2024,179950000.0,148765000.0,0.0,328715000,2024 DepEd - Authorized Appro
07,Department of Education (DepEd),001,Office of the Secretary,2000,200000100012,Operational Expenses of the DepEd Task Force on the 2022 National and Local Elections,Authorized Appropriations 2024,,,,0,2024 DepEd - Authorized Appro
07,Department of Education (DepEd),001,Office of the Secretary,2000,200000100013,Operational Expenses of the DepEd - Election Task Force,Authorized Appropriations 2024,,,,0,2024 DepEd - Authorized Appro
07,Department of Education (DepEd),001,Office of the Secretary,3101,310100100001,National Assessment Systems for Basic Education,Authorized Appropriations 2024,28795000.0,1053359000.0,351340000.0,1433494000,2024 DepEd - Authorized Appro
07,Department of Education (DepEd),001,Office of the Secretary,3101,310100100002,Policy and Research Program,Authorized Appropriations 2024,2089056000.0,35880000.0,0.0,2124936000,2024 DepEd - Authorized Appro
07,Department of Education (DepEd),001,Office of the Secretary,3101,310100100003,Basic Education Curriculum,Authorized Appropriations 2024,134758000.0,4000000000.0,0.0,4134758000,2024 DepEd - Authorized Appro
07,Department of Education (DepEd),001,Office of the Secretary,3101,310100100004,"Curriculum Programs, Learning Management Models, Standards and Strategy Development",Authorized Appropriations 2024,6815602000.0,1583000.0,0.0,6817185000,2024 DepEd - Authorized Appro
07,Department of Education (DepEd),001,Office of the Secretary,3101,310100100005,Development and Promotion of Campus Journalism,Authorized Appropriations 2024,0.0,75204000.0,0.0,75204000,2024 DepEd - Authorized Appro
07,Department of Education (DepEd),001,Office of the Secretary,3101,310100100006,National Literacy Policies and Programs,Authorized Appropriations 2024,4099000.0,20000000.0,0.0,24099000,2024 DepEd - Authorized Appro
07,Department of Education (DepEd),001,Office of the Secretary,3101,310100100007,Early Language Literacy and Numeracy,Authorized Appropriations 2024,0.0,81675000.0,0.0,81675000,2024 DepEd - Authorized Appro
07,Department of Education (DepEd),001,Office of the Secretary,3102,310200100001,Improvement and Acquisition of School Sites,Authorized Appropriations 2024,0.0,31322000.0,71500000.0,102822000,2024 DepEd - Authorized Appro
07,Department of Education (DepEd),001,Office of the Secretary,3102,310200100002,New School Personnel Positions,Authorized Appropriations 2024,26101899000.0,200000000.0,0.0,26301899000,2024 DepEd - Authorized Appro
07,Department of Education (DepEd),001,Office of the Secretary,3102,310200100003,Learning Tools and Equipment,Authorized Appropriations 2024,0.0,3948690000.0,0.0,3948690000,2024 DepEd - Authorized Appro
07,Department of Education (DepEd),001,Office of the Secretary,3102,310200100004,Textbooks and Other Instructional Materials,Authorized Appropriations 2024,0.0,12038902000.0,0.0,12038902000,2024 DepEd - Authorized Appro
07,Department of Education (DepEd),001,Office of the Secretary,3102,310200100005,Computerization Program,Authorized Appropriations 2024,23601000.0,2859394000.0,6022422200.0,8905417200,2024 DepEd - Authorized Appro
07,Department of Education (DepEd),001,Office of the Secretary,3102,310200100006,Basic Education Facilities,Authorized Appropriations 2024,2466095000.0,31415284830.0,0.0,33881379830,2024 DepEd - Authorized Appro
07,Department of Education (DepEd),001,Office of the Secretary,3102,310200100007,Conservation and Restoration of Gabaldon and Other Heritage School Buildings,Authorized Appropriations 2024,0.0,0.0,1133965000.0,1133965000,2024 DepEd - Authorized Appro
07,Department of Education (DepEd),001,Office of the Secretary,3102,310200100010,Quick Response Fund,Authorized Appropriations 2024,0.0,0.0,3000000000.0,3000000000,2024 DepEd - Authorized Appro
07,Department of Education (DepEd),001,Office of the Secretary,3102,310200100011,Last Mile Schools Program,Authorized Appropriations 2024,0.0,0.0,3000000000.0,3000000000,2024 DepEd - Authorized Appro
07,Department of Education (DepEd),001,Office of the Secretary,3102,310200100012,Public Schools Infrastructure Program (PSIP),Authorized Appropriations 2024,,,,0,2024 DepEd - Authorized Appro
07,Department of Education (DepEd),001,Office of the Secretary,3102,310200200001,Connectivity Enhancement Program for e-Learning in Public Schools,Authorized Appropriations 2024,,,,0,2024 DepEd - Authorized Appro
07,Department of Education (DepEd),001,Office of the Secretary,3102,310200300001,Infrastructure for Safer and Resilient Schools (ISRS) Project WB Loan No. 9704-PH,Authorized Appropriations 2024,,,,0,2024 DepEd - Authorized Appro
07,Department of Education (DepEd),001,Office of the Secretary,3103,310300100001,Multigrade Education,Authorized Appropriations 2024,0.0,161512000.0,0.0,161512000,2024 DepEd - Authorized Appro
07,Department of Education (DepEd),001,Office of the Secretary,3103,310300100002,Indigenous Peoples Education (IPEd) Program,Authorized Appropriations 2024,0.0,154436000.0,0.0,154436000,2024 DepEd - Authorized Appro
07,Department of Education (DepEd),001,Office of the Secretary,3103,310300100003,Flexible Learning Options (ADM/ALS/EiE),Authorized Appropriations 2024,0.0,4277520329.0,700.0,4277521029,2024 DepEd - Authorized Appro
07,Department of Education (DepEd),001,Office of the Secretary,3103,310300100004,Madrasah Education Program,Authorized Appropriations 2024,0.0,431639000.0,0.0,431639000,2024 DepEd - Authorized Appro
07,Department of Education (DepEd),001,Office of the Secretary,3103,310300100005,Special Needs Education Program,Authorized Appropriations 2024,0.0,999225000.0,0.0,999225000,2024 DepEd - Authorized Appro
07,Department of Education (DepEd),001,Office of the Secretary,3104,310400100001,School-Based Feeding Program (SBFP),Authorized Appropriations 2024,0.0,11711147000.0,0.0,11711147000,2024 DepEd - Authorized Appro
07,Department of Education (DepEd),001,Office of the Secretary,3104,310400100002,Operation of Schools - Elementary (Kinder to Grade 6),Authorized Appropriations 2024,297161181000.0,18578879000.0,0.0,315740060000,2024 DepEd - Authorized Appro
07,Department of Education (DepEd),001,Office of the Secretary,3104,310400100003,Operation of Schools - Junior High School (Grade 7 to Grade 10),Authorized Appropriations 2024,166559652000.0,12995109000.0,0.0,179554761000,2024 DepEd - Authorized Appro
07,Department of Education (DepEd),001,Office of the Secretary,3104,310400100004,Operation of Schools - Senior High School (Grade 11 to Grade 12),Authorized Appropriations 2024,48609124000.0,6140003000.0,0.0,54749127000,2024 DepEd - Authorized Appro
07,Department of Education (DepEd),001,Office of the Secretary,3104,310400100005,Government Assistance and Subsidies - Educational Service Contracting (ESC) Program for Private Junior High School (per RA No. 8545),Authorized Appropriations 2024,,,,0,2024 DepEd - Authorized Appro
07,Department of Education (DepEd),001,Office of the Secretary,3104,310400100006,Government Assistance and Subsidies - Voucher Program for Private Senior High School (per RA No. 10533),Authorized Appropriations 2024,,,,0,2024 DepEd - Authorized Appro
07,Department of Education (DepEd),001,Office of the Secretary,3104,310400100007,Government Assistance and Subsidies - Voucher Program for Non-DepEd Public High School (per RA No. 10533),Authorized Appropriations 2024,,,,0,2024 DepEd - Authorized Appro
07,Department of Education (DepEd),001,Office of the Secretary,3104,310400100008,Joint Delivery Voucher for Senior High School Technical Vocational and Livelihood Specializations,Authorized Appropriations 2024,0.0,1479501000.0,0.0,1479501000,2024 DepEd - Authorized Appro
07,Department of Education (DepEd),001,Office of the Secretary,3104,310400100009,Operational Requirements of Sports Academy and Training Centers,Authorized Appropriations 2024,,,,0,2024 DepEd - Authorized Appro
07,Department of Education (DepEd),001,Office of the Secretary,3104,310400100010,"Implementation of the Grant of Cash Allowance, Hardship Pay, and Reclassification of Positions",Authorized Appropriations 2024,5137850000.0,4725410000.0,0.0,9863260000,2024 DepEd - Authorized Appro
07,Department of Education (DepEd),001,Office of the Secretary,3104,310400100011,School Dental Health Care Program,Authorized Appropriations 2024,0.0,0.0,0.0,0,2024 DepEd - Authorized Appro
07,Department of Education (DepEd),001,Office of the Secretary,3104,310400100013,World Teachers' Day Incentive Benefits,Authorized Appropriations 2024,912257000.0,0.0,0.0,912257000,2024 DepEd - Authorized Appro
07,Department of Education (DepEd),001,Office of the Secretary,3104,310400100014,Establishment and Operational Requirement of the National Academy of Sports,Authorized Appropriations 2024,,,,0,2024 DepEd - Authorized Appro
07,Department of Education (DepEd),001,Office of the Secretary,3104,310400100015,Government Assistance and Subsidies - Educational Service Contracting (ESC) Program for Private Junior High School (per R.A. No. 8545),Authorized Appropriations 2024,0.0,12689879000.0,0.0,12689879000,2024 DepEd - Authorized Appro
07,Department of Education (DepEd),001,Office of the Secretary,3104,310400100016,Government Assistance and Subsidies - Senior High School Voucher Program,Authorized Appropriations 2024,,,,,2024 DepEd - Authorized Appro
07,Department of Education (DepEd),001,Office of the Secretary,3104,310400100017,Subsidies - Senior High School Voucher Program,Authorized Appropriations 2024,0.0,26311393000.0,0.0,26311393000,2024 DepEd - Authorized Appro
07,Department of Education (DepEd),001,Office of the Secretary,3104,310400100018,"Government Assistance and Subsidies - Training and Upgrading Knowledge for Learners, Teachers, and Achievers in Schools (GAS-TUKLAS)",Authorized Appropriations 2024,,,,0,2024 DepEd - Authorized Appro
07,Department of Education (DepEd),001,Office of the Secretary,3104,310400100019,School Innovation and Improvement Fund (SIIF) to all DepEd Public Schools,Authorized Appropriations 2024,,,,0,2024 DepEd - Authorized Appro
07,Department of Education (DepEd),001,Office of the Secretary,3105,310500100001,Human Resource Development for Personnel in Schools and Learning Centers,Authorized Appropriations 2024,35501000.0,3555173000.0,360149000.0,3950823000,2024 DepEd - Authorized Appro
07,Department of Education (DepEd),001,Office of the Secretary,3105,310500100002,Teacher Quality and Development Program,Authorized Appropriations 2024,3599000.0,150458000.0,0.0,154057000,2024 DepEd - Authorized Appro
07,Department of Education (DepEd),001,Office of the Secretary,3105,310500300001,Teacher Effectiveness and Competencies Enhancement Project (TEACEP) WB Loan No. 9481-PH,Authorized Appropriations 2024,0.0,0.0,0.0,0,2024 DepEd - Authorized Appro
07,Department of Education (DepEd),002,National Book Development Board,1000,100000100001,General Management and Supervision,Authorized Appropriations 2024,,,,0,2024 DepEd - Authorized Appro
07,Department of Education (DepEd),002,National Book Development Board,1000,100000100002,Administration of Personnel Benefits,Authorized Appropriations 2024,,,,0,2024 DepEd - Authorized Appro
07,Department of Education (DepEd),002,National Book Development Board,3101,310100100001,Capacity Building and Trade Promotion Incentives,Authorized Appropriations 2024,,,,0,2024 DepEd - Authorized Appro
07,Department of Education (DepEd),002,National Book Development Board,3101,310100100002,"Administration of Awards, Grants, and Incentives",Authorized Appropriations 2024,,,,0,2024 DepEd - Authorized Appro
07,Department of Education (DepEd),002,National Book Development Board,3101,310100100003,"Policy Development, Research, Information System Management, and Information Campaign",Authorized Appropriations 2024,,,,0,2024 DepEd - Authorized Appro
07,Department of Education (DepEd),003,National Council for Children's Television,1000,100000100001,General Management and Supervision,Authorized Appropriations 2024,,,,0,2024 DepEd - Authorized Appro
07,Department of Education (DepEd),003,National Council for Children's Television,3101,310100100001,Child-Friendly Television Development Services,Authorized Appropriations 2024,,,,0,2024 DepEd - Authorized Appro
07,Department of Education (DepEd),004,National Museum of the Philippines,1000,100000100001,General Management and Supervision,Authorized Appropriations 2024,,,,0,2024 DepEd - Authorized Appro
07,Department of Education (DepEd),004,National Museum of the Philippines,1000,100000100002,Administration of Personnel Benefits,Authorized Appropriations 2024,,,,0,2024 DepEd - Authorized Appro
07,Department of Education (DepEd),004,National Museum of the Philippines,2000,200000100001,Project Monitoring and Evaluation Services,Authorized Appropriations 2024,,,,0,2024 DepEd - Authorized Appro
07,Department of Education (DepEd),004,National Museum of the Philippines,3101,310100100001,Management and Development of the National Collections and Related Knowledge Resources (Including Participation to International Meetings and Conferences),Authorized Appropriations 2024,,,,0,2024 DepEd - Authorized Appro
07,Department of Education (DepEd),004,National Museum of the Philippines,3101,310100100002,"Restoration, Preservation, Protection and Development of Cultural Property",Authorized Appropriations 2024,,,,0,2024 DepEd - Authorized Appro
07,Department of Education (DepEd),004,National Museum of the Philippines,3101,310100200015,"Restoration of Malacanang sa Sugbo, Cebu City and Converrsion to National Museum Cebu",Authorized Appropriations 2024,,,,0,2024 DepEd - Authorized Appro
07,Department of Education (DepEd),004,National Museum of the Philippines,3101,310100200016,Development of the National Museum Complex in Manila - Phase 1 (to implement Republic Act No. 11333),Authorized Appropriations 2024,,,,0,2024 DepEd - Authorized Appro
07,Department of Education (DepEd),004,National Museum of the Philippines,3101,310100200017,"Nightly repair of the Church of Our Lady of Caysasay and associated structures, a declared national cultural treasure in Taal, Batangas",Authorized Appropriations 2024,,,,0,2024 DepEd - Authorized Appro
07,Department of Education (DepEd),004,National Museum of the Philippines,3101,310100200018,Continuation of Construction of National Museum Building in Davao City,Authorized Appropriations 2024,,,,0,2024 DepEd - Authorized Appro
07,Department of Education (DepEd),004,National Museum of the Philippines,3101,310100200019,Development of the National Museum Complex in Rizal Park - Manila Phase II,Authorized Appropriations 2024,,,,0,2024 DepEd - Authorized Appro
07,Department of Education (DepEd),004,National Museum of the Philippines,3101,310100200020,Development of Information Management Systems,Authorized Appropriations 2024,,,,0,2024 DepEd - Authorized Appro
07,Department of Education (DepEd),004,National Museum of the Philippines,3101,310100200021,"Restoration and Continued Repair of Our Lady of Caysasay Church and Associated Structures (National Cultural Treasure) in Taal, Batangas",Authorized Appropriations 2024,,,,0,2024 DepEd - Authorized Appro
07,Department of Education (DepEd),004,National Museum of the Philippines,3101,310100200022,"Restoration of the Old Municipal Hall and the Municipal Plaza (Important Cultural Properties) in Balilihan, Bohol",Authorized Appropriations 2024,,,,0,2024 DepEd - Authorized Appro
07,Department of Education (DepEd),004,National Museum of the Philippines,3101,310100200023,"Development of National Museum Complex, Manila, Phase 3",Authorized Appropriations 2024,,,,0,2024 DepEd - Authorized Appro
07,Department of Education (DepEd),004,National Museum of the Philippines,3101,310100200024,"Continued Restoration and Site Development of Our Lady of Caysasay Church and Associated Structures in Taal, Batangas, Phase 3",Authorized Appropriations 2024,,,,0,2024 DepEd - Authorized Appro
07,Department of Education (DepEd),004,National Museum of the Philippines,3101,310100200025,"Rehabilitation of Former United States Air Force (USAF) Hospital in Clark Freeport, Pampanga and Conversion to National Museum of the Philippines Central Luzon, Phase 1",Authorized Appropriations 2024,,,,0,2024 DepEd - Authorized Appro
07,Department of Education (DepEd),004,National Museum of the Philippines,3101,310100200026,"Construction of National Museum of the Philippines-Baler in Baler, Aurora",Authorized Appropriations 2024,,,,0,2024 DepEd - Authorized Appro
07,Department of Education (DepEd),004,National Museum of the Philippines,3101,310100200027,Exhibitions and Fit-Out of Various National Museum of the Philippines - Central and Regional Sites,Authorized Appropriations 2024,,,,0,2024 DepEd - Authorized Appro
07,Department of Education (DepEd),004,National Museum of the Philippines,3101,310100200028,"Rehabilitation of National Museum of the Philippines-Kabayan Burial Cave Site Museum and Satellite Office in Kabayan, Benguet",Authorized Appropriations 2024,,,,0,2024 DepEd - Authorized Appro
07,Department of Education (DepEd),004,National Museum of the Philippines,3101,310100200029,"Improvement of Rocha House in Sitio Ubos in Tagbilaran City, Bohol (Declared Important Cultural Property)",Authorized Appropriations 2024,,,,0,2024 DepEd - Authorized Appro
07,Department of Education (DepEd),004,National Museum of the Philippines,3101,310100200030,"Development of National Museum Complex, Manila, Phase IV",Authorized Appropriations 2024,,,,0,2024 DepEd - Authorized Appro
07,Department of Education (DepEd),004,National Museum of the Philippines,3101,310100200031,"Construction of National Museum of the Philippines-Baler in Baler, Aurora (Phase II)",Authorized Appropriations 2024,,,,0,2024 DepEd - Authorized Appro
07,Department of Education (DepEd),004,National Museum of the Philippines,3101,310100200032,"Continued Restoration and Site Development of Our Lady of Caysasay Church and Associated Structures in Taal, Batangas, Phase IV",Authorized Appropriations 2024,,,,0,2024 DepEd - Authorized Appro
07,Department of Education (DepEd),004,National Museum of the Philippines,3101,310100200033,"Repair and Preventive Conservation Maintenance of Casa Rocha (Important Cultural Property) in Tagbilaran City, Bohol",Authorized Appropriations 2024,,,,0,2024 DepEd - Authorized Appro
07,Department of Education (DepEd),004,National Museum of the Philippines,3101,310100200034,Restoration and Development of NMP Museums and Declared/Associated Heritage Sites in the Visayas,Authorized Appropriations 2024,,,,0,2024 DepEd - Authorized Appro
07,Department of Education (DepEd),004,National Museum of the Philippines,3101,310100200035,"Rehabilitation of Former United States Air Force (USAF) Hospital in Clark Freeport, Pampanga, and Conversion to National Museum of the Philippines Central Luzon, Phase II",Authorized Appropriations 2024,,,,0,2024 DepEd - Authorized Appro
07,Department of Education (DepEd),004,National Museum of the Philippines,3101,310100200036,"Completion of Restoration of Our Lady of Caysasay Church and Associated Structures in Taal, Batangas City",Authorized Appropriations 2024,,,,0,2024 DepEd - Authorized Appro
07,Department of Education (DepEd),004,National Museum of the Philippines,3101,310100200037,"Rehabilitation of National Museum of the Philippines Kabayan Burial Caves Site Museum and Satellite Office in Kabayan, Benguet, Phase II",Authorized Appropriations 2024,,,,0,2024 DepEd - Authorized Appro
07,Department of Education (DepEd),004,National Museum of the Philippines,3101,310100200038,Completion of the Development of the National Museum Complex in Manila,Authorized Appropriations 2024,,,,0,2024 DepEd - Authorized Appro
07,Department of Education (DepEd),004,National Museum of the Philippines,3101,310100200039,"Continuation of the Development of NMP-General Aniceto Lacson Ancestral House in Talisay City, Negros Occidental",Authorized Appropriations 2024,,,,0,2024 DepEd - Authorized Appro
07,Department of Education (DepEd),004,National Museum of the Philippines,3101,310100200040,Rehabilitation of the Sewerage System of the National Museum of Fine Arts (Old Legislative Building),Authorized Appropriations 2024,,,,0,2024 DepEd - Authorized Appro
07,Department of Education (DepEd),004,National Museum of the Philippines,3101,310100200041,"Development of NMP-Kalibo, Aklan (Phase 1)",Authorized Appropriations 2024,,,,0,2024 DepEd - Authorized Appro
07,Department of Education (DepEd),004,National Museum of the Philippines,3101,310100200042,"Development of NMP-Koronadal and Lake Sebu, South Cotabato (Phase 1)",Authorized Appropriations 2024,,,,0,2024 DepEd - Authorized Appro
07,Department of Education (DepEd),004,National Museum of the Philippines,3101,310100200043,"Repair and Restoration of Boljoon Church Complex, Boljoon, Cebu and Development of NMP-Boljoon, Cebu (Phase 1)",Authorized Appropriations 2024,,,,0,2024 DepEd - Authorized Appro
07,Department of Education (DepEd),004,National Museum of the Philippines,3101,310100200044,"Development of NMP-Paoay, Paoay, Ilocos Norte",Authorized Appropriations 2024,,,,0,2024 DepEd - Authorized Appro
07,Department of Education (DepEd),004,National Museum of the Philippines,3101,310100200045,"Development of NMP General Ancieto Lacson Ancestral House, Talisay City, Negros Occidental (Phase 2)",Authorized Appropriations 2024,,,,0,2024 DepEd - Authorized Appro
07,Department of Education (DepEd),004,National Museum of the Philippines,3101,310100200046,"Development of NMP Kalibo, Aklan (Phase 2)",Authorized Appropriations 2024,,,,0,2024 DepEd - Authorized Appro
07,Department of Education (DepEd),004,National Museum of the Philippines,3101,310100200047,"Development of NMP Koronadal and Lake Sebu, South Cotabato (Phase 2)",Authorized Appropriations 2024,,,,0,2024 DepEd - Authorized Appro
07,Department of Education (DepEd),004,National Museum of the Philippines,3101,310100200048,Exhibitions and Fit-out of Various National Museum of the Philippines - Central and Regional Sites - Northern Luzon National Museums,Authorized Appropriations 2024,,,,0,2024 DepEd - Authorized Appro
07,Department of Education (DepEd),005,Philippine High School for the Arts,1000,100000100001,General Management and Supervision,Authorized Appropriations 2024,,,,0,2024 DepEd - Authorized Appro
07,Department of Education (DepEd),005,Philippine High School for the Arts,1000,100000100002,Administration of Personnel Benefits,Authorized Appropriations 2024,,,,0,2024 DepEd - Authorized Appro
07,Department of Education (DepEd),005,Philippine High School for the Arts,3101,310100100001,"Operation of Philippine High School for the Arts Including Outreach, Screening, Student Exchange Program with Other Countries and Production Activities",Authorized Appropriations 2024,,,,0,2024 DepEd - Authorized Appro
07,Department of Education (DepEd),006,Early Childhood Care and Development Council,1000,100000100001,General Management and Supervision,Authorized Appropriations 2024,,,,0,2024 DepEd - Authorized Appro
07,Department of Education (DepEd),006,Early Childhood Care and Development Council,1000,100000100002,Administration of Personnel Benefits,Authorized Appropriations 2024,,,,0,2024 DepEd - Authorized Appro
07,Department of Education (DepEd),006,Early Childhood Care and Development Council,3101,310100100001,"Development of Policies, Standards and Guidelines",Authorized Appropriations 2024,,,,0,2024 DepEd - Authorized Appro
07,Department of Education (DepEd),006,Early Childhood Care and Development Council,3101,310100100002,Capacity-Building and Institutional Development of Intermediaries and Other Partners,Authorized Appropriations 2024,,,,0,2024 DepEd - Authorized Appro
07,Department of Education (DepEd),006,Early Childhood Care and Development Council,3101,310100100003,Accreditation of ECCD Service Providers,Authorized Appropriations 2024,,,,0,2024 DepEd - Authorized Appro
07,Department of Education (DepEd),006,Early Childhood Care and Development Council,3101,310100100004,Establishment of National Child Development Centers,Authorized Appropriations 2024,,,,0,2024 DepEd - Authorized Appro
07,Department of Education (DepEd),007,National Academy of Sports,1000,100000100001,General Management and Supervision,Authorized Appropriations 2024,,,,0,2024 DepEd - Authorized Appro
07,Department of Education (DepEd),007,National Academy of Sports,1000,100000100002,Administration of Personnel Benefits,Authorized Appropriations 2024,,,,0,2024 DepEd - Authorized Appro
07,Department of Education (DepEd),007,National Academy of Sports,3101,310100100001,"Promotion, Development, and Implementation of Quality and Enhanced Sports-Integrated Secondary Education Program",Authorized Appropriations 2024,,,,0,2024 DepEd - Authorized Appro
07,Department of Education (DepEd),008,Teacher Education Council,1000,100000100001,General Management and Supervision,Authorized Appropriations 2024,,,,0,2024 DepEd - Authorized Appro
07,Department of Education (DepEd),008,Teacher Education Council,3101,310100100001,Quality Teacher Education Services,Authorized Appropriations 2024,,,,0,2024 DepEd - Authorized Appro
07,Department of Education (DepEd),001,Office of the Secretary,1000,100000100001,General Administration and Support,Authorized Appropriations 2024,14554023435.09,10582761344.57,3365912982.22,28502697762,2024 DepEd - Adjusted Appro
07,Department of Education (DepEd),001,Office of the Secretary,1000,100000100002,Administration of Personnel Benefits,Authorized Appropriations 2024,1328955290.54,0.0,0.0,1328955291,2024 DepEd - Adjusted Appro
07,Department of Education (DepEd),001,Office of the Secretary,2000,200000100001,Physical Fitness and School Sports,Authorized Appropriations 2024,8906664.77,894691192.39,0.0,903597857.2,2024 DepEd - Adjusted Appro
07,Department of Education (DepEd),001,Office of the Secretary,2000,200000100002,Development and Management of Bilateral and Multilateral Education Projects,Authorized Appropriations 2024,19584038.46,15142675.8,0.0,34726714.26,2024 DepEd - Adjusted Appro
07,Department of Education (DepEd),001,Office of the Secretary,2000,200000100003,Management and Administration of Learning Resources,Authorized Appropriations 2024,49419384.94,13361872.06,0.0,62781257,2024 DepEd - Adjusted Appro
07,Department of Education (DepEd),001,Office of the Secretary,2000,200000100004,Planning and Management Information Systems,Authorized Appropriations 2024,126780919.85,59132343.29,0.0,185913263.1,2024 DepEd - Adjusted Appro
07,Department of Education (DepEd),001,Office of the Secretary,2000,200000100005,Education Information and Communication Services,Authorized Appropriations 2024,22666904.82,49890306.36,4828000.0,77385211.18,2024 DepEd - Adjusted Appro
07,Department of Education (DepEd),001,Office of the Secretary,2000,200000100006,Learner Support Programs,Authorized Appropriations 2024,2423534903.27,643774814.66,0.0,3067309718,2024 DepEd - Adjusted Appro
07,Department of Education (DepEd),001,Office of the Secretary,2000,200000100007,Building Partnerships and Linkages Program,Authorized Appropriations 2024,11028583.55,149496334.53,0.0,160524918.1,2024 DepEd - Adjusted Appro
07,Department of Education (DepEd),001,Office of the Secretary,2000,200000100008,Legal Services and Development of Education-Related Laws and Rules,Authorized Appropriations 2024,27669301.64,85551388.83,0.0,113220690.5,2024 DepEd - Adjusted Appro
07,Department of Education (DepEd),001,Office of the Secretary,2000,200000100009,Child Protection Program,Authorized Appropriations 2024,0.0,106794861.07,0.0,106794861.1,2024 DepEd - Adjusted Appro
07,Department of Education (DepEd),001,Office of the Secretary,2000,200000100010,Disaster Preparedness and Response Program,Authorized Appropriations 2024,11369667.03,3691119018.35,41390633.0,3743879318,2024 DepEd - Adjusted Appro
07,Department of Education (DepEd),001,Office of the Secretary,2000,200000100011,Organizational and Professional Development for Non-Teaching Personnel,Authorized Appropriations 2024,182311051.54,208206365.08,0.0,390517416.6,2024 DepEd - Adjusted Appro
07,Department of Education (DepEd),001,Office of the Secretary,2000,200000100012,Operational Expenses of the DepEd Task Force on the 2022 National and Local Elections,Authorized Appropriations 2024,,,,0,2024 DepEd - Adjusted Appro
07,Department of Education (DepEd),001,Office of the Secretary,2000,200000100013,Operational Expenses of the DepEd - Election Task Force,Authorized Appropriations 2024,,,,0,2024 DepEd - Adjusted Appro
07,Department of Education (DepEd),001,Office of the Secretary,3101,310100100001,National Assessment Systems for Basic Education,Authorized Appropriations 2024,37785822.64,1410176264.37,351340000.0,1799302087,2024 DepEd - Adjusted Appro
07,Department of Education (DepEd),001,Office of the Secretary,3101,310100100002,Policy and Research Program,Authorized Appropriations 2024,2089274154.6,49190622.0,0.0,2138464777,2024 DepEd - Adjusted Appro
07,Department of Education (DepEd),001,Office of the Secretary,3101,310100100003,Basic Education Curriculum,Authorized Appropriations 2024,165206551.07,7695154741.07,0.0,7860361292,2024 DepEd - Adjusted Appro
07,Department of Education (DepEd),001,Office of the Secretary,3101,310100100004,"Curriculum Programs, Learning Management Models, Standards and Strategy Development",Authorized Appropriations 2024,6802250337.31,3138000.0,0.0,6805388337,2024 DepEd - Adjusted Appro
07,Department of Education (DepEd),001,Office of the Secretary,3101,310100100005,Development and Promotion of Campus Journalism,Authorized Appropriations 2024,0.0,82257255.87,0.0,82257255.87,2024 DepEd - Adjusted Appro
07,Department of Education (DepEd),001,Office of the Secretary,3101,310100100006,National Literacy Policies and Programs,Authorized Appropriations 2024,4119764.56,28624537.34,0.0,32744301.9,2024 DepEd - Adjusted Appro
07,Department of Education (DepEd),001,Office of the Secretary,3101,310100100007,Early Language Literacy and Numeracy,Authorized Appropriations 2024,0.0,116590244.01,0.0,116590244,2024 DepEd - Adjusted Appro
07,Department of Education (DepEd),001,Office of the Secretary,3102,310200100001,Improvement and Acquisition of School Sites,Authorized Appropriations 2024,0.0,112997439.16,136500000.0,249497439.2,2024 DepEd - Adjusted Appro
07,Department of Education (DepEd),001,Office of the Secretary,3102,310200100002,New School Personnel Positions,Authorized Appropriations 2024,25936353684.71,200000000.0,0.0,26136353685,2024 DepEd - Adjusted Appro
07,Department of Education (DepEd),001,Office of the Secretary,3102,310200100003,Learning Tools and Equipment,Authorized Appropriations 2024,0.0,5853845000.87,0.0,5853845001,2024 DepEd - Adjusted Appro
07,Department of Education (DepEd),001,Office of the Secretary,3102,310200100004,Textbooks and Other Instructional Materials,Authorized Appropriations 2024,0.0,12734952426.59,0.0,12734952427,2024 DepEd - Adjusted Appro
07,Department of Education (DepEd),001,Office of the Secretary,3102,310200100005,Computerization Program,Authorized Appropriations 2024,24978725.4,17390223856.37,670029247.46,18085231829,2024 DepEd - Adjusted Appro
07,Department of Education (DepEd),001,Office of the Secretary,3102,310200100006,Basic Education Facilities,Authorized Appropriations 2024,0.0,4096061298.91,5198040067.98,9294101367,2024 DepEd - Adjusted Appro
07,Department of Education (DepEd),001,Office of the Secretary,3102,310200100007,Conservation and Restoration of Gabaldon and Other Heritage School Buildings,Authorized Appropriations 2024,0.0,0.0,1307330138.09,1307330138,2024 DepEd - Adjusted Appro
07,Department of Education (DepEd),001,Office of the Secretary,3102,310200100010,Quick Response Fund,Authorized Appropriations 2024,0.0,0.0,3508097715.26,3508097715,2024 DepEd - Adjusted Appro
07,Department of Education (DepEd),001,Office of the Secretary,3102,310200100011,Last Mile Schools Program,Authorized Appropriations 2024,0.0,0.0,3215832645.96,3215832646,2024 DepEd - Adjusted Appro
07,Department of Education (DepEd),001,Office of the Secretary,3102,310200100012,Public Schools Infrastructure Program (PSIP),Authorized Appropriations 2024,,,,0,2024 DepEd - Adjusted Appro
07,Department of Education (DepEd),001,Office of the Secretary,3102,310200200001,Connectivity Enhancement Program for e-Learning in Public Schools,Authorized Appropriations 2024,,,,0,2024 DepEd - Adjusted Appro
07,Department of Education (DepEd),001,Office of the Secretary,3102,310200300001,Infrastructure for Safer and Resilient Schools (ISRS) Project WB Loan No. 9704-PH,Authorized Appropriations 2024,,,,0,2024 DepEd - Adjusted Appro
07,Department of Education (DepEd),001,Office of the Secretary,3103,310300100001,Multigrade Education,Authorized Appropriations 2024,0.0,165227077.84,0.0,165227077.8,2024 DepEd - Adjusted Appro
07,Department of Education (DepEd),001,Office of the Secretary,3103,310300100002,Indigenous Peoples Education (IPEd) Program,Authorized Appropriations 2024,0.0,270017969.11,0.0,270017969.1,2024 DepEd - Adjusted Appro
07,Department of Education (DepEd),001,Office of the Secretary,3103,310300100003,Flexible Learning Options (ADM/ALS/EiE),Authorized Appropriations 2024,0.0,5945549768.41,51914000.0,5997463768,2024 DepEd - Adjusted Appro
07,Department of Education (DepEd),001,Office of the Secretary,3103,310300100004,Madrasah Education Program,Authorized Appropriations 2024,0.0,502197491.74,0.0,502197491.7,2024 DepEd - Adjusted Appro
07,Department of Education (DepEd),001,Office of the Secretary,3103,310300100005,Special Needs Education Program,Authorized Appropriations 2024,0.0,1167098452.68,18380896.51,1185479349,2024 DepEd - Adjusted Appro
07,Department of Education (DepEd),001,Office of the Secretary,3104,310400100001,School-Based Feeding Program (SBFP),Authorized Appropriations 2024,0.0,13734517814.51,0.0,13734517815,2024 DepEd - Adjusted Appro
07,Department of Education (DepEd),001,Office of the Secretary,3104,310400100002,Operation of Schools - Elementary (Kinder to Grade 6),Authorized Appropriations 2024,297210212968.54,18952333090.22,0.0,316162546059,2024 DepEd - Adjusted Appro
07,Department of Education (DepEd),001,Office of the Secretary,3104,310400100003,Operation of Schools - Junior High School (Grade 7 to Grade 10),Authorized Appropriations 2024,166729082657.86,13478169691.3,0.0,180207252349,2024 DepEd - Adjusted Appro
07,Department of Education (DepEd),001,Office of the Secretary,3104,310400100004,Operation of Schools - Senior High School (Grade 11 to Grade 12),Authorized Appropriations 2024,48368300110.37,6441917957.82,0.0,54810218068,2024 DepEd - Adjusted Appro
07,Department of Education (DepEd),001,Office of the Secretary,3104,310400100005,Government Assistance and Subsidies - Educational Service Contracting (ESC) Program for Private Junior High School (per RA No. 8545),Authorized Appropriations 2024,,,,0,2024 DepEd - Adjusted Appro
07,Department of Education (DepEd),001,Office of the Secretary,3104,310400100006,Government Assistance and Subsidies - Voucher Program for Private Senior High School (per RA No. 10533),Authorized Appropriations 2024,,,,0,2024 DepEd - Adjusted Appro
07,Department of Education (DepEd),001,Office of the Secretary,3104,310400100007,Government Assistance and Subsidies - Voucher Program for Non-DepEd Public High School (per RA No. 10533),Authorized Appropriations 2024,,,,0,2024 DepEd - Adjusted Appro
07,Department of Education (DepEd),001,Office of the Secretary,3104,310400100008,Joint Delivery Voucher for Senior High School Technical Vocational and Livelihood Specializations,Authorized Appropriations 2024,0.0,1486680104.03,0.0,1486680104,2024 DepEd - Adjusted Appro
07,Department of Education (DepEd),001,Office of the Secretary,3104,310400100009,Operational Requirements of Sports Academy and Training Centers,Authorized Appropriations 2024,,,,0,2024 DepEd - Adjusted Appro
07,Department of Education (DepEd),001,Office of the Secretary,3104,310400100010,"Implementation of the Grant of Cash Allowance, Hardship Pay, and Reclassification of Positions",Authorized Appropriations 2024,0.0,5063321604.61,5347880702.35,10411202307,2024 DepEd - Adjusted Appro
07,Department of Education (DepEd),001,Office of the Secretary,3104,310400100011,School Dental Health Care Program,Authorized Appropriations 2024,0.0,0.0,0.0,0,2024 DepEd - Adjusted Appro
07,Department of Education (DepEd),001,Office of the Secretary,3104,310400100013,World Teachers' Day Incentive Benefits,Authorized Appropriations 2024,911359974.82,0.0,0.0,911359974.8,2024 DepEd - Adjusted Appro
07,Department of Education (DepEd),001,Office of the Secretary,3104,310400100014,Establishment and Operational Requirement of the National Academy of Sports,Authorized Appropriations 2024,,,,0,2024 DepEd - Adjusted Appro
07,Department of Education (DepEd),001,Office of the Secretary,3104,310400100015,Government Assistance and Subsidies - Educational Service Contracting (ESC) Program for Private Junior High School (per R.A. No. 8545),Authorized Appropriations 2024,0.0,14225765217.59,0.0,14225765218,2024 DepEd - Adjusted Appro
07,Department of Education (DepEd),001,Office of the Secretary,3104,310400100016,Government Assistance and Subsidies - Senior High School Voucher Program,Authorized Appropriations 2024,,,,,2024 DepEd - Adjusted Appro
07,Department of Education (DepEd),001,Office of the Secretary,3104,310400100017,Subsidies - Senior High School Voucher Program,Authorized Appropriations 2024,0.0,26311467734.86,0.0,26311467735,2024 DepEd - Adjusted Appro
07,Department of Education (DepEd),001,Office of the Secretary,3104,310400100018,"Government Assistance and Subsidies - Training and Upgrading Knowledge for Learners, Teachers, and Achievers in Schools (GAS-TUKLAS)",Authorized Appropriations 2024,,,,0,2024 DepEd - Adjusted Appro
07,Department of Education (DepEd),001,Office of the Secretary,3104,310400100019,School Innovation and Improvement Fund (SIIF) to all DepEd Public Schools,Authorized Appropriations 2024,,,,0,2024 DepEd - Adjusted Appro
07,Department of Education (DepEd),001,Office of the Secretary,3105,310500100001,Human Resource Development for Personnel in Schools and Learning Centers,Authorized Appropriations 2024,40535386.12,4568707012.59,360149000.0,4969391399,2024 DepEd - Adjusted Appro
07,Department of Education (DepEd),001,Office of the Secretary,3105,310500100002,Teacher Quality and Development Program,Authorized Appropriations 2024,5137266.05,243110998.21,0.0,248248264.3,2024 DepEd - Adjusted Appro
07,Department of Education (DepEd),001,Office of the Secretary,3105,310500300001,Teacher Effectiveness and Competencies Enhancement Project (TEACEP) WB Loan No. 9481-PH,Authorized Appropriations 2024,0.0,0.0,0.0,0,2024 DepEd - Adjusted Appro
07,Department of Education (DepEd),002,National Book Development Board,1000,100000100001,General Management and Supervision,Authorized Appropriations 2024,,,,0,2024 DepEd - Adjusted Appro
07,Department of Education (DepEd),002,National Book Development Board,1000,100000100002,Administration of Personnel Benefits,Authorized Appropriations 2024,,,,0,2024 DepEd - Adjusted Appro
07,Department of Education (DepEd),002,National Book Development Board,3101,310100100001,Capacity Building and Trade Promotion Incentives,Authorized Appropriations 2024,,,,0,2024 DepEd - Adjusted Appro
07,Department of Education (DepEd),002,National Book Development Board,3101,310100100002,"Administration of Awards, Grants, and Incentives",Authorized Appropriations 2024,,,,0,2024 DepEd - Adjusted Appro
07,Department of Education (DepEd),002,National Book Development Board,3101,310100100003,"Policy Development, Research, Information System Management, and Information Campaign",Authorized Appropriations 2024,,,,0,2024 DepEd - Adjusted Appro
07,Department of Education (DepEd),003,National Council for Children's Television,1000,100000100001,General Management and Supervision,Authorized Appropriations 2024,,,,0,2024 DepEd - Adjusted Appro
07,Department of Education (DepEd),003,National Council for Children's Television,3101,310100100001,Child-Friendly Television Development Services,Authorized Appropriations 2024,,,,0,2024 DepEd - Adjusted Appro
07,Department of Education (DepEd),004,National Museum of the Philippines,1000,100000100001,General Management and Supervision,Authorized Appropriations 2024,,,,0,2024 DepEd - Adjusted Appro
07,Department of Education (DepEd),004,National Museum of the Philippines,1000,100000100002,Administration of Personnel Benefits,Authorized Appropriations 2024,,,,0,2024 DepEd - Adjusted Appro
07,Department of Education (DepEd),004,National Museum of the Philippines,2000,200000100001,Project Monitoring and Evaluation Services,Authorized Appropriations 2024,,,,0,2024 DepEd - Adjusted Appro
07,Department of Education (DepEd),004,National Museum of the Philippines,3101,310100100001,Management and Development of the National Collections and Related Knowledge Resources (Including Participation to International Meetings and Conferences),Authorized Appropriations 2024,,,,0,2024 DepEd - Adjusted Appro
07,Department of Education (DepEd),004,National Museum of the Philippines,3101,310100100002,"Restoration, Preservation, Protection and Development of Cultural Property",Authorized Appropriations 2024,,,,0,2024 DepEd - Adjusted Appro
07,Department of Education (DepEd),004,National Museum of the Philippines,3101,310100200015,"Restoration of Malacanang sa Sugbo, Cebu City and Converrsion to National Museum Cebu",Authorized Appropriations 2024,,,,0,2024 DepEd - Adjusted Appro
07,Department of Education (DepEd),004,National Museum of the Philippines,3101,310100200016,Development of the National Museum Complex in Manila - Phase 1 (to implement Republic Act No. 11333),Authorized Appropriations 2024,,,,0,2024 DepEd - Adjusted Appro
07,Department of Education (DepEd),004,National Museum of the Philippines,3101,310100200017,"Nightly repair of the Church of Our Lady of Caysasay and associated structures, a declared national cultural treasure in Taal, Batangas",Authorized Appropriations 2024,,,,0,2024 DepEd - Adjusted Appro
07,Department of Education (DepEd),004,National Museum of the Philippines,3101,310100200018,Continuation of Construction of National Museum Building in Davao City,Authorized Appropriations 2024,,,,0,2024 DepEd - Adjusted Appro
07,Department of Education (DepEd),004,National Museum of the Philippines,3101,310100200019,Development of the National Museum Complex in Rizal Park - Manila Phase II,Authorized Appropriations 2024,,,,0,2024 DepEd - Adjusted Appro
07,Department of Education (DepEd),004,National Museum of the Philippines,3101,310100200020,Development of Information Management Systems,Authorized Appropriations 2024,,,,0,2024 DepEd - Adjusted Appro
07,Department of Education (DepEd),004,National Museum of the Philippines,3101,310100200021,"Restoration and Continued Repair of Our Lady of Caysasay Church and Associated Structures (National Cultural Treasure) in Taal, Batangas",Authorized Appropriations 2024,,,,0,2024 DepEd - Adjusted Appro
07,Department of Education (DepEd),004,National Museum of the Philippines,3101,310100200022,"Restoration of the Old Municipal Hall and the Municipal Plaza (Important Cultural Properties) in Balilihan, Bohol",Authorized Appropriations 2024,,,,0,2024 DepEd - Adjusted Appro
07,Department of Education (DepEd),004,National Museum of the Philippines,3101,310100200023,"Development of National Museum Complex, Manila, Phase 3",Authorized Appropriations 2024,,,,0,2024 DepEd - Adjusted Appro
07,Department of Education (DepEd),004,National Museum of the Philippines,3101,310100200024,"Continued Restoration and Site Development of Our Lady of Caysasay Church and Associated Structures in Taal, Batangas, Phase 3",Authorized Appropriations 2024,,,,0,2024 DepEd - Adjusted Appro
07,Department of Education (DepEd),004,National Museum of the Philippines,3101,310100200025,"Rehabilitation of Former United States Air Force (USAF) Hospital in Clark Freeport, Pampanga and Conversion to National Museum of the Philippines Central Luzon, Phase 1",Authorized Appropriations 2024,,,,0,2024 DepEd - Adjusted Appro
07,Department of Education (DepEd),004,National Museum of the Philippines,3101,310100200026,"Construction of National Museum of the Philippines-Baler in Baler, Aurora",Authorized Appropriations 2024,,,,0,2024 DepEd - Adjusted Appro
07,Department of Education (DepEd),004,National Museum of the Philippines,3101,310100200027,Exhibitions and Fit-Out of Various National Museum of the Philippines - Central and Regional Sites,Authorized Appropriations 2024,,,,0,2024 DepEd - Adjusted Appro
07,Department of Education (DepEd),004,National Museum of the Philippines,3101,310100200028,"Rehabilitation of National Museum of the Philippines-Kabayan Burial Cave Site Museum and Satellite Office in Kabayan, Benguet",Authorized Appropriations 2024,,,,0,2024 DepEd - Adjusted Appro
07,Department of Education (DepEd),004,National Museum of the Philippines,3101,310100200029,"Improvement of Rocha House in Sitio Ubos in Tagbilaran City, Bohol (Declared Important Cultural Property)",Authorized Appropriations 2024,,,,0,2024 DepEd - Adjusted Appro
07,Department of Education (DepEd),004,National Museum of the Philippines,3101,310100200030,"Development of National Museum Complex, Manila, Phase IV",Authorized Appropriations 2024,,,,0,2024 DepEd - Adjusted Appro
07,Department of Education (DepEd),004,National Museum of the Philippines,3101,310100200031,"Construction of National Museum of the Philippines-Baler in Baler, Aurora (Phase II)",Authorized Appropriations 2024,,,,0,2024 DepEd - Adjusted Appro
07,Department of Education (DepEd),004,National Museum of the Philippines,3101,310100200032,"Continued Restoration and Site Development of Our Lady of Caysasay Church and Associated Structures in Taal, Batangas, Phase IV",Authorized Appropriations 2024,,,,0,2024 DepEd - Adjusted Appro
07,Department of Education (DepEd),004,National Museum of the Philippines,3101,310100200033,"Repair and Preventive Conservation Maintenance of Casa Rocha (Important Cultural Property) in Tagbilaran City, Bohol",Authorized Appropriations 2024,,,,0,2024 DepEd - Adjusted Appro
07,Department of Education (DepEd),004,National Museum of the Philippines,3101,310100200034,Restoration and Development of NMP Museums and Declared/Associated Heritage Sites in the Visayas,Authorized Appropriations 2024,,,,0,2024 DepEd - Adjusted Appro
07,Department of Education (DepEd),004,National Museum of the Philippines,3101,310100200035,"Rehabilitation of Former United States Air Force (USAF) Hospital in Clark Freeport, Pampanga, and Conversion to National Museum of the Philippines Central Luzon, Phase II",Authorized Appropriations 2024,,,,0,2024 DepEd - Adjusted Appro
07,Department of Education (DepEd),004,National Museum of the Philippines,3101,310100200036,"Completion of Restoration of Our Lady of Caysasay Church and Associated Structures in Taal, Batangas City",Authorized Appropriations 2024,,,,0,2024 DepEd - Adjusted Appro
07,Department of Education (DepEd),004,National Museum of the Philippines,3101,310100200037,"Rehabilitation of National Museum of the Philippines Kabayan Burial Caves Site Museum and Satellite Office in Kabayan, Benguet, Phase II",Authorized Appropriations 2024,,,,0,2024 DepEd - Adjusted Appro
07,Department of Education (DepEd),004,National Museum of the Philippines,3101,310100200038,Completion of the Development of the National Museum Complex in Manila,Authorized Appropriations 2024,,,,0,2024 DepEd - Adjusted Appro
07,Department of Education (DepEd),004,National Museum of the Philippines,3101,310100200039,"Continuation of the Development of NMP-General Aniceto Lacson Ancestral House in Talisay City, Negros Occidental",Authorized Appropriations 2024,,,,0,2024 DepEd - Adjusted Appro
07,Department of Education (DepEd),004,National Museum of the Philippines,3101,310100200040,Rehabilitation of the Sewerage System of the National Museum of Fine Arts (Old Legislative Building),Authorized Appropriations 2024,,,,0,2024 DepEd - Adjusted Appro
07,Department of Education (DepEd),004,National Museum of the Philippines,3101,310100200041,"Development of NMP-Kalibo, Aklan (Phase 1)",Authorized Appropriations 2024,,,,0,2024 DepEd - Adjusted Appro
07,Department of Education (DepEd),004,National Museum of the Philippines,3101,310100200042,"Development of NMP-Koronadal and Lake Sebu, South Cotabato (Phase 1)",Authorized Appropriations 2024,,,,0,2024 DepEd - Adjusted Appro
07,Department of Education (DepEd),004,National Museum of the Philippines,3101,310100200043,"Repair and Restoration of Boljoon Church Complex, Boljoon, Cebu and Development of NMP-Boljoon, Cebu (Phase 1)",Authorized Appropriations 2024,,,,0,2024 DepEd - Adjusted Appro
07,Department of Education (DepEd),004,National Museum of the Philippines,3101,310100200044,"Development of NMP-Paoay, Paoay, Ilocos Norte",Authorized Appropriations 2024,,,,0,2024 DepEd - Adjusted Appro
07,Department of Education (DepEd),004,National Museum of the Philippines,3101,310100200045,"Development of NMP General Ancieto Lacson Ancestral House, Talisay City, Negros Occidental (Phase 2)",Authorized Appropriations 2024,,,,0,2024 DepEd - Adjusted Appro
07,Department of Education (DepEd),004,National Museum of the Philippines,3101,310100200046,"Development of NMP Kalibo, Aklan (Phase 2)",Authorized Appropriations 2024,,,,0,2024 DepEd - Adjusted Appro
07,Department of Education (DepEd),004,National Museum of the Philippines,3101,310100200047,"Development of NMP Koronadal and Lake Sebu, South Cotabato (Phase 2)",Authorized Appropriations 2024,,,,0,2024 DepEd - Adjusted Appro
07,Department of Education (DepEd),004,National Museum of the Philippines,3101,310100200048,Exhibitions and Fit-out of Various National Museum of the Philippines - Central and Regional Sites - Northern Luzon National Museums,Authorized Appropriations 2024,,,,0,2024 DepEd - Adjusted Appro
07,Department of Education (DepEd),005,Philippine High School for the Arts,1000,100000100001,General Management and Supervision,Authorized Appropriations 2024,,,,0,2024 DepEd - Adjusted Appro
07,Department of Education (DepEd),005,Philippine High School for the Arts,1000,100000100002,Administration of Personnel Benefits,Authorized Appropriations 2024,,,,0,2024 DepEd - Adjusted Appro
07,Department of Education (DepEd),005,Philippine High School for the Arts,3101,310100100001,"Operation of Philippine High School for the Arts Including Outreach, Screening, Student Exchange Program with Other Countries and Production Activities",Authorized Appropriations 2024,,,,0,2024 DepEd - Adjusted Appro
07,Department of Education (DepEd),006,Early Childhood Care and Development Council,1000,100000100001,General Management and Supervision,Authorized Appropriations 2024,,,,0,2024 DepEd - Adjusted Appro
07,Department of Education (DepEd),006,Early Childhood Care and Development Council,1000,100000100002,Administration of Personnel Benefits,Authorized Appropriations 2024,,,,0,2024 DepEd - Adjusted Appro
07,Department of Education (DepEd),006,Early Childhood Care and Development Council,3101,310100100001,"Development of Policies, Standards and Guidelines",Authorized Appropriations 2024,,,,0,2024 DepEd - Adjusted Appro
07,Department of Education (DepEd),006,Early Childhood Care and Development Council,3101,310100100002,Capacity-Building and Institutional Development of Intermediaries and Other Partners,Authorized Appropriations 2024,,,,0,2024 DepEd - Adjusted Appro
07,Department of Education (DepEd),006,Early Childhood Care and Development Council,3101,310100100003,Accreditation of ECCD Service Providers,Authorized Appropriations 2024,,,,0,2024 DepEd - Adjusted Appro
07,Department of Education (DepEd),006,Early Childhood Care and Development Council,3101,310100100004,Establishment of National Child Development Centers,Authorized Appropriations 2024,,,,0,2024 DepEd - Adjusted Appro
07,Department of Education (DepEd),007,National Academy of Sports,1000,100000100001,General Management and Supervision,Authorized Appropriations 2024,,,,0,2024 DepEd - Adjusted Appro
07,Department of Education (DepEd),007,National Academy of Sports,1000,100000100002,Administration of Personnel Benefits,Authorized Appropriations 2024,,,,0,2024 DepEd - Adjusted Appro
07,Department of Education (DepEd),007,National Academy of Sports,3101,310100100001,"Promotion, Development, and Implementation of Quality and Enhanced Sports-Integrated Secondary Education Program",Authorized Appropriations 2024,,,,0,2024 DepEd - Adjusted Appro
07,Department of Education (DepEd),008,Teacher Education Council,1000,100000100001,General Management and Supervision,Authorized Appropriations 2024,,,,0,2024 DepEd - Adjusted Appro
07,Department of Education (DepEd),008,Teacher Education Council,3101,310100100001,Quality Teacher Education Services,Authorized Appropriations 2024,,,,0,2024 DepEd - Adjusted Appro
07,Department of Education (DepEd),001,Office of the Secretary,1000,100000100001,General Administration and Support,Adjusted Total Allotments 2024,14554023435.09,10579231344.57,3365294369.22,28498549149,2024 DepEd - Adjusted Total All
07,Department of Education (DepEd),001,Office of the Secretary,1000,100000100002,Administration of Personnel Benefits,Adjusted Total Allotments 2024,1328955290.54,0.0,0.0,1328955291,2024 DepEd - Adjusted Total All
07,Department of Education (DepEd),001,Office of the Secretary,2000,200000100001,Physical Fitness and School Sports,Adjusted Total Allotments 2024,8906664.77,894691192.39,0.0,903597857.2,2024 DepEd - Adjusted Total All
07,Department of Education (DepEd),001,Office of the Secretary,2000,200000100002,Development and Management of Bilateral and Multilateral Education Projects,Adjusted Total Allotments 2024,19584038.46,15142675.8,0.0,34726714.26,2024 DepEd - Adjusted Total All
07,Department of Education (DepEd),001,Office of the Secretary,2000,200000100003,Management and Administration of Learning Resources,Adjusted Total Allotments 2024,49419384.94,13361872.06,0.0,62781257,2024 DepEd - Adjusted Total All
07,Department of Education (DepEd),001,Office of the Secretary,2000,200000100004,Planning and Management Information Systems,Adjusted Total Allotments 2024,126780919.85,59132343.29,0.0,185913263.1,2024 DepEd - Adjusted Total All
07,Department of Education (DepEd),001,Office of the Secretary,2000,200000100005,Education Information and Communication Services,Adjusted Total Allotments 2024,22666904.82,49890306.36,4828000.0,77385211.18,2024 DepEd - Adjusted Total All
07,Department of Education (DepEd),001,Office of the Secretary,2000,200000100006,Learner Support Programs,Adjusted Total Allotments 2024,2423534903.27,643774814.66,0.0,3067309718,2024 DepEd - Adjusted Total All
07,Department of Education (DepEd),001,Office of the Secretary,2000,200000100007,Building Partnerships and Linkages Program,Adjusted Total Allotments 2024,11028583.55,149496334.53,0.0,160524918.1,2024 DepEd - Adjusted Total All
07,Department of Education (DepEd),001,Office of the Secretary,2000,200000100008,Legal Services and Development of Education-Related Laws and Rules,Adjusted Total Allotments 2024,27669301.64,85551388.83,0.0,113220690.5,2024 DepEd - Adjusted Total All
07,Department of Education (DepEd),001,Office of the Secretary,2000,200000100009,Child Protection Program,Adjusted Total Allotments 2024,0.0,106794861.07,0.0,106794861.1,2024 DepEd - Adjusted Total All
07,Department of Education (DepEd),001,Office of the Secretary,2000,200000100010,Disaster Preparedness and Response Program,Adjusted Total Allotments 2024,11369667.03,3691119018.35,41390633.0,3743879318,2024 DepEd - Adjusted Total All
07,Department of Education (DepEd),001,Office of the Secretary,2000,200000100011,Organizational and Professional Development for Non-Teaching Personnel,Adjusted Total Allotments 2024,182311051.54,208206365.08,0.0,390517416.6,2024 DepEd - Adjusted Total All
07,Department of Education (DepEd),001,Office of the Secretary,2000,200000100012,Operational Expenses of the DepEd Task Force on the 2022 National and Local Elections,Adjusted Total Allotments 2024,,,,0,2024 DepEd - Adjusted Total All
07,Department of Education (DepEd),001,Office of the Secretary,2000,200000100013,Operational Expenses of the DepEd - Election Task Force,Adjusted Total Allotments 2024,,,,0,2024 DepEd - Adjusted Total All
07,Department of Education (DepEd),001,Office of the Secretary,3101,310100100001,National Assessment Systems for Basic Education,Adjusted Total Allotments 2024,37785822.64,1410176264.37,351340000.0,1799302087,2024 DepEd - Adjusted Total All
07,Department of Education (DepEd),001,Office of the Secretary,3101,310100100002,Policy and Research Program,Adjusted Total Allotments 2024,2089274154.6,49190622.0,0.0,2138464777,2024 DepEd - Adjusted Total All
07,Department of Education (DepEd),001,Office of the Secretary,3101,310100100003,Basic Education Curriculum,Adjusted Total Allotments 2024,165206551.07,7695154741.07,0.0,7860361292,2024 DepEd - Adjusted Total All
07,Department of Education (DepEd),001,Office of the Secretary,3101,310100100004,"Curriculum Programs, Learning Management Models, Standards and Strategy Development",Adjusted Total Allotments 2024,6802250337.31,3138000.0,0.0,6805388337,2024 DepEd - Adjusted Total All
07,Department of Education (DepEd),001,Office of the Secretary,3101,310100100005,Development and Promotion of Campus Journalism,Adjusted Total Allotments 2024,0.0,82257255.87,0.0,82257255.87,2024 DepEd - Adjusted Total All
07,Department of Education (DepEd),001,Office of the Secretary,3101,310100100006,National Literacy Policies and Programs,Adjusted Total Allotments 2024,4119764.56,28624537.34,0.0,32744301.9,2024 DepEd - Adjusted Total All
07,Department of Education (DepEd),001,Office of the Secretary,3101,310100100007,Early Language Literacy and Numeracy,Adjusted Total Allotments 2024,0.0,116590244.01,0.0,116590244,2024 DepEd - Adjusted Total All
07,Department of Education (DepEd),001,Office of the Secretary,3102,310200100001,Improvement and Acquisition of School Sites,Adjusted Total Allotments 2024,0.0,112997439.16,136500000.0,249497439.2,2024 DepEd - Adjusted Total All
07,Department of Education (DepEd),001,Office of the Secretary,3102,310200100002,New School Personnel Positions,Adjusted Total Allotments 2024,25936353684.71,0.0,0.0,25936353685,2024 DepEd - Adjusted Total All
07,Department of Education (DepEd),001,Office of the Secretary,3102,310200100003,Learning Tools and Equipment,Adjusted Total Allotments 2024,0.0,5853845000.87,0.0,5853845001,2024 DepEd - Adjusted Total All
07,Department of Education (DepEd),001,Office of the Secretary,3102,310200100004,Textbooks and Other Instructional Materials,Adjusted Total Allotments 2024,0.0,12734952426.59,0.0,12734952427,2024 DepEd - Adjusted Total All
07,Department of Education (DepEd),001,Office of the Secretary,3102,310200100005,Computerization Program,Adjusted Total Allotments 2024,24978725.4,17390223856.37,670029247.46,18085231829,2024 DepEd - Adjusted Total All
07,Department of Education (DepEd),001,Office of the Secretary,3102,310200100006,Basic Education Facilities,Adjusted Total Allotments 2024,0.0,4096061298.91,4500699433.98,8596760733,2024 DepEd - Adjusted Total All
07,Department of Education (DepEd),001,Office of the Secretary,3102,310200100007,Conservation and Restoration of Gabaldon and Other Heritage School Buildings,Adjusted Total Allotments 2024,0.0,0.0,1307330138.09,1307330138,2024 DepEd - Adjusted Total All
07,Department of Education (DepEd),001,Office of the Secretary,3102,310200100010,Quick Response Fund,Adjusted Total Allotments 2024,0.0,0.0,3508097715.26,3508097715,2024 DepEd - Adjusted Total All
07,Department of Education (DepEd),001,Office of the Secretary,3102,310200100011,Last Mile Schools Program,Adjusted Total Allotments 2024,0.0,0.0,3215832645.96,3215832646,2024 DepEd - Adjusted Total All
07,Department of Education (DepEd),001,Office of the Secretary,3102,310200100012,Public Schools Infrastructure Program (PSIP),Adjusted Total Allotments 2024,,,,0,2024 DepEd - Adjusted Total All
07,Department of Education (DepEd),001,Office of the Secretary,3102,310200200001,Connectivity Enhancement Program for e-Learning in Public Schools,Adjusted Total Allotments 2024,,,,0,2024 DepEd - Adjusted Total All
07,Department of Education (DepEd),001,Office of the Secretary,3102,310200300001,Infrastructure for Safer and Resilient Schools (ISRS) Project WB Loan No. 9704-PH,Adjusted Total Allotments 2024,,,,0,2024 DepEd - Adjusted Total All
07,Department of Education (DepEd),001,Office of the Secretary,3103,310300100001,Multigrade Education,Adjusted Total Allotments 2024,0.0,165227077.84,0.0,165227077.8,2024 DepEd - Adjusted Total All
07,Department of Education (DepEd),001,Office of the Secretary,3103,310300100002,Indigenous Peoples Education (IPEd) Program,Adjusted Total Allotments 2024,0.0,270017969.11,0.0,270017969.1,2024 DepEd - Adjusted Total All
07,Department of Education (DepEd),001,Office of the Secretary,3103,310300100003,Flexible Learning Options (ADM/ALS/EiE),Adjusted Total Allotments 2024,0.0,5945547439.41,51913300.0,5997460739,2024 DepEd - Adjusted Total All
07,Department of Education (DepEd),001,Office of the Secretary,3103,310300100004,Madrasah Education Program,Adjusted Total Allotments 2024,0.0,502197491.74,0.0,502197491.7,2024 DepEd - Adjusted Total All
07,Department of Education (DepEd),001,Office of the Secretary,3103,310300100005,Special Needs Education Program,Adjusted Total Allotments 2024,0.0,1167098452.68,18380896.51,1185479349,2024 DepEd - Adjusted Total All
07,Department of Education (DepEd),001,Office of the Secretary,3104,310400100001,School-Based Feeding Program (SBFP),Adjusted Total Allotments 2024,0.0,13734517814.51,0.0,13734517815,2024 DepEd - Adjusted Total All
07,Department of Education (DepEd),001,Office of the Secretary,3104,310400100002,Operation of Schools - Elementary (Kinder to Grade 6),Adjusted Total Allotments 2024,297210212968.54,18952333090.22,0.0,316162546059,2024 DepEd - Adjusted Total All
07,Department of Education (DepEd),001,Office of the Secretary,3104,310400100003,Operation of Schools - Junior High School (Grade 7 to Grade 10),Adjusted Total Allotments 2024,166729082657.86,13478169691.3,0.0,180207252349,2024 DepEd - Adjusted Total All
07,Department of Education (DepEd),001,Office of the Secretary,3104,310400100004,Operation of Schools - Senior High School (Grade 11 to Grade 12),Adjusted Total Allotments 2024,48368300110.37,6441917957.82,0.0,54810218068,2024 DepEd - Adjusted Total All
07,Department of Education (DepEd),001,Office of the Secretary,3104,310400100005,Government Assistance and Subsidies - Educational Service Contracting (ESC) Program for Private Junior High School (per RA No. 8545),Adjusted Total Allotments 2024,,,,0,2024 DepEd - Adjusted Total All
07,Department of Education (DepEd),001,Office of the Secretary,3104,310400100006,Government Assistance and Subsidies - Voucher Program for Private Senior High School (per RA No. 10533),Adjusted Total Allotments 2024,,,,0,2024 DepEd - Adjusted Total All
07,Department of Education (DepEd),001,Office of the Secretary,3104,310400100007,Government Assistance and Subsidies - Voucher Program for Non-DepEd Public High School (per RA No. 10533),Adjusted Total Allotments 2024,,,,0,2024 DepEd - Adjusted Total All
07,Department of Education (DepEd),001,Office of the Secretary,3104,310400100008,Joint Delivery Voucher for Senior High School Technical Vocational and Livelihood Specializations,Adjusted Total Allotments 2024,0.0,1486680104.03,0.0,1486680104,2024 DepEd - Adjusted Total All
07,Department of Education (DepEd),001,Office of the Secretary,3104,310400100009,Operational Requirements of Sports Academy and Training Centers,Adjusted Total Allotments 2024,,,,0,2024 DepEd - Adjusted Total All
07,Department of Education (DepEd),001,Office of the Secretary,3104,310400100010,"Implementation of the Grant of Cash Allowance, Hardship Pay, and Reclassification of Positions",Adjusted Total Allotments 2024,5063321604.61,5347880702.35,0.0,10411202307,2024 DepEd - Adjusted Total All
07,Department of Education (DepEd),001,Office of the Secretary,3104,310400100011,School Dental Health Care Program,Adjusted Total Allotments 2024,0.0,0.0,0.0,0,2024 DepEd - Adjusted Total All
07,Department of Education (DepEd),001,Office of the Secretary,3104,310400100013,World Teachers' Day Incentive Benefits,Adjusted Total Allotments 2024,911359974.82,0.0,0.0,911359974.8,2024 DepEd - Adjusted Total All
07,Department of Education (DepEd),001,Office of the Secretary,3104,310400100014,Establishment and Operational Requirement of the National Academy of Sports,Adjusted Total Allotments 2024,,,,0,2024 DepEd - Adjusted Total All
07,Department of Education (DepEd),001,Office of the Secretary,3104,310400100015,Government Assistance and Subsidies - Educational Service Contracting (ESC) Program for Private Junior High School (per R.A. No. 8545),Adjusted Total Allotments 2024,0.0,14225765217.59,0.0,14225765218,2024 DepEd - Adjusted Total All
07,Department of Education (DepEd),001,Office of the Secretary,3104,310400100016,Government Assistance and Subsidies - Senior High School Voucher Program,Adjusted Total Allotments 2024,,,,,2024 DepEd - Adjusted Total All
07,Department of Education (DepEd),001,Office of the Secretary,3104,310400100017,Subsidies - Senior High School Voucher Program,Adjusted Total Allotments 2024,0.0,26311467734.86,0.0,26311467735,2024 DepEd - Adjusted Total All
07,Department of Education (DepEd),001,Office of the Secretary,3104,310400100018,"Government Assistance and Subsidies - Training and Upgrading Knowledge for Learners, Teachers, and Achievers in Schools (GAS-TUKLAS)",Adjusted Total Allotments 2024,,,,0,2024 DepEd - Adjusted Total All
07,Department of Education (DepEd),001,Office of the Secretary,3104,310400100019,School Innovation and Improvement Fund (SIIF) to all DepEd Public Schools,Adjusted Total Allotments 2024,,,,0,2024 DepEd - Adjusted Total All
07,Department of Education (DepEd),001,Office of the Secretary,3105,310500100001,Human Resource Development for Personnel in Schools and Learning Centers,Adjusted Total Allotments 2024,40535386.12,4568707012.59,360149000.0,4969391399,2024 DepEd - Adjusted Total All
07,Department of Education (DepEd),001,Office of the Secretary,3105,310500100002,Teacher Quality and Development Program,Adjusted Total Allotments 2024,5137266.05,243110998.21,0.0,248248264.3,2024 DepEd - Adjusted Total All
07,Department of Education (DepEd),001,Office of the Secretary,3105,310500300001,Teacher Effectiveness and Competencies Enhancement Project (TEACEP) WB Loan No. 9481-PH,Adjusted Total Allotments 2024,0.0,0.0,0.0,0,2024 DepEd - Adjusted Total All
07,Department of Education (DepEd),002,National Book Development Board,1000,100000100001,General Management and Supervision,Adjusted Total Allotments 2024,,,,0,2024 DepEd - Adjusted Total All
07,Department of Education (DepEd),002,National Book Development Board,1000,100000100002,Administration of Personnel Benefits,Adjusted Total Allotments 2024,,,,0,2024 DepEd - Adjusted Total All
07,Department of Education (DepEd),002,National Book Development Board,3101,310100100001,Capacity Building and Trade Promotion Incentives,Adjusted Total Allotments 2024,,,,0,2024 DepEd - Adjusted Total All
07,Department of Education (DepEd),002,National Book Development Board,3101,310100100002,"Administration of Awards, Grants, and Incentives",Adjusted Total Allotments 2024,,,,0,2024 DepEd - Adjusted Total All
07,Department of Education (DepEd),002,National Book Development Board,3101,310100100003,"Policy Development, Research, Information System Management, and Information Campaign",Adjusted Total Allotments 2024,,,,0,2024 DepEd - Adjusted Total All
07,Department of Education (DepEd),003,National Council for Children's Television,1000,100000100001,General Management and Supervision,Adjusted Total Allotments 2024,,,,0,2024 DepEd - Adjusted Total All
07,Department of Education (DepEd),003,National Council for Children's Television,3101,310100100001,Child-Friendly Television Development Services,Adjusted Total Allotments 2024,,,,0,2024 DepEd - Adjusted Total All
07,Department of Education (DepEd),004,National Museum of the Philippines,1000,100000100001,General Management and Supervision,Adjusted Total Allotments 2024,,,,0,2024 DepEd - Adjusted Total All
07,Department of Education (DepEd),004,National Museum of the Philippines,1000,100000100002,Administration of Personnel Benefits,Adjusted Total Allotments 2024,,,,0,2024 DepEd - Adjusted Total All
07,Department of Education (DepEd),004,National Museum of the Philippines,2000,200000100001,Project Monitoring and Evaluation Services,Adjusted Total Allotments 2024,,,,0,2024 DepEd - Adjusted Total All
07,Department of Education (DepEd),004,National Museum of the Philippines,3101,310100100001,Management and Development of the National Collections and Related Knowledge Resources (Including Participation to International Meetings and Conferences),Adjusted Total Allotments 2024,,,,0,2024 DepEd - Adjusted Total All
07,Department of Education (DepEd),004,National Museum of the Philippines,3101,310100100002,"Restoration, Preservation, Protection and Development of Cultural Property",Adjusted Total Allotments 2024,,,,0,2024 DepEd - Adjusted Total All
07,Department of Education (DepEd),004,National Museum of the Philippines,3101,310100200015,"Restoration of Malacanang sa Sugbo, Cebu City and Converrsion to National Museum Cebu",Adjusted Total Allotments 2024,,,,0,2024 DepEd - Adjusted Total All
07,Department of Education (DepEd),004,National Museum of the Philippines,3101,310100200016,Development of the National Museum Complex in Manila - Phase 1 (to implement Republic Act No. 11333),Adjusted Total Allotments 2024,,,,0,2024 DepEd - Adjusted Total All
07,Department of Education (DepEd),004,National Museum of the Philippines,3101,310100200017,"Nightly repair of the Church of Our Lady of Caysasay and associated structures, a declared national cultural treasure in Taal, Batangas",Adjusted Total Allotments 2024,,,,0,2024 DepEd - Adjusted Total All
07,Department of Education (DepEd),004,National Museum of the Philippines,3101,310100200018,Continuation of Construction of National Museum Building in Davao City,Adjusted Total Allotments 2024,,,,0,2024 DepEd - Adjusted Total All
07,Department of Education (DepEd),004,National Museum of the Philippines,3101,310100200019,Development of the National Museum Complex in Rizal Park - Manila Phase II,Adjusted Total Allotments 2024,,,,0,2024 DepEd - Adjusted Total All
07,Department of Education (DepEd),004,National Museum of the Philippines,3101,310100200020,Development of Information Management Systems,Adjusted Total Allotments 2024,,,,0,2024 DepEd - Adjusted Total All
07,Department of Education (DepEd),004,National Museum of the Philippines,3101,310100200021,"Restoration and Continued Repair of Our Lady of Caysasay Church and Associated Structures (National Cultural Treasure) in Taal, Batangas",Adjusted Total Allotments 2024,,,,0,2024 DepEd - Adjusted Total All
07,Department of Education (DepEd),004,National Museum of the Philippines,3101,310100200022,"Restoration of the Old Municipal Hall and the Municipal Plaza (Important Cultural Properties) in Balilihan, Bohol",Adjusted Total Allotments 2024,,,,0,2024 DepEd - Adjusted Total All
07,Department of Education (DepEd),004,National Museum of the Philippines,3101,310100200023,"Development of National Museum Complex, Manila, Phase 3",Adjusted Total Allotments 2024,,,,0,2024 DepEd - Adjusted Total All
07,Department of Education (DepEd),004,National Museum of the Philippines,3101,310100200024,"Continued Restoration and Site Development of Our Lady of Caysasay Church and Associated Structures in Taal, Batangas, Phase 3",Adjusted Total Allotments 2024,,,,0,2024 DepEd - Adjusted Total All
07,Department of Education (DepEd),004,National Museum of the Philippines,3101,310100200025,"Rehabilitation of Former United States Air Force (USAF) Hospital in Clark Freeport, Pampanga and Conversion to National Museum of the Philippines Central Luzon, Phase 1",Adjusted Total Allotments 2024,,,,0,2024 DepEd - Adjusted Total All
07,Department of Education (DepEd),004,National Museum of the Philippines,3101,310100200026,"Construction of National Museum of the Philippines-Baler in Baler, Aurora",Adjusted Total Allotments 2024,,,,0,2024 DepEd - Adjusted Total All
07,Department of Education (DepEd),004,National Museum of the Philippines,3101,310100200027,Exhibitions and Fit-Out of Various National Museum of the Philippines - Central and Regional Sites,Adjusted Total Allotments 2024,,,,0,2024 DepEd - Adjusted Total All
07,Department of Education (DepEd),004,National Museum of the Philippines,3101,310100200028,"Rehabilitation of National Museum of the Philippines-Kabayan Burial Cave Site Museum and Satellite Office in Kabayan, Benguet",Adjusted Total Allotments 2024,,,,0,2024 DepEd - Adjusted Total All
07,Department of Education (DepEd),004,National Museum of the Philippines,3101,310100200029,"Improvement of Rocha House in Sitio Ubos in Tagbilaran City, Bohol (Declared Important Cultural Property)",Adjusted Total Allotments 2024,,,,0,2024 DepEd - Adjusted Total All
07,Department of Education (DepEd),004,National Museum of the Philippines,3101,310100200030,"Development of National Museum Complex, Manila, Phase IV",Adjusted Total Allotments 2024,,,,0,2024 DepEd - Adjusted Total All
07,Department of Education (DepEd),004,National Museum of the Philippines,3101,310100200031,"Construction of National Museum of the Philippines-Baler in Baler, Aurora (Phase II)",Adjusted Total Allotments 2024,,,,0,2024 DepEd - Adjusted Total All
07,Department of Education (DepEd),004,National Museum of the Philippines,3101,310100200032,"Continued Restoration and Site Development of Our Lady of Caysasay Church and Associated Structures in Taal, Batangas, Phase IV",Adjusted Total Allotments 2024,,,,0,2024 DepEd - Adjusted Total All
07,Department of Education (DepEd),004,National Museum of the Philippines,3101,310100200033,"Repair and Preventive Conservation Maintenance of Casa Rocha (Important Cultural Property) in Tagbilaran City, Bohol",Adjusted Total Allotments 2024,,,,0,2024 DepEd - Adjusted Total All
07,Department of Education (DepEd),004,National Museum of the Philippines,3101,310100200034,Restoration and Development of NMP Museums and Declared/Associated Heritage Sites in the Visayas,Adjusted Total Allotments 2024,,,,0,2024 DepEd - Adjusted Total All
07,Department of Education (DepEd),004,National Museum of the Philippines,3101,310100200035,"Rehabilitation of Former United States Air Force (USAF) Hospital in Clark Freeport, Pampanga, and Conversion to National Museum of the Philippines Central Luzon, Phase II",Adjusted Total Allotments 2024,,,,0,2024 DepEd - Adjusted Total All
07,Department of Education (DepEd),004,National Museum of the Philippines,3101,310100200036,"Completion of Restoration of Our Lady of Caysasay Church and Associated Structures in Taal, Batangas City",Adjusted Total Allotments 2024,,,,0,2024 DepEd - Adjusted Total All
07,Department of Education (DepEd),004,National Museum of the Philippines,3101,310100200037,"Rehabilitation of National Museum of the Philippines Kabayan Burial Caves Site Museum and Satellite Office in Kabayan, Benguet, Phase II",Adjusted Total Allotments 2024,,,,0,2024 DepEd - Adjusted Total All
07,Department of Education (DepEd),004,National Museum of the Philippines,3101,310100200038,Completion of the Development of the National Museum Complex in Manila,Adjusted Total Allotments 2024,,,,0,2024 DepEd - Adjusted Total All
07,Department of Education (DepEd),004,National Museum of the Philippines,3101,310100200039,"Continuation of the Development of NMP-General Aniceto Lacson Ancestral House in Talisay City, Negros Occidental",Adjusted Total Allotments 2024,,,,0,2024 DepEd - Adjusted Total All
07,Department of Education (DepEd),004,National Museum of the Philippines,3101,310100200040,Rehabilitation of the Sewerage System of the National Museum of Fine Arts (Old Legislative Building),Adjusted Total Allotments 2024,,,,0,2024 DepEd - Adjusted Total All
07,Department of Education (DepEd),004,National Museum of the Philippines,3101,310100200041,"Development of NMP-Kalibo, Aklan (Phase 1)",Adjusted Total Allotments 2024,,,,0,2024 DepEd - Adjusted Total All
07,Department of Education (DepEd),004,National Museum of the Philippines,3101,310100200042,"Development of NMP-Koronadal and Lake Sebu, South Cotabato (Phase 1)",Adjusted Total Allotments 2024,,,,0,2024 DepEd - Adjusted Total All
07,Department of Education (DepEd),004,National Museum of the Philippines,3101,310100200043,"Repair and Restoration of Boljoon Church Complex, Boljoon, Cebu and Development of NMP-Boljoon, Cebu (Phase 1)",Adjusted Total Allotments 2024,,,,0,2024 DepEd - Adjusted Total All
07,Department of Education (DepEd),004,National Museum of the Philippines,3101,310100200044,"Development of NMP-Paoay, Paoay, Ilocos Norte",Adjusted Total Allotments 2024,,,,0,2024 DepEd - Adjusted Total All
07,Department of Education (DepEd),004,National Museum of the Philippines,3101,310100200045,"Development of NMP General Ancieto Lacson Ancestral House, Talisay City, Negros Occidental (Phase 2)",Adjusted Total Allotments 2024,,,,0,2024 DepEd - Adjusted Total All
07,Department of Education (DepEd),004,National Museum of the Philippines,3101,310100200046,"Development of NMP Kalibo, Aklan (Phase 2)",Adjusted Total Allotments 2024,,,,0,2024 DepEd - Adjusted Total All
07,Department of Education (DepEd),004,National Museum of the Philippines,3101,310100200047,"Development of NMP Koronadal and Lake Sebu, South Cotabato (Phase 2)",Adjusted Total Allotments 2024,,,,0,2024 DepEd - Adjusted Total All
07,Department of Education (DepEd),004,National Museum of the Philippines,3101,310100200048,Exhibitions and Fit-out of Various National Museum of the Philippines - Central and Regional Sites - Northern Luzon National Museums,Adjusted Total Allotments 2024,,,,0,2024 DepEd - Adjusted Total All
07,Department of Education (DepEd),005,Philippine High School for the Arts,1000,100000100001,General Management and Supervision,Adjusted Total Allotments 2024,,,,0,2024 DepEd - Adjusted Total All
07,Department of Education (DepEd),005,Philippine High School for the Arts,1000,100000100002,Administration of Personnel Benefits,Adjusted Total Allotments 2024,,,,0,2024 DepEd - Adjusted Total All
07,Department of Education (DepEd),005,Philippine High School for the Arts,3101,310100100001,"Operation of Philippine High School for the Arts Including Outreach, Screening, Student Exchange Program with Other Countries and Production Activities",Adjusted Total Allotments 2024,,,,0,2024 DepEd - Adjusted Total All
07,Department of Education (DepEd),006,Early Childhood Care and Development Council,1000,100000100001,General Management and Supervision,Adjusted Total Allotments 2024,,,,0,2024 DepEd - Adjusted Total All
07,Department of Education (DepEd),006,Early Childhood Care and Development Council,1000,100000100002,Administration of Personnel Benefits,Adjusted Total Allotments 2024,,,,0,2024 DepEd - Adjusted Total All
07,Department of Education (DepEd),006,Early Childhood Care and Development Council,3101,310100100001,"Development of Policies, Standards and Guidelines",Adjusted Total Allotments 2024,,,,0,2024 DepEd - Adjusted Total All
07,Department of Education (DepEd),006,Early Childhood Care and Development Council,3101,310100100002,Capacity-Building and Institutional Development of Intermediaries and Other Partners,Adjusted Total Allotments 2024,,,,0,2024 DepEd - Adjusted Total All
07,Department of Education (DepEd),006,Early Childhood Care and Development Council,3101,310100100003,Accreditation of ECCD Service Providers,Adjusted Total Allotments 2024,,,,0,2024 DepEd - Adjusted Total All
07,Department of Education (DepEd),006,Early Childhood Care and Development Council,3101,310100100004,Establishment of National Child Development Centers,Adjusted Total Allotments 2024,,,,0,2024 DepEd - Adjusted Total All
07,Department of Education (DepEd),007,National Academy of Sports,1000,100000100001,General Management and Supervision,Adjusted Total Allotments 2024,,,,0,2024 DepEd - Adjusted Total All
07,Department of Education (DepEd),007,National Academy of Sports,1000,100000100002,Administration of Personnel Benefits,Adjusted Total Allotments 2024,,,,0,2024 DepEd - Adjusted Total All
07,Department of Education (DepEd),007,National Academy of Sports,3101,310100100001,"Promotion, Development, and Implementation of Quality and Enhanced Sports-Integrated Secondary Education Program",Adjusted Total Allotments 2024,,,,0,2024 DepEd - Adjusted Total All
07,Department of Education (DepEd),008,Teacher Education Council,1000,100000100001,General Management and Supervision,Adjusted Total Allotments 2024,,,,0,2024 DepEd - Adjusted Total All
07,Department of Education (DepEd),008,Teacher Education Council,3101,310100100001,Quality Teacher Education Services,Adjusted Total Allotments 2024,,,,0,2024 DepEd - Adjusted Total All
07,Department of Education (DepEd),001,Office of the Secretary,1000,100000100001,General Administration and Support,Obligations 2024,13556486076.77,6181854524.24,2031034075.6,21769374677,2024 DepEd - Obligations
07,Department of Education (DepEd),001,Office of the Secretary,1000,100000100002,Administration of Personnel Benefits,Obligations 2024,1209214660.62,0.0,0.0,1209214661,2024 DepEd - Obligations
07,Department of Education (DepEd),001,Office of the Secretary,2000,200000100001,Physical Fitness and School Sports,Obligations 2024,8852441.74,642057265.93,0.0,650909707.7,2024 DepEd - Obligations
07,Department of Education (DepEd),001,Office of the Secretary,2000,200000100002,Development and Management of Bilateral and Multilateral Education Projects,Obligations 2024,19584038.46,11149997.4,0.0,30734035.86,2024 DepEd - Obligations
07,Department of Education (DepEd),001,Office of the Secretary,2000,200000100003,Management and Administration of Learning Resources,Obligations 2024,49133774.38,6973320.53,0.0,56107094.91,2024 DepEd - Obligations
07,Department of Education (DepEd),001,Office of the Secretary,2000,200000100004,Planning and Management Information Systems,Obligations 2024,126076555.76,28368162.91,0.0,154444718.7,2024 DepEd - Obligations
07,Department of Education (DepEd),001,Office of the Secretary,2000,200000100005,Education Information and Communication Services,Obligations 2024,22499014.23,17585822.4,0.0,40084836.63,2024 DepEd - Obligations
07,Department of Education (DepEd),001,Office of the Secretary,2000,200000100006,Learner Support Programs,Obligations 2024,2377838057.85,419129426.81,0.0,2796967485,2024 DepEd - Obligations
07,Department of Education (DepEd),001,Office of the Secretary,2000,200000100007,Building Partnerships and Linkages Program,Obligations 2024,11028583.55,93196169.76,0.0,104224753.3,2024 DepEd - Obligations
07,Department of Education (DepEd),001,Office of the Secretary,2000,200000100008,Legal Services and Development of Education-Related Laws and Rules,Obligations 2024,27385255.49,34924879.38,0.0,62310134.87,2024 DepEd - Obligations
07,Department of Education (DepEd),001,Office of the Secretary,2000,200000100009,Child Protection Program,Obligations 2024,0.0,67946152.68,0.0,67946152.68,2024 DepEd - Obligations
07,Department of Education (DepEd),001,Office of the Secretary,2000,200000100010,Disaster Preparedness and Response Program,Obligations 2024,11357808.19,2385619500.19,31561536.34,2428538845,2024 DepEd - Obligations
07,Department of Education (DepEd),001,Office of the Secretary,2000,200000100011,Organizational and Professional Development for Non-Teaching Personnel,Obligations 2024,180284250.69,122972719.06,0.0,303256969.8,2024 DepEd - Obligations
07,Department of Education (DepEd),001,Office of the Secretary,2000,200000100012,Operational Expenses of the DepEd Task Force on the 2022 National and Local Elections,Obligations 2024,,,,0,2024 DepEd - Obligations
07,Department of Education (DepEd),001,Office of the Secretary,2000,200000100013,Operational Expenses of the DepEd - Election Task Force,Obligations 2024,,,,0,2024 DepEd - Obligations
07,Department of Education (DepEd),001,Office of the Secretary,3101,310100100001,National Assessment Systems for Basic Education,Obligations 2024,37785822.64,419835768.07,0.0,457621590.7,2024 DepEd - Obligations
07,Department of Education (DepEd),001,Office of the Secretary,3101,310100100002,Policy and Research Program,Obligations 2024,2068135300.08,27512415.18,0.0,2095647715,2024 DepEd - Obligations
07,Department of Education (DepEd),001,Office of the Secretary,3101,310100100003,Basic Education Curriculum,Obligations 2024,165206551.07,5272788681.41,0.0,5437995232,2024 DepEd - Obligations
07,Department of Education (DepEd),001,Office of the Secretary,3101,310100100004,"Curriculum Programs, Learning Management Models, Standards and Strategy Development",Obligations 2024,6765571823.48,0.0,0.0,6765571823,2024 DepEd - Obligations
07,Department of Education (DepEd),001,Office of the Secretary,3101,310100100005,Development and Promotion of Campus Journalism,Obligations 2024,0.0,71498759.1,0.0,71498759.1,2024 DepEd - Obligations
07,Department of Education (DepEd),001,Office of the Secretary,3101,310100100006,National Literacy Policies and Programs,Obligations 2024,4066082.08,15462537.24,0.0,19528619.32,2024 DepEd - Obligations
07,Department of Education (DepEd),001,Office of the Secretary,3101,310100100007,Early Language Literacy and Numeracy,Obligations 2024,0.0,83852541.0,0.0,83852541,2024 DepEd - Obligations
07,Department of Education (DepEd),001,Office of the Secretary,3102,310200100001,Improvement and Acquisition of School Sites,Obligations 2024,0.0,66868823.23,78129240.0,144998063.2,2024 DepEd - Obligations
07,Department of Education (DepEd),001,Office of the Secretary,3102,310200100002,New School Personnel Positions,Obligations 2024,25280548151.67,0.0,0.0,25280548152,2024 DepEd - Obligations
07,Department of Education (DepEd),001,Office of the Secretary,3102,310200100003,Learning Tools and Equipment,Obligations 2024,0.0,4077135884.75,0.0,4077135885,2024 DepEd - Obligations
07,Department of Education (DepEd),001,Office of the Secretary,3102,310200100004,Textbooks and Other Instructional Materials,Obligations 2024,0.0,7803690739.46,0.0,7803690739,2024 DepEd - Obligations
07,Department of Education (DepEd),001,Office of the Secretary,3102,310200100005,Computerization Program,Obligations 2024,24741679.68,16312427920.24,244835863.65,16582005464,2024 DepEd - Obligations
07,Department of Education (DepEd),001,Office of the Secretary,3102,310200100006,Basic Education Facilities,Obligations 2024,0.0,1458361454.91,2842985373.63,4301346829,2024 DepEd - Obligations
07,Department of Education (DepEd),001,Office of the Secretary,3102,310200100007,Conservation and Restoration of Gabaldon and Other Heritage School Buildings,Obligations 2024,0.0,0.0,916523494.45,916523494.5,2024 DepEd - Obligations
07,Department of Education (DepEd),001,Office of the Secretary,3102,310200100010,Quick Response Fund,Obligations 2024,0.0,0.0,857582799.14,857582799.1,2024 DepEd - Obligations
07,Department of Education (DepEd),001,Office of the Secretary,3102,310200100011,Last Mile Schools Program,Obligations 2024,0.0,0.0,2646718071.09,2646718071,2024 DepEd - Obligations
07,Department of Education (DepEd),001,Office of the Secretary,3102,310200100012,Public Schools Infrastructure Program (PSIP),Obligations 2024,,,,0,2024 DepEd - Obligations
07,Department of Education (DepEd),001,Office of the Secretary,3102,310200200001,Connectivity Enhancement Program for e-Learning in Public Schools,Obligations 2024,,,,0,2024 DepEd - Obligations
07,Department of Education (DepEd),001,Office of the Secretary,3102,310200300001,Infrastructure for Safer and Resilient Schools (ISRS) Project WB Loan No. 9704-PH,Obligations 2024,,,,0,2024 DepEd - Obligations
07,Department of Education (DepEd),001,Office of the Secretary,3103,310300100001,Multigrade Education,Obligations 2024,0.0,109597269.78,0.0,109597269.8,2024 DepEd - Obligations
07,Department of Education (DepEd),001,Office of the Secretary,3103,310300100002,Indigenous Peoples Education (IPEd) Program,Obligations 2024,0.0,208340786.05,0.0,208340786.1,2024 DepEd - Obligations
07,Department of Education (DepEd),001,Office of the Secretary,3103,310300100003,Flexible Learning Options (ADM/ALS/EiE),Obligations 2024,0.0,4116734641.71,46224776.09,4162959418,2024 DepEd - Obligations
07,Department of Education (DepEd),001,Office of the Secretary,3103,310300100004,Madrasah Education Program,Obligations 2024,0.0,455408642.15,0.0,455408642.2,2024 DepEd - Obligations
07,Department of Education (DepEd),001,Office of the Secretary,3103,310300100005,Special Needs Education Program,Obligations 2024,0.0,615643974.44,12313878.46,627957852.9,2024 DepEd - Obligations
07,Department of Education (DepEd),001,Office of the Secretary,3104,310400100001,School-Based Feeding Program (SBFP),Obligations 2024,0.0,11162067832.53,0.0,11162067833,2024 DepEd - Obligations
07,Department of Education (DepEd),001,Office of the Secretary,3104,310400100002,Operation of Schools - Elementary (Kinder to Grade 6),Obligations 2024,296602165825.81,18101920521.42,0.0,314704086347,2024 DepEd - Obligations
07,Department of Education (DepEd),001,Office of the Secretary,3104,310400100003,Operation of Schools - Junior High School (Grade 7 to Grade 10),Obligations 2024,165917854105.58,12890418650.72,0.0,178808272756,2024 DepEd - Obligations
07,Department of Education (DepEd),001,Office of the Secretary,3104,310400100004,Operation of Schools - Senior High School (Grade 11 to Grade 12),Obligations 2024,48062910218.84,5764006069.6,0.0,53826916288,2024 DepEd - Obligations
07,Department of Education (DepEd),001,Office of the Secretary,3104,310400100005,Government Assistance and Subsidies - Educational Service Contracting (ESC) Program for Private Junior High School (per RA No. 8545),Obligations 2024,,,,0,2024 DepEd - Obligations
07,Department of Education (DepEd),001,Office of the Secretary,3104,310400100006,Government Assistance and Subsidies - Voucher Program for Private Senior High School (per RA No. 10533),Obligations 2024,,,,0,2024 DepEd - Obligations
07,Department of Education (DepEd),001,Office of the Secretary,3104,310400100007,Government Assistance and Subsidies - Voucher Program for Non-DepEd Public High School (per RA No. 10533),Obligations 2024,,,,0,2024 DepEd - Obligations
07,Department of Education (DepEd),001,Office of the Secretary,3104,310400100008,Joint Delivery Voucher for Senior High School Technical Vocational and Livelihood Specializations,Obligations 2024,0.0,1427791841.12,0.0,1427791841,2024 DepEd - Obligations
07,Department of Education (DepEd),001,Office of the Secretary,3104,310400100009,Operational Requirements of Sports Academy and Training Centers,Obligations 2024,,,,0,2024 DepEd - Obligations
07,Department of Education (DepEd),001,Office of the Secretary,3104,310400100010,"Implementation of the Grant of Cash Allowance, Hardship Pay, and Reclassification of Positions",Obligations 2024,4848465797.74,4396394328.29,0.0,9244860126,2024 DepEd - Obligations
07,Department of Education (DepEd),001,Office of the Secretary,3104,310400100011,School Dental Health Care Program,Obligations 2024,0.0,0.0,0.0,0,2024 DepEd - Obligations
07,Department of Education (DepEd),001,Office of the Secretary,3104,310400100013,World Teachers' Day Incentive Benefits,Obligations 2024,901437224.31,0.0,0.0,901437224.3,2024 DepEd - Obligations
07,Department of Education (DepEd),001,Office of the Secretary,3104,310400100014,Establishment and Operational Requirement of the National Academy of Sports,Obligations 2024,,,,0,2024 DepEd - Obligations
07,Department of Education (DepEd),001,Office of the Secretary,3104,310400100015,Government Assistance and Subsidies - Educational Service Contracting (ESC) Program for Private Junior High School (per R.A. No. 8545),Obligations 2024,0.0,7499448737.48,0.0,7499448737,2024 DepEd - Obligations
07,Department of Education (DepEd),001,Office of the Secretary,3104,310400100016,Government Assistance and Subsidies - Senior High School Voucher Program,Obligations 2024,,,,,2024 DepEd - Obligations
07,Department of Education (DepEd),001,Office of the Secretary,3104,310400100017,Subsidies - Senior High School Voucher Program,Obligations 2024,0.0,20273931613.43,0.0,20273931613,2024 DepEd - Obligations
07,Department of Education (DepEd),001,Office of the Secretary,3104,310400100018,"Government Assistance and Subsidies - Training and Upgrading Knowledge for Learners, Teachers, and Achievers in Schools (GAS-TUKLAS)",Obligations 2024,,,,0,2024 DepEd - Obligations
07,Department of Education (DepEd),001,Office of the Secretary,3104,310400100019,School Innovation and Improvement Fund (SIIF) to all DepEd Public Schools,Obligations 2024,,,,0,2024 DepEd - Obligations
07,Department of Education (DepEd),001,Office of the Secretary,3105,310500100001,Human Resource Development for Personnel in Schools and Learning Centers,Obligations 2024,40535386.12,3213229446.2,118898282.58,3372663115,2024 DepEd - Obligations
07,Department of Education (DepEd),001,Office of the Secretary,3105,310500100002,Teacher Quality and Development Program,Obligations 2024,5137266.05,112077497.54,0.0,117214763.6,2024 DepEd - Obligations
07,Department of Education (DepEd),001,Office of the Secretary,3105,310500300001,Teacher Effectiveness and Competencies Enhancement Project (TEACEP) WB Loan No. 9481-PH,Obligations 2024,0.0,0.0,0.0,0,2024 DepEd - Obligations
07,Department of Education (DepEd),002,National Book Development Board,1000,100000100001,General Management and Supervision,Obligations 2024,,,,0,2024 DepEd - Obligations
07,Department of Education (DepEd),002,National Book Development Board,1000,100000100002,Administration of Personnel Benefits,Obligations 2024,,,,0,2024 DepEd - Obligations
07,Department of Education (DepEd),002,National Book Development Board,3101,310100100001,Capacity Building and Trade Promotion Incentives,Obligations 2024,,,,0,2024 DepEd - Obligations
07,Department of Education (DepEd),002,National Book Development Board,3101,310100100002,"Administration of Awards, Grants, and Incentives",Obligations 2024,,,,0,2024 DepEd - Obligations
07,Department of Education (DepEd),002,National Book Development Board,3101,310100100003,"Policy Development, Research, Information System Management, and Information Campaign",Obligations 2024,,,,0,2024 DepEd - Obligations
07,Department of Education (DepEd),003,National Council for Children's Television,1000,100000100001,General Management and Supervision,Obligations 2024,,,,0,2024 DepEd - Obligations
07,Department of Education (DepEd),003,National Council for Children's Television,3101,310100100001,Child-Friendly Television Development Services,Obligations 2024,,,,0,2024 DepEd - Obligations
07,Department of Education (DepEd),004,National Museum of the Philippines,1000,100000100001,General Management and Supervision,Obligations 2024,,,,0,2024 DepEd - Obligations
07,Department of Education (DepEd),004,National Museum of the Philippines,1000,100000100002,Administration of Personnel Benefits,Obligations 2024,,,,0,2024 DepEd - Obligations
07,Department of Education (DepEd),004,National Museum of the Philippines,2000,200000100001,Project Monitoring and Evaluation Services,Obligations 2024,,,,0,2024 DepEd - Obligations
07,Department of Education (DepEd),004,National Museum of the Philippines,3101,310100100001,Management and Development of the National Collections and Related Knowledge Resources (Including Participation to International Meetings and Conferences),Obligations 2024,,,,0,2024 DepEd - Obligations
07,Department of Education (DepEd),004,National Museum of the Philippines,3101,310100100002,"Restoration, Preservation, Protection and Development of Cultural Property",Obligations 2024,,,,0,2024 DepEd - Obligations
07,Department of Education (DepEd),004,National Museum of the Philippines,3101,310100200015,"Restoration of Malacanang sa Sugbo, Cebu City and Converrsion to National Museum Cebu",Obligations 2024,,,,0,2024 DepEd - Obligations
07,Department of Education (DepEd),004,National Museum of the Philippines,3101,310100200016,Development of the National Museum Complex in Manila - Phase 1 (to implement Republic Act No. 11333),Obligations 2024,,,,0,2024 DepEd - Obligations
07,Department of Education (DepEd),004,National Museum of the Philippines,3101,310100200017,"Nightly repair of the Church of Our Lady of Caysasay and associated structures, a declared national cultural treasure in Taal, Batangas",Obligations 2024,,,,0,2024 DepEd - Obligations
07,Department of Education (DepEd),004,National Museum of the Philippines,3101,310100200018,Continuation of Construction of National Museum Building in Davao City,Obligations 2024,,,,0,2024 DepEd - Obligations
07,Department of Education (DepEd),004,National Museum of the Philippines,3101,310100200019,Development of the National Museum Complex in Rizal Park - Manila Phase II,Obligations 2024,,,,0,2024 DepEd - Obligations
07,Department of Education (DepEd),004,National Museum of the Philippines,3101,310100200020,Development of Information Management Systems,Obligations 2024,,,,0,2024 DepEd - Obligations
07,Department of Education (DepEd),004,National Museum of the Philippines,3101,310100200021,"Restoration and Continued Repair of Our Lady of Caysasay Church and Associated Structures (National Cultural Treasure) in Taal, Batangas",Obligations 2024,,,,0,2024 DepEd - Obligations
07,Department of Education (DepEd),004,National Museum of the Philippines,3101,310100200022,"Restoration of the Old Municipal Hall and the Municipal Plaza (Important Cultural Properties) in Balilihan, Bohol",Obligations 2024,,,,0,2024 DepEd - Obligations
07,Department of Education (DepEd),004,National Museum of the Philippines,3101,310100200023,"Development of National Museum Complex, Manila, Phase 3",Obligations 2024,,,,0,2024 DepEd - Obligations
07,Department of Education (DepEd),004,National Museum of the Philippines,3101,310100200024,"Continued Restoration and Site Development of Our Lady of Caysasay Church and Associated Structures in Taal, Batangas, Phase 3",Obligations 2024,,,,0,2024 DepEd - Obligations
07,Department of Education (DepEd),004,National Museum of the Philippines,3101,310100200025,"Rehabilitation of Former United States Air Force (USAF) Hospital in Clark Freeport, Pampanga and Conversion to National Museum of the Philippines Central Luzon, Phase 1",Obligations 2024,,,,0,2024 DepEd - Obligations
07,Department of Education (DepEd),004,National Museum of the Philippines,3101,310100200026,"Construction of National Museum of the Philippines-Baler in Baler, Aurora",Obligations 2024,,,,0,2024 DepEd - Obligations
07,Department of Education (DepEd),004,National Museum of the Philippines,3101,310100200027,Exhibitions and Fit-Out of Various National Museum of the Philippines - Central and Regional Sites,Obligations 2024,,,,0,2024 DepEd - Obligations
07,Department of Education (DepEd),004,National Museum of the Philippines,3101,310100200028,"Rehabilitation of National Museum of the Philippines-Kabayan Burial Cave Site Museum and Satellite Office in Kabayan, Benguet",Obligations 2024,,,,0,2024 DepEd - Obligations
07,Department of Education (DepEd),004,National Museum of the Philippines,3101,310100200029,"Improvement of Rocha House in Sitio Ubos in Tagbilaran City, Bohol (Declared Important Cultural Property)",Obligations 2024,,,,0,2024 DepEd - Obligations
07,Department of Education (DepEd),004,National Museum of the Philippines,3101,310100200030,"Development of National Museum Complex, Manila, Phase IV",Obligations 2024,,,,0,2024 DepEd - Obligations
07,Department of Education (DepEd),004,National Museum of the Philippines,3101,310100200031,"Construction of National Museum of the Philippines-Baler in Baler, Aurora (Phase II)",Obligations 2024,,,,0,2024 DepEd - Obligations
07,Department of Education (DepEd),004,National Museum of the Philippines,3101,310100200032,"Continued Restoration and Site Development of Our Lady of Caysasay Church and Associated Structures in Taal, Batangas, Phase IV",Obligations 2024,,,,0,2024 DepEd - Obligations
07,Department of Education (DepEd),004,National Museum of the Philippines,3101,310100200033,"Repair and Preventive Conservation Maintenance of Casa Rocha (Important Cultural Property) in Tagbilaran City, Bohol",Obligations 2024,,,,0,2024 DepEd - Obligations
07,Department of Education (DepEd),004,National Museum of the Philippines,3101,310100200034,Restoration and Development of NMP Museums and Declared/Associated Heritage Sites in the Visayas,Obligations 2024,,,,0,2024 DepEd - Obligations
07,Department of Education (DepEd),004,National Museum of the Philippines,3101,310100200035,"Rehabilitation of Former United States Air Force (USAF) Hospital in Clark Freeport, Pampanga, and Conversion to National Museum of the Philippines Central Luzon, Phase II",Obligations 2024,,,,0,2024 DepEd - Obligations
07,Department of Education (DepEd),004,National Museum of the Philippines,3101,310100200036,"Completion of Restoration of Our Lady of Caysasay Church and Associated Structures in Taal, Batangas City",Obligations 2024,,,,0,2024 DepEd - Obligations
07,Department of Education (DepEd),004,National Museum of the Philippines,3101,310100200037,"Rehabilitation of National Museum of the Philippines Kabayan Burial Caves Site Museum and Satellite Office in Kabayan, Benguet, Phase II",Obligations 2024,,,,0,2024 DepEd - Obligations
07,Department of Education (DepEd),004,National Museum of the Philippines,3101,310100200038,Completion of the Development of the National Museum Complex in Manila,Obligations 2024,,,,0,2024 DepEd - Obligations
07,Department of Education (DepEd),004,National Museum of the Philippines,3101,310100200039,"Continuation of the Development of NMP-General Aniceto Lacson Ancestral House in Talisay City, Negros Occidental",Obligations 2024,,,,0,2024 DepEd - Obligations
07,Department of Education (DepEd),004,National Museum of the Philippines,3101,310100200040,Rehabilitation of the Sewerage System of the National Museum of Fine Arts (Old Legislative Building),Obligations 2024,,,,0,2024 DepEd - Obligations
07,Department of Education (DepEd),004,National Museum of the Philippines,3101,310100200041,"Development of NMP-Kalibo, Aklan (Phase 1)",Obligations 2024,,,,0,2024 DepEd - Obligations
07,Department of Education (DepEd),004,National Museum of the Philippines,3101,310100200042,"Development of NMP-Koronadal and Lake Sebu, South Cotabato (Phase 1)",Obligations 2024,,,,0,2024 DepEd - Obligations
07,Department of Education (DepEd),004,National Museum of the Philippines,3101,310100200043,"Repair and Restoration of Boljoon Church Complex, Boljoon, Cebu and Development of NMP-Boljoon, Cebu (Phase 1)",Obligations 2024,,,,0,2024 DepEd - Obligations
07,Department of Education (DepEd),004,National Museum of the Philippines,3101,310100200044,"Development of NMP-Paoay, Paoay, Ilocos Norte",Obligations 2024,,,,0,2024 DepEd - Obligations
07,Department of Education (DepEd),004,National Museum of the Philippines,3101,310100200045,"Development of NMP General Ancieto Lacson Ancestral House, Talisay City, Negros Occidental (Phase 2)",Obligations 2024,,,,0,2024 DepEd - Obligations
07,Department of Education (DepEd),004,National Museum of the Philippines,3101,310100200046,"Development of NMP Kalibo, Aklan (Phase 2)",Obligations 2024,,,,0,2024 DepEd - Obligations
07,Department of Education (DepEd),004,National Museum of the Philippines,3101,310100200047,"Development of NMP Koronadal and Lake Sebu, South Cotabato (Phase 2)",Obligations 2024,,,,0,2024 DepEd - Obligations
07,Department of Education (DepEd),004,National Museum of the Philippines,3101,310100200048,Exhibitions and Fit-out of Various National Museum of the Philippines - Central and Regional Sites - Northern Luzon National Museums,Obligations 2024,,,,0,2024 DepEd - Obligations
07,Department of Education (DepEd),005,Philippine High School for the Arts,1000,100000100001,General Management and Supervision,Obligations 2024,,,,0,2024 DepEd - Obligations
07,Department of Education (DepEd),005,Philippine High School for the Arts,1000,100000100002,Administration of Personnel Benefits,Obligations 2024,,,,0,2024 DepEd - Obligations
07,Department of Education (DepEd),005,Philippine High School for the Arts,3101,310100100001,"Operation of Philippine High School for the Arts Including Outreach, Screening, Student Exchange Program with Other Countries and Production Activities",Obligations 2024,,,,0,2024 DepEd - Obligations
07,Department of Education (DepEd),006,Early Childhood Care and Development Council,1000,100000100001,General Management and Supervision,Obligations 2024,,,,0,2024 DepEd - Obligations
07,Department of Education (DepEd),006,Early Childhood Care and Development Council,1000,100000100002,Administration of Personnel Benefits,Obligations 2024,,,,0,2024 DepEd - Obligations
07,Department of Education (DepEd),006,Early Childhood Care and Development Council,3101,310100100001,"Development of Policies, Standards and Guidelines",Obligations 2024,,,,0,2024 DepEd - Obligations
07,Department of Education (DepEd),006,Early Childhood Care and Development Council,3101,310100100002,Capacity-Building and Institutional Development of Intermediaries and Other Partners,Obligations 2024,,,,0,2024 DepEd - Obligations
07,Department of Education (DepEd),006,Early Childhood Care and Development Council,3101,310100100003,Accreditation of ECCD Service Providers,Obligations 2024,,,,0,2024 DepEd - Obligations
07,Department of Education (DepEd),006,Early Childhood Care and Development Council,3101,310100100004,Establishment of National Child Development Centers,Obligations 2024,,,,0,2024 DepEd - Obligations
07,Department of Education (DepEd),007,National Academy of Sports,1000,100000100001,General Management and Supervision,Obligations 2024,,,,0,2024 DepEd - Obligations
07,Department of Education (DepEd),007,National Academy of Sports,1000,100000100002,Administration of Personnel Benefits,Obligations 2024,,,,0,2024 DepEd - Obligations
07,Department of Education (DepEd),007,National Academy of Sports,3101,310100100001,"Promotion, Development, and Implementation of Quality and Enhanced Sports-Integrated Secondary Education Program",Obligations 2024,,,,0,2024 DepEd - Obligations
07,Department of Education (DepEd),008,Teacher Education Council,1000,100000100001,General Management and Supervision,Obligations 2024,,,,0,2024 DepEd - Obligations
07,Department of Education (DepEd),008,Teacher Education Council,3101,310100100001,Quality Teacher Education Services,Obligations 2024,,,,0,2024 DepEd - Obligations
07,Department of Education (DepEd),001,Office of the Secretary,1000,100000100001,General Administration and Support,Disbursements 2024,12097441070.93,5186237288.99,592159616.62,17875837977,2024 DepEd - Disbursements
07,Department of Education (DepEd),001,Office of the Secretary,1000,100000100002,Administration of Personnel Benefits,Disbursements 2024,1153806668.59,0.0,0.0,1153806669,2024 DepEd - Disbursements
07,Department of Education (DepEd),001,Office of the Secretary,2000,200000100001,Physical Fitness and School Sports,Disbursements 2024,8804547.84,581436134.45,0.0,590240682.3,2024 DepEd - Disbursements
07,Department of Education (DepEd),001,Office of the Secretary,2000,200000100002,Development and Management of Bilateral and Multilateral Education Projects,Disbursements 2024,19253674.53,10011883.74,0.0,29265558.27,2024 DepEd - Disbursements
07,Department of Education (DepEd),001,Office of the Secretary,2000,200000100003,Management and Administration of Learning Resources,Disbursements 2024,48499575.5,5298414.19,0.0,53797989.69,2024 DepEd - Disbursements
07,Department of Education (DepEd),001,Office of the Secretary,2000,200000100004,Planning and Management Information Systems,Disbursements 2024,125663495.05,23649951.09,0.0,149313446.1,2024 DepEd - Disbursements
07,Department of Education (DepEd),001,Office of the Secretary,2000,200000100005,Education Information and Communication Services,Disbursements 2024,22287018.85,16071947.51,0.0,38358966.36,2024 DepEd - Disbursements
07,Department of Education (DepEd),001,Office of the Secretary,2000,200000100006,Learner Support Programs,Disbursements 2024,2336392786.58,302999643.24,0.0,2639392430,2024 DepEd - Disbursements
07,Department of Education (DepEd),001,Office of the Secretary,2000,200000100007,Building Partnerships and Linkages Program,Disbursements 2024,10834058.24,72416027.41,0.0,83250085.65,2024 DepEd - Disbursements
07,Department of Education (DepEd),001,Office of the Secretary,2000,200000100008,Legal Services and Development of Education-Related Laws and Rules,Disbursements 2024,26564013.98,28351223.16,0.0,54915237.14,2024 DepEd - Disbursements
07,Department of Education (DepEd),001,Office of the Secretary,2000,200000100009,Child Protection Program,Disbursements 2024,0.0,51885833.94,0.0,51885833.94,2024 DepEd - Disbursements
07,Department of Education (DepEd),001,Office of the Secretary,2000,200000100010,Disaster Preparedness and Response Program,Disbursements 2024,11093604.85,1686555665.22,1973496.3,1699622766,2024 DepEd - Disbursements
07,Department of Education (DepEd),001,Office of the Secretary,2000,200000100011,Organizational and Professional Development for Non-Teaching Personnel,Disbursements 2024,179638969.18,81196308.68,0.0,260835277.9,2024 DepEd - Disbursements
07,Department of Education (DepEd),001,Office of the Secretary,2000,200000100012,Operational Expenses of the DepEd Task Force on the 2022 National and Local Elections,Disbursements 2024,,,,0,2024 DepEd - Disbursements
07,Department of Education (DepEd),001,Office of the Secretary,2000,200000100013,Operational Expenses of the DepEd - Election Task Force,Disbursements 2024,,,,0,2024 DepEd - Disbursements
07,Department of Education (DepEd),001,Office of the Secretary,3101,310100100001,National Assessment Systems for Basic Education,Disbursements 2024,37244304.01,312970968.22,0.0,350215272.2,2024 DepEd - Disbursements
07,Department of Education (DepEd),001,Office of the Secretary,3101,310100100002,Policy and Research Program,Disbursements 2024,2061406800.14,24368132.11,0.0,2085774932,2024 DepEd - Disbursements
07,Department of Education (DepEd),001,Office of the Secretary,3101,310100100003,Basic Education Curriculum,Disbursements 2024,163884379.34,2792261619.16,0.0,2956145999,2024 DepEd - Disbursements
07,Department of Education (DepEd),001,Office of the Secretary,3101,310100100004,"Curriculum Programs, Learning Management Models, Standards and Strategy Development",Disbursements 2024,6742711121.06,0.0,0.0,6742711121,2024 DepEd - Disbursements
07,Department of Education (DepEd),001,Office of the Secretary,3101,310100100005,Development and Promotion of Campus Journalism,Disbursements 2024,0.0,68189680.94,0.0,68189680.94,2024 DepEd - Disbursements
07,Department of Education (DepEd),001,Office of the Secretary,3101,310100100006,National Literacy Policies and Programs,Disbursements 2024,3989457.74,8363744.57,0.0,12353202.31,2024 DepEd - Disbursements
07,Department of Education (DepEd),001,Office of the Secretary,3101,310100100007,Early Language Literacy and Numeracy,Disbursements 2024,0.0,58030082.88,0.0,58030082.88,2024 DepEd - Disbursements
07,Department of Education (DepEd),001,Office of the Secretary,3102,310200100001,Improvement and Acquisition of School Sites,Disbursements 2024,0.0,25485482.4,78129240.0,103614722.4,2024 DepEd - Disbursements
07,Department of Education (DepEd),001,Office of the Secretary,3102,310200100002,New School Personnel Positions,Disbursements 2024,23369997400.35,0.0,0.0,23369997400,2024 DepEd - Disbursements
07,Department of Education (DepEd),001,Office of the Secretary,3102,310200100003,Learning Tools and Equipment,Disbursements 2024,0.0,1366511536.14,0.0,1366511536,2024 DepEd - Disbursements
07,Department of Education (DepEd),001,Office of the Secretary,3102,310200100004,Textbooks and Other Instructional Materials,Disbursements 2024,0.0,1340301996.84,0.0,1340301997,2024 DepEd - Disbursements
07,Department of Education (DepEd),001,Office of the Secretary,3102,310200100005,Computerization Program,Disbursements 2024,24403826.71,7413085439.56,172814759.78,7610304026,2024 DepEd - Disbursements
07,Department of Education (DepEd),001,Office of the Secretary,3102,310200100006,Basic Education Facilities,Disbursements 2024,0.0,814575723.96,1542993980.16,2357569704,2024 DepEd - Disbursements
07,Department of Education (DepEd),001,Office of the Secretary,3102,310200100007,Conservation and Restoration of Gabaldon and Other Heritage School Buildings,Disbursements 2024,0.0,0.0,449088102.11,449088102.1,2024 DepEd - Disbursements
07,Department of Education (DepEd),001,Office of the Secretary,3102,310200100010,Quick Response Fund,Disbursements 2024,0.0,0.0,317963389.72,317963389.7,2024 DepEd - Disbursements
07,Department of Education (DepEd),001,Office of the Secretary,3102,310200100011,Last Mile Schools Program,Disbursements 2024,0.0,0.0,1535522099.27,1535522099,2024 DepEd - Disbursements
07,Department of Education (DepEd),001,Office of the Secretary,3102,310200100012,Public Schools Infrastructure Program (PSIP),Disbursements 2024,,,,0,2024 DepEd - Disbursements
07,Department of Education (DepEd),001,Office of the Secretary,3102,310200200001,Connectivity Enhancement Program for e-Learning in Public Schools,Disbursements 2024,,,,0,2024 DepEd - Disbursements
07,Department of Education (DepEd),001,Office of the Secretary,3102,310200300001,Infrastructure for Safer and Resilient Schools (ISRS) Project WB Loan No. 9704-PH,Disbursements 2024,,,,0,2024 DepEd - Disbursements
07,Department of Education (DepEd),001,Office of the Secretary,3103,310300100001,Multigrade Education,Disbursements 2024,0.0,88267514.66,0.0,88267514.66,2024 DepEd - Disbursements
07,Department of Education (DepEd),001,Office of the Secretary,3103,310300100002,Indigenous Peoples Education (IPEd) Program,Disbursements 2024,0.0,146308139.9,0.0,146308139.9,2024 DepEd - Disbursements
07,Department of Education (DepEd),001,Office of the Secretary,3103,310300100003,Flexible Learning Options (ADM/ALS/EiE),Disbursements 2024,0.0,2315233818.59,9034745.93,2324268565,2024 DepEd - Disbursements
07,Department of Education (DepEd),001,Office of the Secretary,3103,310300100004,Madrasah Education Program,Disbursements 2024,0.0,421626114.98,0.0,421626115,2024 DepEd - Disbursements
07,Department of Education (DepEd),001,Office of the Secretary,3103,310300100005,Special Needs Education Program,Disbursements 2024,0.0,433465314.22,8632543.06,442097857.3,2024 DepEd - Disbursements
07,Department of Education (DepEd),001,Office of the Secretary,3104,310400100001,School-Based Feeding Program (SBFP),Disbursements 2024,0.0,5384401178.28,0.0,5384401178,2024 DepEd - Disbursements
07,Department of Education (DepEd),001,Office of the Secretary,3104,310400100002,Operation of Schools - Elementary (Kinder to Grade 6),Disbursements 2024,0.0,294404849325.19,17870601603.37,312275450929,2024 DepEd - Disbursements
07,Department of Education (DepEd),001,Office of the Secretary,3104,310400100003,Operation of Schools - Junior High School (Grade 7 to Grade 10),Disbursements 2024,0.0,164958565605.89,12722748767.74,177681314374,2024 DepEd - Disbursements
07,Department of Education (DepEd),001,Office of the Secretary,3104,310400100004,Operation of Schools - Senior High School (Grade 11 to Grade 12),Disbursements 2024,0.0,47687632156.3,5661745122.01,53349377278,2024 DepEd - Disbursements
07,Department of Education (DepEd),001,Office of the Secretary,3104,310400100005,Government Assistance and Subsidies - Educational Service Contracting (ESC) Program for Private Junior High School (per RA No. 8545),Disbursements 2024,,,,0,2024 DepEd - Disbursements
07,Department of Education (DepEd),001,Office of the Secretary,3104,310400100006,Government Assistance and Subsidies - Voucher Program for Private Senior High School (per RA No. 10533),Disbursements 2024,,,,0,2024 DepEd - Disbursements
07,Department of Education (DepEd),001,Office of the Secretary,3104,310400100007,Government Assistance and Subsidies - Voucher Program for Non-DepEd Public High School (per RA No. 10533),Disbursements 2024,,,,0,2024 DepEd - Disbursements
07,Department of Education (DepEd),001,Office of the Secretary,3104,310400100008,Joint Delivery Voucher for Senior High School Technical Vocational and Livelihood Specializations,Disbursements 2024,0.0,1427791841.12,0.0,1427791841,2024 DepEd - Disbursements
07,Department of Education (DepEd),001,Office of the Secretary,3104,310400100009,Operational Requirements of Sports Academy and Training Centers,Disbursements 2024,,,,0,2024 DepEd - Disbursements
07,Department of Education (DepEd),001,Office of the Secretary,3104,310400100010,"Implementation of the Grant of Cash Allowance, Hardship Pay, and Reclassification of Positions",Disbursements 2024,4160749408.03,4362704667.1,0.0,8523454075,2024 DepEd - Disbursements
07,Department of Education (DepEd),001,Office of the Secretary,3104,310400100011,School Dental Health Care Program,Disbursements 2024,0.0,0.0,0.0,0,2024 DepEd - Disbursements
07,Department of Education (DepEd),001,Office of the Secretary,3104,310400100013,World Teachers' Day Incentive Benefits,Disbursements 2024,898948918.45,0.0,0.0,898948918.5,2024 DepEd - Disbursements
07,Department of Education (DepEd),001,Office of the Secretary,3104,310400100014,Establishment and Operational Requirement of the National Academy of Sports,Disbursements 2024,,,,0,2024 DepEd - Disbursements
07,Department of Education (DepEd),001,Office of the Secretary,3104,310400100015,Government Assistance and Subsidies - Educational Service Contracting (ESC) Program for Private Junior High School (per R.A. No. 8545),Disbursements 2024,,4892257704.06,,4892257704,2024 DepEd - Disbursements
07,Department of Education (DepEd),001,Office of the Secretary,3104,310400100016,Government Assistance and Subsidies - Senior High School Voucher Program,Disbursements 2024,,,,,2024 DepEd - Disbursements
07,Department of Education (DepEd),001,Office of the Secretary,3104,310400100017,Subsidies - Senior High School Voucher Program,Disbursements 2024,,13981487312.36,,13981487312,2024 DepEd - Disbursements
07,Department of Education (DepEd),001,Office of the Secretary,3104,310400100018,"Government Assistance and Subsidies - Training and Upgrading Knowledge for Learners, Teachers, and Achievers in Schools (GAS-TUKLAS)",Disbursements 2024,,,,0,2024 DepEd - Disbursements
07,Department of Education (DepEd),001,Office of the Secretary,3104,310400100019,School Innovation and Improvement Fund (SIIF) to all DepEd Public Schools,Disbursements 2024,,,,0,2024 DepEd - Disbursements
07,Department of Education (DepEd),001,Office of the Secretary,3105,310500100001,Human Resource Development for Personnel in Schools and Learning Centers,Disbursements 2024,40057423.05,2785840762.79,25567712.57,2851465898,2024 DepEd - Disbursements
07,Department of Education (DepEd),001,Office of the Secretary,3105,310500100002,Teacher Quality and Development Program,Disbursements 2024,4942809.5,25272119.17,0.0,30214928.67,2024 DepEd - Disbursements
07,Department of Education (DepEd),001,Office of the Secretary,3105,310500300001,Teacher Effectiveness and Competencies Enhancement Project (TEACEP) WB Loan No. 9481-PH,Disbursements 2024,0.0,0.0,0.0,0,2024 DepEd - Disbursements
07,Department of Education (DepEd),002,National Book Development Board,1000,100000100001,General Management and Supervision,Disbursements 2024,,,,0,2024 DepEd - Disbursements
07,Department of Education (DepEd),002,National Book Development Board,1000,100000100002,Administration of Personnel Benefits,Disbursements 2024,,,,0,2024 DepEd - Disbursements
07,Department of Education (DepEd),002,National Book Development Board,3101,310100100001,Capacity Building and Trade Promotion Incentives,Disbursements 2024,,,,0,2024 DepEd - Disbursements
07,Department of Education (DepEd),002,National Book Development Board,3101,310100100002,"Administration of Awards, Grants, and Incentives",Disbursements 2024,,,,0,2024 DepEd - Disbursements
07,Department of Education (DepEd),002,National Book Development Board,3101,310100100003,"Policy Development, Research, Information System Management, and Information Campaign",Disbursements 2024,,,,0,2024 DepEd - Disbursements
07,Department of Education (DepEd),003,National Council for Children's Television,1000,100000100001,General Management and Supervision,Disbursements 2024,,,,0,2024 DepEd - Disbursements
07,Department of Education (DepEd),003,National Council for Children's Television,3101,310100100001,Child-Friendly Television Development Services,Disbursements 2024,,,,0,2024 DepEd - Disbursements
07,Department of Education (DepEd),004,National Museum of the Philippines,1000,100000100001,General Management and Supervision,Disbursements 2024,,,,0,2024 DepEd - Disbursements
07,Department of Education (DepEd),004,National Museum of the Philippines,1000,100000100002,Administration of Personnel Benefits,Disbursements 2024,,,,0,2024 DepEd - Disbursements
07,Department of Education (DepEd),004,National Museum of the Philippines,2000,200000100001,Project Monitoring and Evaluation Services,Disbursements 2024,,,,0,2024 DepEd - Disbursements
07,Department of Education (DepEd),004,National Museum of the Philippines,3101,310100100001,Management and Development of the National Collections and Related Knowledge Resources (Including Participation to International Meetings and Conferences),Disbursements 2024,,,,0,2024 DepEd - Disbursements
07,Department of Education (DepEd),004,National Museum of the Philippines,3101,310100100002,"Restoration, Preservation, Protection and Development of Cultural Property",Disbursements 2024,,,,0,2024 DepEd - Disbursements
07,Department of Education (DepEd),004,National Museum of the Philippines,3101,310100200015,"Restoration of Malacanang sa Sugbo, Cebu City and Converrsion to National Museum Cebu",Disbursements 2024,,,,0,2024 DepEd - Disbursements
07,Department of Education (DepEd),004,National Museum of the Philippines,3101,310100200016,Development of the National Museum Complex in Manila - Phase 1 (to implement Republic Act No. 11333),Disbursements 2024,,,,0,2024 DepEd - Disbursements
07,Department of Education (DepEd),004,National Museum of the Philippines,3101,310100200017,"Nightly repair of the Church of Our Lady of Caysasay and associated structures, a declared national cultural treasure in Taal, Batangas",Disbursements 2024,,,,0,2024 DepEd - Disbursements
07,Department of Education (DepEd),004,National Museum of the Philippines,3101,310100200018,Continuation of Construction of National Museum Building in Davao City,Disbursements 2024,,,,0,2024 DepEd - Disbursements
07,Department of Education (DepEd),004,National Museum of the Philippines,3101,310100200019,Development of the National Museum Complex in Rizal Park - Manila Phase II,Disbursements 2024,,,,0,2024 DepEd - Disbursements
07,Department of Education (DepEd),004,National Museum of the Philippines,3101,310100200020,Development of Information Management Systems,Disbursements 2024,,,,0,2024 DepEd - Disbursements
07,Department of Education (DepEd),004,National Museum of the Philippines,3101,310100200021,"Restoration and Continued Repair of Our Lady of Caysasay Church and Associated Structures (National Cultural Treasure) in Taal, Batangas",Disbursements 2024,,,,0,2024 DepEd - Disbursements
07,Department of Education (DepEd),004,National Museum of the Philippines,3101,310100200022,"Restoration of the Old Municipal Hall and the Municipal Plaza (Important Cultural Properties) in Balilihan, Bohol",Disbursements 2024,,,,0,2024 DepEd - Disbursements
07,Department of Education (DepEd),004,National Museum of the Philippines,3101,310100200023,"Development of National Museum Complex, Manila, Phase 3",Disbursements 2024,,,,0,2024 DepEd - Disbursements
07,Department of Education (DepEd),004,National Museum of the Philippines,3101,310100200024,"Continued Restoration and Site Development of Our Lady of Caysasay Church and Associated Structures in Taal, Batangas, Phase 3",Disbursements 2024,,,,0,2024 DepEd - Disbursements
07,Department of Education (DepEd),004,National Museum of the Philippines,3101,310100200025,"Rehabilitation of Former United States Air Force (USAF) Hospital in Clark Freeport, Pampanga and Conversion to National Museum of the Philippines Central Luzon, Phase 1",Disbursements 2024,,,,0,2024 DepEd - Disbursements
07,Department of Education (DepEd),004,National Museum of the Philippines,3101,310100200026,"Construction of National Museum of the Philippines-Baler in Baler, Aurora",Disbursements 2024,,,,0,2024 DepEd - Disbursements
07,Department of Education (DepEd),004,National Museum of the Philippines,3101,310100200027,Exhibitions and Fit-Out of Various National Museum of the Philippines - Central and Regional Sites,Disbursements 2024,,,,0,2024 DepEd - Disbursements
07,Department of Education (DepEd),004,National Museum of the Philippines,3101,310100200028,"Rehabilitation of National Museum of the Philippines-Kabayan Burial Cave Site Museum and Satellite Office in Kabayan, Benguet",Disbursements 2024,,,,0,2024 DepEd - Disbursements
07,Department of Education (DepEd),004,National Museum of the Philippines,3101,310100200029,"Improvement of Rocha House in Sitio Ubos in Tagbilaran City, Bohol (Declared Important Cultural Property)",Disbursements 2024,,,,0,2024 DepEd - Disbursements
07,Department of Education (DepEd),004,National Museum of the Philippines,3101,310100200030,"Development of National Museum Complex, Manila, Phase IV",Disbursements 2024,,,,0,2024 DepEd - Disbursements
07,Department of Education (DepEd),004,National Museum of the Philippines,3101,310100200031,"Construction of National Museum of the Philippines-Baler in Baler, Aurora (Phase II)",Disbursements 2024,,,,0,2024 DepEd - Disbursements
07,Department of Education (DepEd),004,National Museum of the Philippines,3101,310100200032,"Continued Restoration and Site Development of Our Lady of Caysasay Church and Associated Structures in Taal, Batangas, Phase IV",Disbursements 2024,,,,0,2024 DepEd - Disbursements
07,Department of Education (DepEd),004,National Museum of the Philippines,3101,310100200033,"Repair and Preventive Conservation Maintenance of Casa Rocha (Important Cultural Property) in Tagbilaran City, Bohol",Disbursements 2024,,,,0,2024 DepEd - Disbursements
07,Department of Education (DepEd),004,National Museum of the Philippines,3101,310100200034,Restoration and Development of NMP Museums and Declared/Associated Heritage Sites in the Visayas,Disbursements 2024,,,,0,2024 DepEd - Disbursements
07,Department of Education (DepEd),004,National Museum of the Philippines,3101,310100200035,"Rehabilitation of Former United States Air Force (USAF) Hospital in Clark Freeport, Pampanga, and Conversion to National Museum of the Philippines Central Luzon, Phase II",Disbursements 2024,,,,0,2024 DepEd - Disbursements
07,Department of Education (DepEd),004,National Museum of the Philippines,3101,310100200036,"Completion of Restoration of Our Lady of Caysasay Church and Associated Structures in Taal, Batangas City",Disbursements 2024,,,,0,2024 DepEd - Disbursements
07,Department of Education (DepEd),004,National Museum of the Philippines,3101,310100200037,"Rehabilitation of National Museum of the Philippines Kabayan Burial Caves Site Museum and Satellite Office in Kabayan, Benguet, Phase II",Disbursements 2024,,,,0,2024 DepEd - Disbursements
07,Department of Education (DepEd),004,National Museum of the Philippines,3101,310100200038,Completion of the Development of the National Museum Complex in Manila,Disbursements 2024,,,,0,2024 DepEd - Disbursements
07,Department of Education (DepEd),004,National Museum of the Philippines,3101,310100200039,"Continuation of the Development of NMP-General Aniceto Lacson Ancestral House in Talisay City, Negros Occidental",Disbursements 2024,,,,0,2024 DepEd - Disbursements
07,Department of Education (DepEd),004,National Museum of the Philippines,3101,310100200040,Rehabilitation of the Sewerage System of the National Museum of Fine Arts (Old Legislative Building),Disbursements 2024,,,,0,2024 DepEd - Disbursements
07,Department of Education (DepEd),004,National Museum of the Philippines,3101,310100200041,"Development of NMP-Kalibo, Aklan (Phase 1)",Disbursements 2024,,,,0,2024 DepEd - Disbursements
07,Department of Education (DepEd),004,National Museum of the Philippines,3101,310100200042,"Development of NMP-Koronadal and Lake Sebu, South Cotabato (Phase 1)",Disbursements 2024,,,,0,2024 DepEd - Disbursements
07,Department of Education (DepEd),004,National Museum of the Philippines,3101,310100200043,"Repair and Restoration of Boljoon Church Complex, Boljoon, Cebu and Development of NMP-Boljoon, Cebu (Phase 1)",Disbursements 2024,,,,0,2024 DepEd - Disbursements
07,Department of Education (DepEd),004,National Museum of the Philippines,3101,310100200044,"Development of NMP-Paoay, Paoay, Ilocos Norte",Disbursements 2024,,,,0,2024 DepEd - Disbursements
07,Department of Education (DepEd),004,National Museum of the Philippines,3101,310100200045,"Development of NMP General Ancieto Lacson Ancestral House, Talisay City, Negros Occidental (Phase 2)",Disbursements 2024,,,,0,2024 DepEd - Disbursements
07,Department of Education (DepEd),004,National Museum of the Philippines,3101,310100200046,"Development of NMP Kalibo, Aklan (Phase 2)",Disbursements 2024,,,,0,2024 DepEd - Disbursements
07,Department of Education (DepEd),004,National Museum of the Philippines,3101,310100200047,"Development of NMP Koronadal and Lake Sebu, South Cotabato (Phase 2)",Disbursements 2024,,,,0,2024 DepEd - Disbursements
07,Department of Education (DepEd),004,National Museum of the Philippines,3101,310100200048,Exhibitions and Fit-out of Various National Museum of the Philippines - Central and Regional Sites - Northern Luzon National Museums,Disbursements 2024,,,,0,2024 DepEd - Disbursements
07,Department of Education (DepEd),005,Philippine High School for the Arts,1000,100000100001,General Management and Supervision,Disbursements 2024,,,,0,2024 DepEd - Disbursements
07,Department of Education (DepEd),005,Philippine High School for the Arts,1000,100000100002,Administration of Personnel Benefits,Disbursements 2024,,,,0,2024 DepEd - Disbursements
07,Department of Education (DepEd),005,Philippine High School for the Arts,3101,310100100001,"Operation of Philippine High School for the Arts Including Outreach, Screening, Student Exchange Program with Other Countries and Production Activities",Disbursements 2024,,,,0,2024 DepEd - Disbursements
07,Department of Education (DepEd),006,Early Childhood Care and Development Council,1000,100000100001,General Management and Supervision,Disbursements 2024,,,,0,2024 DepEd - Disbursements
07,Department of Education (DepEd),006,Early Childhood Care and Development Council,1000,100000100002,Administration of Personnel Benefits,Disbursements 2024,,,,0,2024 DepEd - Disbursements
07,Department of Education (DepEd),006,Early Childhood Care and Development Council,3101,310100100001,"Development of Policies, Standards and Guidelines",Disbursements 2024,,,,0,2024 DepEd - Disbursements
07,Department of Education (DepEd),006,Early Childhood Care and Development Council,3101,310100100002,Capacity-Building and Institutional Development of Intermediaries and Other Partners,Disbursements 2024,,,,0,2024 DepEd - Disbursements
07,Department of Education (DepEd),006,Early Childhood Care and Development Council,3101,310100100003,Accreditation of ECCD Service Providers,Disbursements 2024,,,,0,2024 DepEd - Disbursements
07,Department of Education (DepEd),006,Early Childhood Care and Development Council,3101,310100100004,Establishment of National Child Development Centers,Disbursements 2024,,,,0,2024 DepEd - Disbursements
07,Department of Education (DepEd),007,National Academy of Sports,1000,100000100001,General Management and Supervision,Disbursements 2024,,,,0,2024 DepEd - Disbursements
07,Department of Education (DepEd),007,National Academy of Sports,1000,100000100002,Administration of Personnel Benefits,Disbursements 2024,,,,0,2024 DepEd - Disbursements
07,Department of Education (DepEd),007,National Academy of Sports,3101,310100100001,"Promotion, Development, and Implementation of Quality and Enhanced Sports-Integrated Secondary Education Program",Disbursements 2024,,,,0,2024 DepEd - Disbursements
07,Department of Education (DepEd),008,Teacher Education Council,1000,100000100001,General Management and Supervision,Disbursements 2024,,,,0,2024 DepEd - Disbursements
07,Department of Education (DepEd),008,Teacher Education Council,3101,310100100001,Quality Teacher Education Services,Disbursements 2024,,,,0,2024 DepEd - Disbursements
07,Department of Education (DepEd),001,Office of the Secretary,1000,100000100001,General Administration and Support,NEP 2023,7542482000.0,8552680000.0,0.0,16095162000.0,2023 DepEd - NEP
07,Department of Education (DepEd),001,Office of the Secretary,1000,100000100002,Administration of Personnel Benefits,NEP 2023,4575160000.0,0.0,0.0,4575160000.0,2023 DepEd - NEP
07,Department of Education (DepEd),001,Office of the Secretary,2000,200000100001,Physical Fitness and School Sports,NEP 2023,7725000.0,278638000.0,0.0,286363000.0,2023 DepEd - NEP
07,Department of Education (DepEd),001,Office of the Secretary,2000,200000100002,Development and Management of Bilateral and Multilateral Education Projects,NEP 2023,15801000.0,13123000.0,0.0,28924000.0,2023 DepEd - NEP
07,Department of Education (DepEd),001,Office of the Secretary,2000,200000100003,Management and Administration of Learning Resources,NEP 2023,41888000.0,9927000.0,0.0,51815000.0,2023 DepEd - NEP
07,Department of Education (DepEd),001,Office of the Secretary,2000,200000100004,Planning and Management Information Systems,NEP 2023,116292000.0,39479000.0,0.0,155771000.0,2023 DepEd - NEP
07,Department of Education (DepEd),001,Office of the Secretary,2000,200000100005,Education Information and Communication Services,NEP 2023,20056000.0,3480000.0,0.0,23536000.0,2023 DepEd - NEP
07,Department of Education (DepEd),001,Office of the Secretary,2000,200000100006,Learner Support Programs,NEP 2023,2224649000.0,125748000.0,0.0,2350397000.0,2023 DepEd - NEP
07,Department of Education (DepEd),001,Office of the Secretary,2000,200000100007,Building Partnerships and Linkages Program,NEP 2023,8230000.0,118323000.0,0.0,126553000.0,2023 DepEd - NEP
07,Department of Education (DepEd),001,Office of the Secretary,2000,200000100008,Legal Services and Development of Education-Related Laws and Rules,NEP 2023,18755000.0,19400000.0,0.0,38155000.0,2023 DepEd - NEP
07,Department of Education (DepEd),001,Office of the Secretary,2000,200000100009,Child Protection Program,NEP 2023,0.0,4747000.0,0.0,4747000.0,2023 DepEd - NEP
07,Department of Education (DepEd),001,Office of the Secretary,2000,200000100010,Disaster Preparedness and Response Program,NEP 2023,7530000.0,129453000.0,0.0,136983000.0,2023 DepEd - NEP
07,Department of Education (DepEd),001,Office of the Secretary,2000,200000100011,Organizational and Professional Development for Non-Teaching Personnel,NEP 2023,160194000.0,111350000.0,0.0,271544000.0,2023 DepEd - NEP
07,Department of Education (DepEd),001,Office of the Secretary,2000,200000100012,Operational Expenses of the DepEd Task Force on the 2022 National and Local Elections,NEP 2023,0.0,0.0,0.0,,2023 DepEd - NEP
07,Department of Education (DepEd),001,Office of the Secretary,2000,200000100013,Operational Expenses of the DepEd - Election Task Force,NEP 2023,,,,,2023 DepEd - NEP
07,Department of Education (DepEd),001,Office of the Secretary,3101,310100100001,National Assessment Systems for Basic Education,NEP 2023,27080000.0,128428000.0,0.0,155508000.0,2023 DepEd - NEP
07,Department of Education (DepEd),001,Office of the Secretary,3101,310100100002,Policy and Research Program,NEP 2023,1894013000.0,34769000.0,0.0,1928782000.0,2023 DepEd - NEP
07,Department of Education (DepEd),001,Office of the Secretary,3101,310100100003,Basic Education Curriculum,NEP 2023,110703000.0,75838000.0,0.0,186541000.0,2023 DepEd - NEP
07,Department of Education (DepEd),001,Office of the Secretary,3101,310100100004,"Curriculum Programs, Learning Management Models, Standards and Strategy Development",NEP 2023,6118482000.0,1555000.0,0.0,6120037000.0,2023 DepEd - NEP
07,Department of Education (DepEd),001,Office of the Secretary,3101,310100100005,Development and Promotion of Campus Journalism,NEP 2023,0.0,2056000.0,0.0,2056000.0,2023 DepEd - NEP
07,Department of Education (DepEd),001,Office of the Secretary,3101,310100100006,National Literacy Policies and Programs,NEP 2023,3749000.0,7711000.0,0.0,11460000.0,2023 DepEd - NEP
07,Department of Education (DepEd),001,Office of the Secretary,3101,310100100007,Early Language Literacy and Numeracy,NEP 2023,0.0,23627000.0,0.0,23627000.0,2023 DepEd - NEP
07,Department of Education (DepEd),001,Office of the Secretary,3102,310200100001,Improvement and Acquisition of School Sites,NEP 2023,0.0,83158000.0,65000000.0,148158000.0,2023 DepEd - NEP
07,Department of Education (DepEd),001,Office of the Secretary,3102,310200100002,New School Personnel Positions,NEP 2023,23816776000.0,100000000.0,0.0,23916776000.0,2023 DepEd - NEP
07,Department of Education (DepEd),001,Office of the Secretary,3102,310200100003,Learning Tools and Equipment,NEP 2023,0.0,2366818000.0,435926000.0,2802744000.0,2023 DepEd - NEP
07,Department of Education (DepEd),001,Office of the Secretary,3102,310200100004,Textbooks and Other Instructional Materials,NEP 2023,0.0,998454000.0,0.0,998454000.0,2023 DepEd - NEP
07,Department of Education (DepEd),001,Office of the Secretary,3102,310200100005,Computerization Program,NEP 2023,21416000.0,2859394000.0,6021118000.0,8901928000.0,2023 DepEd - NEP
07,Department of Education (DepEd),001,Office of the Secretary,3102,310200100006,Basic Education Facilities,NEP 2023,0.0,1833515000.0,7968800000.0,9802315000.0,2023 DepEd - NEP
07,Department of Education (DepEd),001,Office of the Secretary,3102,310200100007,Conservation and Restoration of Gabaldon and Other Heritage School Buildings,NEP 2023,0.0,0.0,383965000.0,383965000.0,2023 DepEd - NEP
07,Department of Education (DepEd),001,Office of the Secretary,3102,310200100010,Quick Response Fund,NEP 2023,0.0,0.0,2000000000.0,2000000000.0,2023 DepEd - NEP
07,Department of Education (DepEd),001,Office of the Secretary,3102,310200100011,Last Mile Schools Program,NEP 2023,0.0,0.0,1500000000.0,1500000000.0,2023 DepEd - NEP
07,Department of Education (DepEd),001,Office of the Secretary,3102,310200100012,Public Schools Infrastructure Program (PSIP),NEP 2023,0.0,0.0,0.0,,2023 DepEd - NEP
07,Department of Education (DepEd),001,Office of the Secretary,3102,310200200001,Connectivity Enhancement Program for e-Learning in Public Schools,NEP 2023,,,,,2023 DepEd - NEP
07,Department of Education (DepEd),001,Office of the Secretary,3102,310200300001,Infrastructure for Safer and Resilient Schools (ISRS) Project WB Loan No. 9704-PH,NEP 2023,,,,,2023 DepEd - NEP
07,Department of Education (DepEd),001,Office of the Secretary,3103,310300100001,Multigrade Education,NEP 2023,0.0,23080000.0,0.0,23080000.0,2023 DepEd - NEP
07,Department of Education (DepEd),001,Office of the Secretary,3103,310300100002,Indigenous Peoples Education (IPEd) Program,NEP 2023,0.0,53359000.0,0.0,53359000.0,2023 DepEd - NEP
07,Department of Education (DepEd),001,Office of the Secretary,3103,310300100003,Flexible Learning Options (ADM/ALS/EiE),NEP 2023,0.0,19995182000.0,0.0,19995182000.0,2023 DepEd - NEP
07,Department of Education (DepEd),001,Office of the Secretary,3103,310300100004,Madrasah Education Program,NEP 2023,0.0,359503000.0,0.0,359503000.0,2023 DepEd - NEP
07,Department of Education (DepEd),001,Office of the Secretary,3103,310300100005,Special Needs Education Program,NEP 2023,0.0,0.0,0.0,0.0,2023 DepEd - NEP
07,Department of Education (DepEd),001,Office of the Secretary,3104,310400100001,School-Based Feeding Program (SBFP),NEP 2023,0.0,5688567000.0,0.0,5688567000.0,2023 DepEd - NEP
07,Department of Education (DepEd),001,Office of the Secretary,3104,310400100002,Operation of Schools - Elementary (Kinder to Grade 6),NEP 2023,268996888000.0,15550402000.0,0.0,284547290000.0,2023 DepEd - NEP
07,Department of Education (DepEd),001,Office of the Secretary,3104,310400100003,Operation of Schools - Junior High School (Grade 7 to Grade 10),NEP 2023,149933258000.0,10948143000.0,0.0,160881401000.0,2023 DepEd - NEP
07,Department of Education (DepEd),001,Office of the Secretary,3104,310400100004,Operation of Schools - Senior High School (Grade 11 to Grade 12),NEP 2023,41083897000.0,4330196000.0,0.0,45414093000.0,2023 DepEd - NEP
07,Department of Education (DepEd),001,Office of the Secretary,3104,310400100005,Government Assistance and Subsidies - Educational Service Contracting (ESC) Program for Private Junior High School (per RA No. 8545),NEP 2023,,,,,2023 DepEd - NEP
07,Department of Education (DepEd),001,Office of the Secretary,3104,310400100006,Government Assistance and Subsidies - Voucher Program for Private Senior High School (per RA No. 10533),NEP 2023,,,,,2023 DepEd - NEP
07,Department of Education (DepEd),001,Office of the Secretary,3104,310400100007,Government Assistance and Subsidies - Voucher Program for Non-DepEd Public High School (per RA No. 10533),NEP 2023,,,,,2023 DepEd - NEP
07,Department of Education (DepEd),001,Office of the Secretary,3104,310400100008,Joint Delivery Voucher for Senior High School Technical Vocational and Livelihood Specializations,NEP 2023,0.0,1380495000.0,0.0,1380495000.0,2023 DepEd - NEP
07,Department of Education (DepEd),001,Office of the Secretary,3104,310400100009,Operational Requirements of Sports Academy and Training Centers,NEP 2023,,,,,2023 DepEd - NEP
07,Department of Education (DepEd),001,Office of the Secretary,3104,310400100010,"Implementation of the Grant of Cash Allowance, Hardship Pay, and Reclassification of Positions",NEP 2023,4837850000.0,4714345000.0,0.0,9552195000.0,2023 DepEd - NEP
07,Department of Education (DepEd),001,Office of the Secretary,3104,310400100011,School Dental Health Care Program,NEP 2023,0.0,0.0,0.0,,2023 DepEd - NEP
07,Department of Education (DepEd),001,Office of the Secretary,3104,310400100013,World Teachers' Day Incentive Benefits,NEP 2023,900477000.0,0.0,0.0,900477000.0,2023 DepEd - NEP
07,Department of Education (DepEd),001,Office of the Secretary,3104,310400100014,Establishment and Operational Requirement of the National Academy of Sports,NEP 2023,0.0,0.0,0.0,,2023 DepEd - NEP
07,Department of Education (DepEd),001,Office of the Secretary,3104,310400100015,Government Assistance and Subsidies - Educational Service Contracting (ESC) Program for Private Junior High School (per R.A. No. 8545),NEP 2023,0.0,12498048000.0,0.0,12498048000.0,2023 DepEd - NEP
07,Department of Education (DepEd),001,Office of the Secretary,3104,310400100016,Government Assistance and Subsidies - Senior High School Voucher Program,NEP 2023,,,,,2023 DepEd - NEP
07,Department of Education (DepEd),001,Office of the Secretary,3104,310400100017,Subsidies - Senior High School Voucher Program,NEP 2023,0.0,39326804000.0,0.0,39326804000.0,2023 DepEd - NEP
07,Department of Education (DepEd),001,Office of the Secretary,3104,310400100018,"Government Assistance and Subsidies - Training and Upgrading Knowledge for Learners, Teachers, and Achievers in Schools (GAS-TUKLAS)",NEP 2023,,,,,2023 DepEd - NEP
07,Department of Education (DepEd),001,Office of the Secretary,3104,310400100019,School Innovation and Improvement Fund (SIIF) to all DepEd Public Schools,NEP 2023,,,,,2023 DepEd - NEP
07,Department of Education (DepEd),001,Office of the Secretary,3105,310500100001,Human Resource Development for Personnel in Schools and Learning Centers,NEP 2023,32480000.0,1965746000.0,0.0,1998226000.0,2023 DepEd - NEP
07,Department of Education (DepEd),001,Office of the Secretary,3105,310500100002,Teacher Quality and Development Program,NEP 2023,3275000.0,643000.0,0.0,3918000.0,2023 DepEd - NEP
07,Department of Education (DepEd),001,Office of the Secretary,3105,310500300001,Teacher Effectiveness and Competencies Enhancement Project (TEACEP) WB Loan No. 9481-PH,NEP 2023,0.0,602639000.0,0.0,602639000.0,2023 DepEd - NEP
07,Department of Education (DepEd),002,National Book Development Board,1000,100000100001,General Management and Supervision,NEP 2023,20042000.0,8736000.0,0.0,28778000.0,2023 DepEd - NEP
07,Department of Education (DepEd),002,National Book Development Board,1000,100000100002,Administration of Personnel Benefits,NEP 2023,,,,,2023 DepEd - NEP
07,Department of Education (DepEd),002,National Book Development Board,3101,310100100001,Capacity Building and Trade Promotion Incentives,NEP 2023,12412000.0,12441000.0,0.0,24853000.0,2023 DepEd - NEP
07,Department of Education (DepEd),002,National Book Development Board,3101,310100100002,"Administration of Awards, Grants, and Incentives",NEP 2023,4405000.0,1600000.0,0.0,6005000.0,2023 DepEd - NEP
07,Department of Education (DepEd),002,National Book Development Board,3101,310100100003,"Policy Development, Research, Information System Management, and Information Campaign",NEP 2023,3749000.0,1187000.0,0.0,4936000.0,2023 DepEd - NEP
07,Department of Education (DepEd),003,National Council for Children's Television,1000,100000100001,General Management and Supervision,NEP 2023,9460000.0,7117000.0,0.0,16577000.0,2023 DepEd - NEP
07,Department of Education (DepEd),003,National Council for Children's Television,3101,310100100001,Child-Friendly Television Development Services,NEP 2023,7383000.0,8110000.0,0.0,15493000.0,2023 DepEd - NEP
07,Department of Education (DepEd),004,National Museum of the Philippines,1000,100000100001,General Management and Supervision,NEP 2023,43197000.0,159041000.0,0.0,202238000.0,2023 DepEd - NEP
07,Department of Education (DepEd),004,National Museum of the Philippines,1000,100000100002,Administration of Personnel Benefits,NEP 2023,460000.0,0.0,0.0,460000.0,2023 DepEd - NEP
07,Department of Education (DepEd),004,National Museum of the Philippines,2000,200000100001,Project Monitoring and Evaluation Services,NEP 2023,1137000.0,730000.0,0.0,1867000.0,2023 DepEd - NEP
07,Department of Education (DepEd),004,National Museum of the Philippines,3101,310100100001,Management and Development of the National Collections and Related Knowledge Resources (Including Participation to International Meetings and Conferences),NEP 2023,110960000.0,83381000.0,0.0,194341000.0,2023 DepEd - NEP
07,Department of Education (DepEd),004,National Museum of the Philippines,3101,310100100002,"Restoration, Preservation, Protection and Development of Cultural Property",NEP 2023,18519000.0,26982000.0,0.0,45501000.0,2023 DepEd - NEP
07,Department of Education (DepEd),004,National Museum of the Philippines,3101,310100200015,"Restoration of Malacanang sa Sugbo, Cebu City and Converrsion to National Museum Cebu",NEP 2023,,,,,2023 DepEd - NEP
07,Department of Education (DepEd),004,National Museum of the Philippines,3101,310100200016,Development of the National Museum Complex in Manila - Phase 1 (to implement Republic Act No. 11333),NEP 2023,,,,,2023 DepEd - NEP
07,Department of Education (DepEd),004,National Museum of the Philippines,3101,310100200017,"Nightly repair of the Church of Our Lady of Caysasay and associated structures, a declared national cultural treasure in Taal, Batangas",NEP 2023,,,,,2023 DepEd - NEP
07,Department of Education (DepEd),004,National Museum of the Philippines,3101,310100200018,Continuation of Construction of National Museum Building in Davao City,NEP 2023,,,,,2023 DepEd - NEP
07,Department of Education (DepEd),004,National Museum of the Philippines,3101,310100200019,Development of the National Museum Complex in Rizal Park - Manila Phase II,NEP 2023,,,,,2023 DepEd - NEP
07,Department of Education (DepEd),004,National Museum of the Philippines,3101,310100200020,Development of Information Management Systems,NEP 2023,,,,,2023 DepEd - NEP
07,Department of Education (DepEd),004,National Museum of the Philippines,3101,310100200021,"Restoration and Continued Repair of Our Lady of Caysasay Church and Associated Structures (National Cultural Treasure) in Taal, Batangas",NEP 2023,,,,,2023 DepEd - NEP
07,Department of Education (DepEd),004,National Museum of the Philippines,3101,310100200022,"Restoration of the Old Municipal Hall and the Municipal Plaza (Important Cultural Properties) in Balilihan, Bohol",NEP 2023,,,,,2023 DepEd - NEP
07,Department of Education (DepEd),004,National Museum of the Philippines,3101,310100200023,"Development of National Museum Complex, Manila, Phase 3",NEP 2023,0.0,0.0,0.0,,2023 DepEd - NEP
07,Department of Education (DepEd),004,National Museum of the Philippines,3101,310100200024,"Continued Restoration and Site Development of Our Lady of Caysasay Church and Associated Structures in Taal, Batangas, Phase 3",NEP 2023,,,,,2023 DepEd - NEP
07,Department of Education (DepEd),004,National Museum of the Philippines,3101,310100200025,"Rehabilitation of Former United States Air Force (USAF) Hospital in Clark Freeport, Pampanga and Conversion to National Museum of the Philippines Central Luzon, Phase 1",NEP 2023,0.0,0.0,0.0,,2023 DepEd - NEP
07,Department of Education (DepEd),004,National Museum of the Philippines,3101,310100200026,"Construction of National Museum of the Philippines-Baler in Baler, Aurora",NEP 2023,0.0,0.0,0.0,,2023 DepEd - NEP
07,Department of Education (DepEd),004,National Museum of the Philippines,3101,310100200027,Exhibitions and Fit-Out of Various National Museum of the Philippines - Central and Regional Sites,NEP 2023,0.0,0.0,0.0,,2023 DepEd - NEP
07,Department of Education (DepEd),004,National Museum of the Philippines,3101,310100200028,"Rehabilitation of National Museum of the Philippines-Kabayan Burial Cave Site Museum and Satellite Office in Kabayan, Benguet",NEP 2023,0.0,0.0,0.0,,2023 DepEd - NEP
07,Department of Education (DepEd),004,National Museum of the Philippines,3101,310100200029,"Improvement of Rocha House in Sitio Ubos in Tagbilaran City, Bohol (Declared Important Cultural Property)",NEP 2023,0.0,0.0,0.0,,2023 DepEd - NEP
07,Department of Education (DepEd),004,National Museum of the Philippines,3101,310100200030,"Development of National Museum Complex, Manila, Phase IV",NEP 2023,0.0,0.0,0.0,,2023 DepEd - NEP
07,Department of Education (DepEd),004,National Museum of the Philippines,3101,310100200031,"Construction of National Museum of the Philippines-Baler in Baler, Aurora (Phase II)",NEP 2023,0.0,0.0,0.0,,2023 DepEd - NEP
07,Department of Education (DepEd),004,National Museum of the Philippines,3101,310100200032,"Continued Restoration and Site Development of Our Lady of Caysasay Church and Associated Structures in Taal, Batangas, Phase IV",NEP 2023,0.0,0.0,0.0,,2023 DepEd - NEP
07,Department of Education (DepEd),004,National Museum of the Philippines,3101,310100200033,"Repair and Preventive Conservation Maintenance of Casa Rocha (Important Cultural Property) in Tagbilaran City, Bohol",NEP 2023,0.0,0.0,0.0,,2023 DepEd - NEP
07,Department of Education (DepEd),004,National Museum of the Philippines,3101,310100200034,Restoration and Development of NMP Museums and Declared/Associated Heritage Sites in the Visayas,NEP 2023,0.0,0.0,0.0,,2023 DepEd - NEP
07,Department of Education (DepEd),004,National Museum of the Philippines,3101,310100200035,"Rehabilitation of Former United States Air Force (USAF) Hospital in Clark Freeport, Pampanga, and Conversion to National Museum of the Philippines Central Luzon, Phase II",NEP 2023,0.0,0.0,0.0,,2023 DepEd - NEP
07,Department of Education (DepEd),004,National Museum of the Philippines,3101,310100200036,"Completion of Restoration of Our Lady of Caysasay Church and Associated Structures in Taal, Batangas City",NEP 2023,0.0,0.0,0.0,,2023 DepEd - NEP
07,Department of Education (DepEd),004,National Museum of the Philippines,3101,310100200037,"Rehabilitation of National Museum of the Philippines Kabayan Burial Caves Site Museum and Satellite Office in Kabayan, Benguet, Phase II",NEP 2023,0.0,0.0,0.0,,2023 DepEd - NEP
07,Department of Education (DepEd),004,National Museum of the Philippines,3101,310100200038,Completion of the Development of the National Museum Complex in Manila,NEP 2023,,,,,2023 DepEd - NEP
07,Department of Education (DepEd),004,National Museum of the Philippines,3101,310100200039,"Continuation of the Development of NMP-General Aniceto Lacson Ancestral House in Talisay City, Negros Occidental",NEP 2023,,,,,2023 DepEd - NEP
07,Department of Education (DepEd),004,National Museum of the Philippines,3101,310100200040,Rehabilitation of the Sewerage System of the National Museum of Fine Arts (Old Legislative Building),NEP 2023,,,,,2023 DepEd - NEP
07,Department of Education (DepEd),004,National Museum of the Philippines,3101,310100200041,"Development of NMP-Kalibo, Aklan (Phase 1)",NEP 2023,,,,,2023 DepEd - NEP
07,Department of Education (DepEd),004,National Museum of the Philippines,3101,310100200042,"Development of NMP-Koronadal and Lake Sebu, South Cotabato (Phase 1)",NEP 2023,,,,,2023 DepEd - NEP
07,Department of Education (DepEd),004,National Museum of the Philippines,3101,310100200043,"Repair and Restoration of Boljoon Church Complex, Boljoon, Cebu and Development of NMP-Boljoon, Cebu (Phase 1)",NEP 2023,,,,,2023 DepEd - NEP
07,Department of Education (DepEd),004,National Museum of the Philippines,3101,310100200044,"Development of NMP-Paoay, Paoay, Ilocos Norte",NEP 2023,,,,,2023 DepEd - NEP
07,Department of Education (DepEd),004,National Museum of the Philippines,3101,310100200045,"Development of NMP General Ancieto Lacson Ancestral House, Talisay City, Negros Occidental (Phase 2)",NEP 2023,,,,,2023 DepEd - NEP
07,Department of Education (DepEd),004,National Museum of the Philippines,3101,310100200046,"Development of NMP Kalibo, Aklan (Phase 2)",NEP 2023,,,,,2023 DepEd - NEP
07,Department of Education (DepEd),004,National Museum of the Philippines,3101,310100200047,"Development of NMP Koronadal and Lake Sebu, South Cotabato (Phase 2)",NEP 2023,,,,,2023 DepEd - NEP
07,Department of Education (DepEd),004,National Museum of the Philippines,3101,310100200048,Exhibitions and Fit-out of Various National Museum of the Philippines - Central and Regional Sites - Northern Luzon National Museums,NEP 2023,,,,,2023 DepEd - NEP
07,Department of Education (DepEd),005,Philippine High School for the Arts,1000,100000100001,General Management and Supervision,NEP 2023,15756000.0,30910000.0,0.0,46666000.0,2023 DepEd - NEP
07,Department of Education (DepEd),005,Philippine High School for the Arts,1000,100000100002,Administration of Personnel Benefits,NEP 2023,6324000.0,0.0,0.0,6324000.0,2023 DepEd - NEP
07,Department of Education (DepEd),005,Philippine High School for the Arts,3101,310100100001,"Operation of Philippine High School for the Arts Including Outreach, Screening, Student Exchange Program with Other Countries and Production Activities",NEP 2023,15386000.0,32519000.0,0.0,47905000.0,2023 DepEd - NEP
07,Department of Education (DepEd),006,Early Childhood Care and Development Council,1000,100000100001,General Management and Supervision,NEP 2023,15715000.0,16623000.0,0.0,32338000.0,2023 DepEd - NEP
07,Department of Education (DepEd),006,Early Childhood Care and Development Council,1000,100000100002,Administration of Personnel Benefits,NEP 2023,,,,,2023 DepEd - NEP
07,Department of Education (DepEd),006,Early Childhood Care and Development Council,3101,310100100001,"Development of Policies, Standards and Guidelines",NEP 2023,0.0,3232000.0,0.0,3232000.0,2023 DepEd - NEP
07,Department of Education (DepEd),006,Early Childhood Care and Development Council,3101,310100100002,Capacity-Building and Institutional Development of Intermediaries and Other Partners,NEP 2023,0.0,23745000.0,0.0,23745000.0,2023 DepEd - NEP
07,Department of Education (DepEd),006,Early Childhood Care and Development Council,3101,310100100003,Accreditation of ECCD Service Providers,NEP 2023,0.0,100000.0,0.0,100000.0,2023 DepEd - NEP
07,Department of Education (DepEd),006,Early Childhood Care and Development Council,3101,310100100004,Establishment of National Child Development Centers,NEP 2023,0.0,0.0,0.0,0.0,2023 DepEd - NEP
07,Department of Education (DepEd),007,National Academy of Sports,1000,100000100001,General Management and Supervision,NEP 2023,6890000.0,131555000.0,0.0,138445000.0,2023 DepEd - NEP
07,Department of Education (DepEd),007,National Academy of Sports,1000,100000100002,Administration of Personnel Benefits,NEP 2023,,,,,2023 DepEd - NEP
07,Department of Education (DepEd),007,National Academy of Sports,3101,310100100001,"Promotion, Development, and Implementation of Quality and Enhanced Sports-Integrated Secondary Education Program",NEP 2023,0.0,88113000.0,0.0,88113000.0,2023 DepEd - NEP
07,Department of Education (DepEd),008,Teacher Education Council,1000,100000100001,General Management and Supervision,NEP 2023,,,,,2023 DepEd - NEP
07,Department of Education (DepEd),008,Teacher Education Council,3101,310100100001,Quality Teacher Education Services,NEP 2023,,,,,2023 DepEd - NEP
07,Department of Education (DepEd),001,Office of the Secretary,1000,100000100001,General Administration and Support,GAA 2023,7542482000.0,8664316000.0,1000000000.0,17206798000.0,2023 DepEd - GAA
07,Department of Education (DepEd),001,Office of the Secretary,1000,100000100002,Administration of Personnel Benefits,GAA 2023,4575160000.0,0.0,0.0,4575160000.0,2023 DepEd - GAA
07,Department of Education (DepEd),001,Office of the Secretary,2000,200000100001,Physical Fitness and School Sports,GAA 2023,7725000.0,278638000.0,0.0,286363000.0,2023 DepEd - GAA
07,Department of Education (DepEd),001,Office of the Secretary,2000,200000100002,Development and Management of Bilateral and Multilateral Education Projects,GAA 2023,15801000.0,13123000.0,0.0,28924000.0,2023 DepEd - GAA
07,Department of Education (DepEd),001,Office of the Secretary,2000,200000100003,Management and Administration of Learning Resources,GAA 2023,41888000.0,9927000.0,0.0,51815000.0,2023 DepEd - GAA
07,Department of Education (DepEd),001,Office of the Secretary,2000,200000100004,Planning and Management Information Systems,GAA 2023,116292000.0,39479000.0,0.0,155771000.0,2023 DepEd - GAA
07,Department of Education (DepEd),001,Office of the Secretary,2000,200000100005,Education Information and Communication Services,GAA 2023,20056000.0,3480000.0,0.0,23536000.0,2023 DepEd - GAA
07,Department of Education (DepEd),001,Office of the Secretary,2000,200000100006,Learner Support Programs,GAA 2023,2224649000.0,222998000.0,0.0,2447647000.0,2023 DepEd - GAA
07,Department of Education (DepEd),001,Office of the Secretary,2000,200000100007,Building Partnerships and Linkages Program,GAA 2023,8230000.0,118323000.0,0.0,126553000.0,2023 DepEd - GAA
07,Department of Education (DepEd),001,Office of the Secretary,2000,200000100008,Legal Services and Development of Education-Related Laws and Rules,GAA 2023,18755000.0,19400000.0,0.0,38155000.0,2023 DepEd - GAA
07,Department of Education (DepEd),001,Office of the Secretary,2000,200000100009,Child Protection Program,GAA 2023,0.0,58067000.0,0.0,58067000.0,2023 DepEd - GAA
07,Department of Education (DepEd),001,Office of the Secretary,2000,200000100010,Disaster Preparedness and Response Program,GAA 2023,7530000.0,2127963000.0,1490000.0,2136983000.0,2023 DepEd - GAA
07,Department of Education (DepEd),001,Office of the Secretary,2000,200000100011,Organizational and Professional Development for Non-Teaching Personnel,GAA 2023,160194000.0,111350000.0,0.0,271544000.0,2023 DepEd - GAA
07,Department of Education (DepEd),001,Office of the Secretary,2000,200000100012,Operational Expenses of the DepEd Task Force on the 2022 National and Local Elections,GAA 2023,,,,,2023 DepEd - GAA
07,Department of Education (DepEd),001,Office of the Secretary,2000,200000100013,Operational Expenses of the DepEd - Election Task Force,GAA 2023,,,,,2023 DepEd - GAA
07,Department of Education (DepEd),001,Office of the Secretary,3101,310100100001,National Assessment Systems for Basic Education,GAA 2023,27080000.0,404699000.0,0.0,431779000.0,2023 DepEd - GAA
07,Department of Education (DepEd),001,Office of the Secretary,3101,310100100002,Policy and Research Program,GAA 2023,1894013000.0,34769000.0,0.0,1928782000.0,2023 DepEd - GAA
07,Department of Education (DepEd),001,Office of the Secretary,3101,310100100003,Basic Education Curriculum,GAA 2023,110703000.0,5093291000.0,0.0,5203994000.0,2023 DepEd - GAA
07,Department of Education (DepEd),001,Office of the Secretary,3101,310100100004,"Curriculum Programs, Learning Management Models, Standards and Strategy Development",GAA 2023,6118482000.0,1555000.0,0.0,6120037000.0,2023 DepEd - GAA
07,Department of Education (DepEd),001,Office of the Secretary,3101,310100100005,Development and Promotion of Campus Journalism,GAA 2023,0.0,46904000.0,0.0,46904000.0,2023 DepEd - GAA
07,Department of Education (DepEd),001,Office of the Secretary,3101,310100100006,National Literacy Policies and Programs,GAA 2023,3749000.0,20000000.0,0.0,23749000.0,2023 DepEd - GAA
07,Department of Education (DepEd),001,Office of the Secretary,3101,310100100007,Early Language Literacy and Numeracy,GAA 2023,0.0,81675000.0,0.0,81675000.0,2023 DepEd - GAA
07,Department of Education (DepEd),001,Office of the Secretary,3102,310200100001,Improvement and Acquisition of School Sites,GAA 2023,0.0,83158000.0,65000000.0,148158000.0,2023 DepEd - GAA
07,Department of Education (DepEd),001,Office of the Secretary,3102,310200100002,New School Personnel Positions,GAA 2023,23816776000.0,100000000.0,0.0,23916776000.0,2023 DepEd - GAA
07,Department of Education (DepEd),001,Office of the Secretary,3102,310200100003,Learning Tools and Equipment,GAA 2023,0.0,2802744000.0,0.0,2802744000.0,2023 DepEd - GAA
07,Department of Education (DepEd),001,Office of the Secretary,3102,310200100004,Textbooks and Other Instructional Materials,GAA 2023,0.0,998454000.0,0.0,998454000.0,2023 DepEd - GAA
07,Department of Education (DepEd),001,Office of the Secretary,3102,310200100005,Computerization Program,GAA 2023,21416000.0,2859394000.0,8479719000.0,11360529000.0,2023 DepEd - GAA
07,Department of Education (DepEd),001,Office of the Secretary,3102,310200100006,Basic Education Facilities,GAA 2023,0.0,1833515000.0,21584382000.0,23417897000.0,2023 DepEd - GAA
07,Department of Education (DepEd),001,Office of the Secretary,3102,310200100007,Conservation and Restoration of Gabaldon and Other Heritage School Buildings,GAA 2023,0.0,0.0,383965000.0,383965000.0,2023 DepEd - GAA
07,Department of Education (DepEd),001,Office of the Secretary,3102,310200100010,Quick Response Fund,GAA 2023,0.0,0.0,2000000000.0,2000000000.0,2023 DepEd - GAA
07,Department of Education (DepEd),001,Office of the Secretary,3102,310200100011,Last Mile Schools Program,GAA 2023,0.0,0.0,1500000000.0,1500000000.0,2023 DepEd - GAA
07,Department of Education (DepEd),001,Office of the Secretary,3102,310200100012,Public Schools Infrastructure Program (PSIP),GAA 2023,,,,,2023 DepEd - GAA
07,Department of Education (DepEd),001,Office of the Secretary,3102,310200200001,Connectivity Enhancement Program for e-Learning in Public Schools,GAA 2023,,,,,2023 DepEd - GAA
07,Department of Education (DepEd),001,Office of the Secretary,3102,310200300001,Infrastructure for Safer and Resilient Schools (ISRS) Project WB Loan No. 9704-PH,GAA 2023,,,,,2023 DepEd - GAA
07,Department of Education (DepEd),001,Office of the Secretary,3103,310300100001,Multigrade Education,GAA 2023,0.0,23080000.0,0.0,23080000.0,2023 DepEd - GAA
07,Department of Education (DepEd),001,Office of the Secretary,3103,310300100002,Indigenous Peoples Education (IPEd) Program,GAA 2023,0.0,154431000.0,0.0,154431000.0,2023 DepEd - GAA
07,Department of Education (DepEd),001,Office of the Secretary,3103,310300100003,Flexible Learning Options (ADM/ALS/EiE),GAA 2023,0.0,4243268000.0,51914000.0,4295182000.0,2023 DepEd - GAA
07,Department of Education (DepEd),001,Office of the Secretary,3103,310300100004,Madrasah Education Program,GAA 2023,0.0,359503000.0,0.0,359503000.0,2023 DepEd - GAA
07,Department of Education (DepEd),001,Office of the Secretary,3103,310300100005,Special Needs Education Program,GAA 2023,0.0,485625000.0,96000000.0,581625000.0,2023 DepEd - GAA
07,Department of Education (DepEd),001,Office of the Secretary,3104,310400100001,School-Based Feeding Program (SBFP),GAA 2023,0.0,5688567000.0,0.0,5688567000.0,2023 DepEd - GAA
07,Department of Education (DepEd),001,Office of the Secretary,3104,310400100002,Operation of Schools - Elementary (Kinder to Grade 6),GAA 2023,268996888000.0,15795235000.0,0.0,284792123000.0,2023 DepEd - GAA
07,Department of Education (DepEd),001,Office of the Secretary,3104,310400100003,Operation of Schools - Junior High School (Grade 7 to Grade 10),GAA 2023,149933258000.0,11163020000.0,0.0,161096278000.0,2023 DepEd - GAA
07,Department of Education (DepEd),001,Office of the Secretary,3104,310400100004,Operation of Schools - Senior High School (Grade 11 to Grade 12),GAA 2023,41083897000.0,4537696000.0,0.0,45621593000.0,2023 DepEd - GAA
07,Department of Education (DepEd),001,Office of the Secretary,3104,310400100005,Government Assistance and Subsidies - Educational Service Contracting (ESC) Program for Private Junior High School (per RA No. 8545),GAA 2023,,,,,2023 DepEd - GAA
07,Department of Education (DepEd),001,Office of the Secretary,3104,310400100006,Government Assistance and Subsidies - Voucher Program for Private Senior High School (per RA No. 10533),GAA 2023,,,,,2023 DepEd - GAA
07,Department of Education (DepEd),001,Office of the Secretary,3104,310400100007,Government Assistance and Subsidies - Voucher Program for Non-DepEd Public High School (per RA No. 10533),GAA 2023,,,,,2023 DepEd - GAA
07,Department of Education (DepEd),001,Office of the Secretary,3104,310400100008,Joint Delivery Voucher for Senior High School Technical Vocational and Livelihood Specializations,GAA 2023,0.0,1380495000.0,0.0,1380495000.0,2023 DepEd - GAA
07,Department of Education (DepEd),001,Office of the Secretary,3104,310400100009,Operational Requirements of Sports Academy and Training Centers,GAA 2023,,,,,2023 DepEd - GAA
07,Department of Education (DepEd),001,Office of the Secretary,3104,310400100010,"Implementation of the Grant of Cash Allowance, Hardship Pay, and Reclassification of Positions",GAA 2023,,,,,2023 DepEd - GAA
07,Department of Education (DepEd),001,Office of the Secretary,3104,310400100011,School Dental Health Care Program,GAA 2023,,,,,2023 DepEd - GAA
07,Department of Education (DepEd),001,Office of the Secretary,3104,310400100013,World Teachers' Day Incentive Benefits,GAA 2023,900477000.0,0.0,0.0,900477000.0,2023 DepEd - GAA
07,Department of Education (DepEd),001,Office of the Secretary,3104,310400100014,Establishment and Operational Requirement of the National Academy of Sports,GAA 2023,0.0,0.0,0.0,,2023 DepEd - GAA
07,Department of Education (DepEd),001,Office of the Secretary,3104,310400100015,Government Assistance and Subsidies - Educational Service Contracting (ESC) Program for Private Junior High School (per R.A. No. 8545),GAA 2023,0.0,12498048000.0,0.0,12498048000.0,2023 DepEd - GAA
07,Department of Education (DepEd),001,Office of the Secretary,3104,310400100016,Government Assistance and Subsidies - Senior High School Voucher Program,GAA 2023,,,,,2023 DepEd - GAA
07,Department of Education (DepEd),001,Office of the Secretary,3104,310400100017,Subsidies - Senior High School Voucher Program,GAA 2023,0.0,39326804000.0,0.0,39326804000.0,2023 DepEd - GAA
07,Department of Education (DepEd),001,Office of the Secretary,3104,310400100018,"Government Assistance and Subsidies - Training and Upgrading Knowledge for Learners, Teachers, and Achievers in Schools (GAS-TUKLAS)",GAA 2023,4837850000.0,4714345000.0,0.0,9552195000.0,2023 DepEd - GAA
07,Department of Education (DepEd),001,Office of the Secretary,3104,310400100019,School Innovation and Improvement Fund (SIIF) to all DepEd Public Schools,GAA 2023,,,,,2023 DepEd - GAA
07,Department of Education (DepEd),001,Office of the Secretary,3105,310500100001,Human Resource Development for Personnel in Schools and Learning Centers,GAA 2023,32480000.0,1965746000.0,0.0,1998226000.0,2023 DepEd - GAA
07,Department of Education (DepEd),001,Office of the Secretary,3105,310500100002,Teacher Quality and Development Program,GAA 2023,3275000.0,96894000.0,0.0,100169000.0,2023 DepEd - GAA
07,Department of Education (DepEd),001,Office of the Secretary,3105,310500300001,Teacher Effectiveness and Competencies Enhancement Project (TEACEP) WB Loan No. 9481-PH,GAA 2023,,,,,2023 DepEd - GAA
07,Department of Education (DepEd),002,National Book Development Board,1000,100000100001,General Management and Supervision,GAA 2023,20042000.0,28236000.0,2000000.0,50278000.0,2023 DepEd - GAA
07,Department of Education (DepEd),002,National Book Development Board,1000,100000100002,Administration of Personnel Benefits,GAA 2023,,,,,2023 DepEd - GAA
07,Department of Education (DepEd),002,National Book Development Board,3101,310100100001,Capacity Building and Trade Promotion Incentives,GAA 2023,12412000.0,65197000.0,0.0,77609000.0,2023 DepEd - GAA
07,Department of Education (DepEd),002,National Book Development Board,3101,310100100002,"Administration of Awards, Grants, and Incentives",GAA 2023,4405000.0,4600000.0,0.0,9005000.0,2023 DepEd - GAA
07,Department of Education (DepEd),002,National Book Development Board,3101,310100100003,"Policy Development, Research, Information System Management, and Information Campaign",GAA 2023,3749000.0,1187000.0,0.0,4936000.0,2023 DepEd - GAA
07,Department of Education (DepEd),003,National Council for Children's Television,1000,100000100001,General Management and Supervision,GAA 2023,9460000.0,7117000.0,0.0,16577000.0,2023 DepEd - GAA
07,Department of Education (DepEd),003,National Council for Children's Television,3101,310100100001,Child-Friendly Television Development Services,GAA 2023,7383000.0,37110000.0,13500000.0,57993000.0,2023 DepEd - GAA
07,Department of Education (DepEd),004,National Museum of the Philippines,1000,100000100001,General Management and Supervision,GAA 2023,43197000.0,187041000.0,12500000.0,242738000.0,2023 DepEd - GAA
07,Department of Education (DepEd),004,National Museum of the Philippines,1000,100000100002,Administration of Personnel Benefits,GAA 2023,460000.0,0.0,0.0,460000.0,2023 DepEd - GAA
07,Department of Education (DepEd),004,National Museum of the Philippines,2000,200000100001,Project Monitoring and Evaluation Services,GAA 2023,1137000.0,730000.0,0.0,1867000.0,2023 DepEd - GAA
07,Department of Education (DepEd),004,National Museum of the Philippines,3101,310100100001,Management and Development of the National Collections and Related Knowledge Resources (Including Participation to International Meetings and Conferences),GAA 2023,110960000.0,97597000.0,2500000.0,211057000.0,2023 DepEd - GAA
07,Department of Education (DepEd),004,National Museum of the Philippines,3101,310100100002,"Restoration, Preservation, Protection and Development of Cultural Property",GAA 2023,18519000.0,66982000.0,0.0,85501000.0,2023 DepEd - GAA
07,Department of Education (DepEd),004,National Museum of the Philippines,3101,310100200015,"Restoration of Malacanang sa Sugbo, Cebu City and Converrsion to National Museum Cebu",GAA 2023,,,,,2023 DepEd - GAA
07,Department of Education (DepEd),004,National Museum of the Philippines,3101,310100200016,Development of the National Museum Complex in Manila - Phase 1 (to implement Republic Act No. 11333),GAA 2023,,,,,2023 DepEd - GAA
07,Department of Education (DepEd),004,National Museum of the Philippines,3101,310100200017,"Nightly repair of the Church of Our Lady of Caysasay and associated structures, a declared national cultural treasure in Taal, Batangas",GAA 2023,,,,,2023 DepEd - GAA
07,Department of Education (DepEd),004,National Museum of the Philippines,3101,310100200018,Continuation of Construction of National Museum Building in Davao City,GAA 2023,,,,,2023 DepEd - GAA
07,Department of Education (DepEd),004,National Museum of the Philippines,3101,310100200019,Development of the National Museum Complex in Rizal Park - Manila Phase II,GAA 2023,,,,,2023 DepEd - GAA
07,Department of Education (DepEd),004,National Museum of the Philippines,3101,310100200020,Development of Information Management Systems,GAA 2023,,,,,2023 DepEd - GAA
07,Department of Education (DepEd),004,National Museum of the Philippines,3101,310100200021,"Restoration and Continued Repair of Our Lady of Caysasay Church and Associated Structures (National Cultural Treasure) in Taal, Batangas",GAA 2023,,,,,2023 DepEd - GAA
07,Department of Education (DepEd),004,National Museum of the Philippines,3101,310100200022,"Restoration of the Old Municipal Hall and the Municipal Plaza (Important Cultural Properties) in Balilihan, Bohol",GAA 2023,,,,,2023 DepEd - GAA
07,Department of Education (DepEd),004,National Museum of the Philippines,3101,310100200023,"Development of National Museum Complex, Manila, Phase 3",GAA 2023,0.0,0.0,85000000.0,85000000.0,2023 DepEd - GAA
07,Department of Education (DepEd),004,National Museum of the Philippines,3101,310100200024,"Continued Restoration and Site Development of Our Lady of Caysasay Church and Associated Structures in Taal, Batangas, Phase 3",GAA 2023,0.0,0.0,30000000.0,30000000.0,2023 DepEd - GAA
07,Department of Education (DepEd),004,National Museum of the Philippines,3101,310100200025,"Rehabilitation of Former United States Air Force (USAF) Hospital in Clark Freeport, Pampanga and Conversion to National Museum of the Philippines Central Luzon, Phase 1",GAA 2023,0.0,0.0,250000000.0,250000000.0,2023 DepEd - GAA
07,Department of Education (DepEd),004,National Museum of the Philippines,3101,310100200026,"Construction of National Museum of the Philippines-Baler in Baler, Aurora",GAA 2023,0.0,0.0,200000000.0,200000000.0,2023 DepEd - GAA
07,Department of Education (DepEd),004,National Museum of the Philippines,3101,310100200027,Exhibitions and Fit-Out of Various National Museum of the Philippines - Central and Regional Sites,GAA 2023,0.0,0.0,66000000.0,66000000.0,2023 DepEd - GAA
07,Department of Education (DepEd),004,National Museum of the Philippines,3101,310100200028,"Rehabilitation of National Museum of the Philippines-Kabayan Burial Cave Site Museum and Satellite Office in Kabayan, Benguet",GAA 2023,0.0,0.0,25000000.0,25000000.0,2023 DepEd - GAA
07,Department of Education (DepEd),004,National Museum of the Philippines,3101,310100200029,"Improvement of Rocha House in Sitio Ubos in Tagbilaran City, Bohol (Declared Important Cultural Property)",GAA 2023,0.0,0.0,6000000.0,6000000.0,2023 DepEd - GAA
07,Department of Education (DepEd),004,National Museum of the Philippines,3101,310100200030,"Development of National Museum Complex, Manila, Phase IV",GAA 2023,,,,,2023 DepEd - GAA
07,Department of Education (DepEd),004,National Museum of the Philippines,3101,310100200031,"Construction of National Museum of the Philippines-Baler in Baler, Aurora (Phase II)",GAA 2023,,,,,2023 DepEd - GAA
07,Department of Education (DepEd),004,National Museum of the Philippines,3101,310100200032,"Continued Restoration and Site Development of Our Lady of Caysasay Church and Associated Structures in Taal, Batangas, Phase IV",GAA 2023,,,,,2023 DepEd - GAA
07,Department of Education (DepEd),004,National Museum of the Philippines,3101,310100200033,"Repair and Preventive Conservation Maintenance of Casa Rocha (Important Cultural Property) in Tagbilaran City, Bohol",GAA 2023,,,,,2023 DepEd - GAA
07,Department of Education (DepEd),004,National Museum of the Philippines,3101,310100200034,Restoration and Development of NMP Museums and Declared/Associated Heritage Sites in the Visayas,GAA 2023,,,,,2023 DepEd - GAA
07,Department of Education (DepEd),004,National Museum of the Philippines,3101,310100200035,"Rehabilitation of Former United States Air Force (USAF) Hospital in Clark Freeport, Pampanga, and Conversion to National Museum of the Philippines Central Luzon, Phase II",GAA 2023,,,,,2023 DepEd - GAA
07,Department of Education (DepEd),004,National Museum of the Philippines,3101,310100200036,"Completion of Restoration of Our Lady of Caysasay Church and Associated Structures in Taal, Batangas City",GAA 2023,,,,,2023 DepEd - GAA
07,Department of Education (DepEd),004,National Museum of the Philippines,3101,310100200037,"Rehabilitation of National Museum of the Philippines Kabayan Burial Caves Site Museum and Satellite Office in Kabayan, Benguet, Phase II",GAA 2023,,,,,2023 DepEd - GAA
07,Department of Education (DepEd),004,National Museum of the Philippines,3101,310100200038,Completion of the Development of the National Museum Complex in Manila,GAA 2023,,,,,2023 DepEd - GAA
07,Department of Education (DepEd),004,National Museum of the Philippines,3101,310100200039,"Continuation of the Development of NMP-General Aniceto Lacson Ancestral House in Talisay City, Negros Occidental",GAA 2023,,,,,2023 DepEd - GAA
07,Department of Education (DepEd),004,National Museum of the Philippines,3101,310100200040,Rehabilitation of the Sewerage System of the National Museum of Fine Arts (Old Legislative Building),GAA 2023,,,,,2023 DepEd - GAA
07,Department of Education (DepEd),004,National Museum of the Philippines,3101,310100200041,"Development of NMP-Kalibo, Aklan (Phase 1)",GAA 2023,,,,,2023 DepEd - GAA
07,Department of Education (DepEd),004,National Museum of the Philippines,3101,310100200042,"Development of NMP-Koronadal and Lake Sebu, South Cotabato (Phase 1)",GAA 2023,,,,,2023 DepEd - GAA
07,Department of Education (DepEd),004,National Museum of the Philippines,3101,310100200043,"Repair and Restoration of Boljoon Church Complex, Boljoon, Cebu and Development of NMP-Boljoon, Cebu (Phase 1)",GAA 2023,,,,,2023 DepEd - GAA
07,Department of Education (DepEd),004,National Museum of the Philippines,3101,310100200044,"Development of NMP-Paoay, Paoay, Ilocos Norte",GAA 2023,,,,,2023 DepEd - GAA
07,Department of Education (DepEd),004,National Museum of the Philippines,3101,310100200045,"Development of NMP General Ancieto Lacson Ancestral House, Talisay City, Negros Occidental (Phase 2)",GAA 2023,,,,,2023 DepEd - GAA
07,Department of Education (DepEd),004,National Museum of the Philippines,3101,310100200046,"Development of NMP Kalibo, Aklan (Phase 2)",GAA 2023,,,,,2023 DepEd - GAA
07,Department of Education (DepEd),004,National Museum of the Philippines,3101,310100200047,"Development of NMP Koronadal and Lake Sebu, South Cotabato (Phase 2)",GAA 2023,,,,,2023 DepEd - GAA
07,Department of Education (DepEd),004,National Museum of the Philippines,3101,310100200048,Exhibitions and Fit-out of Various National Museum of the Philippines - Central and Regional Sites - Northern Luzon National Museums,GAA 2023,,,,,2023 DepEd - GAA
07,Department of Education (DepEd),005,Philippine High School for the Arts,1000,100000100001,General Management and Supervision,GAA 2023,15756000.0,32401000.0,1775000.0,49932000.0,2023 DepEd - GAA
07,Department of Education (DepEd),005,Philippine High School for the Arts,1000,100000100002,Administration of Personnel Benefits,GAA 2023,6324000.0,0.0,0.0,6324000.0,2023 DepEd - GAA
07,Department of Education (DepEd),005,Philippine High School for the Arts,3101,310100100001,"Operation of Philippine High School for the Arts Including Outreach, Screening, Student Exchange Program with Other Countries and Production Activities",GAA 2023,15386000.0,32519000.0,3010000.0,50915000.0,2023 DepEd - GAA
07,Department of Education (DepEd),006,Early Childhood Care and Development Council,1000,100000100001,General Management and Supervision,GAA 2023,15715000.0,16623000.0,0.0,32338000.0,2023 DepEd - GAA
07,Department of Education (DepEd),006,Early Childhood Care and Development Council,1000,100000100002,Administration of Personnel Benefits,GAA 2023,,,,,2023 DepEd - GAA
07,Department of Education (DepEd),006,Early Childhood Care and Development Council,3101,310100100001,"Development of Policies, Standards and Guidelines",GAA 2023,0.0,3232000.0,0.0,3232000.0,2023 DepEd - GAA
07,Department of Education (DepEd),006,Early Childhood Care and Development Council,3101,310100100002,Capacity-Building and Institutional Development of Intermediaries and Other Partners,GAA 2023,0.0,23745000.0,0.0,23745000.0,2023 DepEd - GAA
07,Department of Education (DepEd),006,Early Childhood Care and Development Council,3101,310100100003,Accreditation of ECCD Service Providers,GAA 2023,0.0,100000.0,0.0,100000.0,2023 DepEd - GAA
07,Department of Education (DepEd),006,Early Childhood Care and Development Council,3101,310100100004,Establishment of National Child Development Centers,GAA 2023,0.0,232383000.0,0.0,232383000.0,2023 DepEd - GAA
07,Department of Education (DepEd),007,National Academy of Sports,1000,100000100001,General Management and Supervision,GAA 2023,17691000.0,131555000.0,2000000.0,151246000.0,2023 DepEd - GAA
07,Department of Education (DepEd),007,National Academy of Sports,1000,100000100002,Administration of Personnel Benefits,GAA 2023,,,,,2023 DepEd - GAA
07,Department of Education (DepEd),007,National Academy of Sports,3101,310100100001,"Promotion, Development, and Implementation of Quality and Enhanced Sports-Integrated Secondary Education Program",GAA 2023,47936000.0,145594000.0,12000000.0,205530000.0,2023 DepEd - GAA
07,Department of Education (DepEd),008,Teacher Education Council,1000,100000100001,General Management and Supervision,GAA 2023,,,,,2023 DepEd - GAA
07,Department of Education (DepEd),008,Teacher Education Council,3101,310100100001,Quality Teacher Education Services,GAA 2023,,,,,2023 DepEd - GAA
07,Department of Education (DepEd),001,Office of the Secretary,1000,100000100001,General Administration and Support,Authorized Appropriations 2023,8220096000.0,8664316000.0,1000000000.0,17884412000.0,2023 DepEd - Authorized Appro
07,Department of Education (DepEd),001,Office of the Secretary,1000,100000100002,Administration of Personnel Benefits,Authorized Appropriations 2023,4575160000.0,0.0,0.0,4575160000.0,2023 DepEd - Authorized Appro
07,Department of Education (DepEd),001,Office of the Secretary,2000,200000100001,Physical Fitness and School Sports,Authorized Appropriations 2023,8448000.0,278638000.0,0.0,287086000.0,2023 DepEd - Authorized Appro
07,Department of Education (DepEd),001,Office of the Secretary,2000,200000100002,Development and Management of Bilateral and Multilateral Education Projects,Authorized Appropriations 2023,17277000.0,63123000.0,0.0,80400000.0,2023 DepEd - Authorized Appro
07,Department of Education (DepEd),001,Office of the Secretary,2000,200000100003,Management and Administration of Learning Resources,Authorized Appropriations 2023,45759000.0,9927000.0,0.0,55686000.0,2023 DepEd - Authorized Appro
07,Department of Education (DepEd),001,Office of the Secretary,2000,200000100004,Planning and Management Information Systems,Authorized Appropriations 2023,127082000.0,39479000.0,0.0,166561000.0,2023 DepEd - Authorized Appro
07,Department of Education (DepEd),001,Office of the Secretary,2000,200000100005,Education Information and Communication Services,Authorized Appropriations 2023,21913000.0,3480000.0,0.0,25393000.0,2023 DepEd - Authorized Appro
07,Department of Education (DepEd),001,Office of the Secretary,2000,200000100006,Learner Support Programs,Authorized Appropriations 2023,2374954000.0,222998000.0,0.0,2597952000.0,2023 DepEd - Authorized Appro
07,Department of Education (DepEd),001,Office of the Secretary,2000,200000100007,Building Partnerships and Linkages Program,Authorized Appropriations 2023,8992000.0,118323000.0,0.0,127315000.0,2023 DepEd - Authorized Appro
07,Department of Education (DepEd),001,Office of the Secretary,2000,200000100008,Legal Services and Development of Education-Related Laws and Rules,Authorized Appropriations 2023,20523000.0,19400000.0,0.0,39923000.0,2023 DepEd - Authorized Appro
07,Department of Education (DepEd),001,Office of the Secretary,2000,200000100009,Child Protection Program,Authorized Appropriations 2023,0.0,58067000.0,0.0,58067000.0,2023 DepEd - Authorized Appro
07,Department of Education (DepEd),001,Office of the Secretary,2000,200000100010,Disaster Preparedness and Response Program,Authorized Appropriations 2023,8241000.0,2127963000.0,1490000.0,2137694000.0,2023 DepEd - Authorized Appro
07,Department of Education (DepEd),001,Office of the Secretary,2000,200000100011,Organizational and Professional Development for Non-Teaching Personnel,Authorized Appropriations 2023,175200000.0,111350000.0,0.0,286550000.0,2023 DepEd - Authorized Appro
07,Department of Education (DepEd),001,Office of the Secretary,2000,200000100012,Operational Expenses of the DepEd Task Force on the 2022 National and Local Elections,Authorized Appropriations 2023,0.0,195000.0,0.0,195000.0,2023 DepEd - Authorized Appro
07,Department of Education (DepEd),001,Office of the Secretary,2000,200000100013,Operational Expenses of the DepEd - Election Task Force,Authorized Appropriations 2023,,,,,2023 DepEd - Authorized Appro
07,Department of Education (DepEd),001,Office of the Secretary,3101,310100100001,National Assessment Systems for Basic Education,Authorized Appropriations 2023,29585000.0,404699000.0,0.0,434284000.0,2023 DepEd - Authorized Appro
07,Department of Education (DepEd),001,Office of the Secretary,3101,310100100002,Policy and Research Program,Authorized Appropriations 2023,2071216000.0,34769000.0,0.0,2105985000.0,2023 DepEd - Authorized Appro
07,Department of Education (DepEd),001,Office of the Secretary,3101,310100100003,Basic Education Curriculum,Authorized Appropriations 2023,121189000.0,5093291000.0,0.0,5214480000.0,2023 DepEd - Authorized Appro
07,Department of Education (DepEd),001,Office of the Secretary,3101,310100100004,"Curriculum Programs, Learning Management Models, Standards and Strategy Development",Authorized Appropriations 2023,6705739000.0,1555000.0,0.0,6707294000.0,2023 DepEd - Authorized Appro
07,Department of Education (DepEd),001,Office of the Secretary,3101,310100100005,Development and Promotion of Campus Journalism,Authorized Appropriations 2023,0.0,46904000.0,0.0,46904000.0,2023 DepEd - Authorized Appro
07,Department of Education (DepEd),001,Office of the Secretary,3101,310100100006,National Literacy Policies and Programs,Authorized Appropriations 2023,4093000.0,20000000.0,0.0,24093000.0,2023 DepEd - Authorized Appro
07,Department of Education (DepEd),001,Office of the Secretary,3101,310100100007,Early Language Literacy and Numeracy,Authorized Appropriations 2023,0.0,81675000.0,0.0,81675000.0,2023 DepEd - Authorized Appro
07,Department of Education (DepEd),001,Office of the Secretary,3102,310200100001,Improvement and Acquisition of School Sites,Authorized Appropriations 2023,0.0,83158000.0,65000000.0,148158000.0,2023 DepEd - Authorized Appro
07,Department of Education (DepEd),001,Office of the Secretary,3102,310200100002,New School Personnel Positions,Authorized Appropriations 2023,23816776000.0,168741000.0,0.0,23985517000.0,2023 DepEd - Authorized Appro
07,Department of Education (DepEd),001,Office of the Secretary,3102,310200100003,Learning Tools and Equipment,Authorized Appropriations 2023,0.0,2802744000.0,0.0,2802744000.0,2023 DepEd - Authorized Appro
07,Department of Education (DepEd),001,Office of the Secretary,3102,310200100004,Textbooks and Other Instructional Materials,Authorized Appropriations 2023,0.0,998454000.0,0.0,998454000.0,2023 DepEd - Authorized Appro
07,Department of Education (DepEd),001,Office of the Secretary,3102,310200100005,Computerization Program,Authorized Appropriations 2023,23421000.0,2859394000.0,8479719000.0,11362534000.0,2023 DepEd - Authorized Appro
07,Department of Education (DepEd),001,Office of the Secretary,3102,310200100006,Basic Education Facilities,Authorized Appropriations 2023,0.0,1833515000.0,21660376050.0,23493891050.0,2023 DepEd - Authorized Appro
07,Department of Education (DepEd),001,Office of the Secretary,3102,310200100007,Conservation and Restoration of Gabaldon and Other Heritage School Buildings,Authorized Appropriations 2023,0.0,0.0,383965000.0,383965000.0,2023 DepEd - Authorized Appro
07,Department of Education (DepEd),001,Office of the Secretary,3102,310200100010,Quick Response Fund,Authorized Appropriations 2023,0.0,0.0,2000000000.0,2000000000.0,2023 DepEd - Authorized Appro
07,Department of Education (DepEd),001,Office of the Secretary,3102,310200100011,Last Mile Schools Program,Authorized Appropriations 2023,0.0,0.0,1500000000.0,1500000000.0,2023 DepEd - Authorized Appro
07,Department of Education (DepEd),001,Office of the Secretary,3102,310200100012,Public Schools Infrastructure Program (PSIP),Authorized Appropriations 2023,,,,,2023 DepEd - Authorized Appro
07,Department of Education (DepEd),001,Office of the Secretary,3102,310200200001,Connectivity Enhancement Program for e-Learning in Public Schools,Authorized Appropriations 2023,,,,,2023 DepEd - Authorized Appro
07,Department of Education (DepEd),001,Office of the Secretary,3102,310200300001,Infrastructure for Safer and Resilient Schools (ISRS) Project WB Loan No. 9704-PH,Authorized Appropriations 2023,,,,,2023 DepEd - Authorized Appro
07,Department of Education (DepEd),001,Office of the Secretary,3103,310300100001,Multigrade Education,Authorized Appropriations 2023,0.0,23080000.0,0.0,23080000.0,2023 DepEd - Authorized Appro
07,Department of Education (DepEd),001,Office of the Secretary,3103,310300100002,Indigenous Peoples Education (IPEd) Program,Authorized Appropriations 2023,0.0,154431000.0,0.0,154431000.0,2023 DepEd - Authorized Appro
07,Department of Education (DepEd),001,Office of the Secretary,3103,310300100003,Flexible Learning Options (ADM/ALS/EiE),Authorized Appropriations 2023,0.0,4380423000.0,51914000.0,4432337000.0,2023 DepEd - Authorized Appro
07,Department of Education (DepEd),001,Office of the Secretary,3103,310300100004,Madrasah Education Program,Authorized Appropriations 2023,0.0,359503000.0,0.0,359503000.0,2023 DepEd - Authorized Appro
07,Department of Education (DepEd),001,Office of the Secretary,3103,310300100005,Special Needs Education Program,Authorized Appropriations 2023,0.0,485625000.0,96000000.0,581625000.0,2023 DepEd - Authorized Appro
07,Department of Education (DepEd),001,Office of the Secretary,3104,310400100001,School-Based Feeding Program (SBFP),Authorized Appropriations 2023,0.0,5688567000.0,0.0,5688567000.0,2023 DepEd - Authorized Appro
07,Department of Education (DepEd),001,Office of the Secretary,3104,310400100002,Operation of Schools - Elementary (Kinder to Grade 6),Authorized Appropriations 2023,293594823000.0,15795235000.0,0.0,309390058000.0,2023 DepEd - Authorized Appro
07,Department of Education (DepEd),001,Office of the Secretary,3104,310400100003,Operation of Schools - Junior High School (Grade 7 to Grade 10),Authorized Appropriations 2023,163428466000.0,11163020000.0,0.0,174591486000.0,2023 DepEd - Authorized Appro
07,Department of Education (DepEd),001,Office of the Secretary,3104,310400100004,Operation of Schools - Senior High School (Grade 11 to Grade 12),Authorized Appropriations 2023,44792403000.0,4537696000.0,0.0,49330099000.0,2023 DepEd - Authorized Appro
07,Department of Education (DepEd),001,Office of the Secretary,3104,310400100005,Government Assistance and Subsidies - Educational Service Contracting (ESC) Program for Private Junior High School (per RA No. 8545),Authorized Appropriations 2023,,,,,2023 DepEd - Authorized Appro
07,Department of Education (DepEd),001,Office of the Secretary,3104,310400100006,Government Assistance and Subsidies - Voucher Program for Private Senior High School (per RA No. 10533),Authorized Appropriations 2023,,,,,2023 DepEd - Authorized Appro
07,Department of Education (DepEd),001,Office of the Secretary,3104,310400100007,Government Assistance and Subsidies - Voucher Program for Non-DepEd Public High School (per RA No. 10533),Authorized Appropriations 2023,,,,,2023 DepEd - Authorized Appro
07,Department of Education (DepEd),001,Office of the Secretary,3104,310400100008,Joint Delivery Voucher for Senior High School Technical Vocational and Livelihood Specializations,Authorized Appropriations 2023,0.0,1380495000.0,0.0,1380495000.0,2023 DepEd - Authorized Appro
07,Department of Education (DepEd),001,Office of the Secretary,3104,310400100009,Operational Requirements of Sports Academy and Training Centers,Authorized Appropriations 2023,,,,,2023 DepEd - Authorized Appro
07,Department of Education (DepEd),001,Office of the Secretary,3104,310400100010,"Implementation of the Grant of Cash Allowance, Hardship Pay, and Reclassification of Positions",Authorized Appropriations 2023,4837850000.0,4714345000.0,0.0,9552195000.0,2023 DepEd - Authorized Appro
07,Department of Education (DepEd),001,Office of the Secretary,3104,310400100011,School Dental Health Care Program,Authorized Appropriations 2023,,,,,2023 DepEd - Authorized Appro
07,Department of Education (DepEd),001,Office of the Secretary,3104,310400100013,World Teachers' Day Incentive Benefits,Authorized Appropriations 2023,900477000.0,0.0,0.0,900477000.0,2023 DepEd - Authorized Appro
07,Department of Education (DepEd),001,Office of the Secretary,3104,310400100014,Establishment and Operational Requirement of the National Academy of Sports,Authorized Appropriations 2023,,,,,2023 DepEd - Authorized Appro
07,Department of Education (DepEd),001,Office of the Secretary,3104,310400100015,Government Assistance and Subsidies - Educational Service Contracting (ESC) Program for Private Junior High School (per R.A. No. 8545),Authorized Appropriations 2023,0.0,12498048000.0,0.0,12498048000.0,2023 DepEd - Authorized Appro
07,Department of Education (DepEd),001,Office of the Secretary,3104,310400100016,Government Assistance and Subsidies - Senior High School Voucher Program,Authorized Appropriations 2023,,,,,2023 DepEd - Authorized Appro
07,Department of Education (DepEd),001,Office of the Secretary,3104,310400100017,Subsidies - Senior High School Voucher Program,Authorized Appropriations 2023,0.0,39326804000.0,0.0,39326804000.0,2023 DepEd - Authorized Appro
07,Department of Education (DepEd),001,Office of the Secretary,3104,310400100018,"Government Assistance and Subsidies - Training and Upgrading Knowledge for Learners, Teachers, and Achievers in Schools (GAS-TUKLAS)",Authorized Appropriations 2023,,,,,2023 DepEd - Authorized Appro
07,Department of Education (DepEd),001,Office of the Secretary,3104,310400100019,School Innovation and Improvement Fund (SIIF) to all DepEd Public Schools,Authorized Appropriations 2023,,,,,2023 DepEd - Authorized Appro
07,Department of Education (DepEd),001,Office of the Secretary,3105,310500100001,Human Resource Development for Personnel in Schools and Learning Centers,Authorized Appropriations 2023,35543000.0,1965746000.0,0.0,2001289000.0,2023 DepEd - Authorized Appro
07,Department of Education (DepEd),001,Office of the Secretary,3105,310500100002,Teacher Quality and Development Program,Authorized Appropriations 2023,3583000.0,96894000.0,0.0,100477000.0,2023 DepEd - Authorized Appro
07,Department of Education (DepEd),001,Office of the Secretary,3105,310500300001,Teacher Effectiveness and Competencies Enhancement Project (TEACEP) WB Loan No. 9481-PH,Authorized Appropriations 2023,,,,,2023 DepEd - Authorized Appro
07,Department of Education (DepEd),002,National Book Development Board,1000,100000100001,General Management and Supervision,Authorized Appropriations 2023,,,,,2023 DepEd - Authorized Appro
07,Department of Education (DepEd),002,National Book Development Board,1000,100000100002,Administration of Personnel Benefits,Authorized Appropriations 2023,,,,,2023 DepEd - Authorized Appro
07,Department of Education (DepEd),002,National Book Development Board,3101,310100100001,Capacity Building and Trade Promotion Incentives,Authorized Appropriations 2023,,,,,2023 DepEd - Authorized Appro
07,Department of Education (DepEd),002,National Book Development Board,3101,310100100002,"Administration of Awards, Grants, and Incentives",Authorized Appropriations 2023,,,,,2023 DepEd - Authorized Appro
07,Department of Education (DepEd),002,National Book Development Board,3101,310100100003,"Policy Development, Research, Information System Management, and Information Campaign",Authorized Appropriations 2023,,,,,2023 DepEd - Authorized Appro
07,Department of Education (DepEd),003,National Council for Children's Television,1000,100000100001,General Management and Supervision,Authorized Appropriations 2023,,,,,2023 DepEd - Authorized Appro
07,Department of Education (DepEd),003,National Council for Children's Television,3101,310100100001,Child-Friendly Television Development Services,Authorized Appropriations 2023,,,,,2023 DepEd - Authorized Appro
07,Department of Education (DepEd),004,National Museum of the Philippines,1000,100000100001,General Management and Supervision,Authorized Appropriations 2023,,,,,2023 DepEd - Authorized Appro
07,Department of Education (DepEd),004,National Museum of the Philippines,1000,100000100002,Administration of Personnel Benefits,Authorized Appropriations 2023,,,,,2023 DepEd - Authorized Appro
07,Department of Education (DepEd),004,National Museum of the Philippines,2000,200000100001,Project Monitoring and Evaluation Services,Authorized Appropriations 2023,,,,,2023 DepEd - Authorized Appro
07,Department of Education (DepEd),004,National Museum of the Philippines,3101,310100100001,Management and Development of the National Collections and Related Knowledge Resources (Including Participation to International Meetings and Conferences),Authorized Appropriations 2023,,,,,2023 DepEd - Authorized Appro
07,Department of Education (DepEd),004,National Museum of the Philippines,3101,310100100002,"Restoration, Preservation, Protection and Development of Cultural Property",Authorized Appropriations 2023,,,,,2023 DepEd - Authorized Appro
07,Department of Education (DepEd),004,National Museum of the Philippines,3101,310100200015,"Restoration of Malacanang sa Sugbo, Cebu City and Converrsion to National Museum Cebu",Authorized Appropriations 2023,,,,,2023 DepEd - Authorized Appro
07,Department of Education (DepEd),004,National Museum of the Philippines,3101,310100200016,Development of the National Museum Complex in Manila - Phase 1 (to implement Republic Act No. 11333),Authorized Appropriations 2023,,,,,2023 DepEd - Authorized Appro
07,Department of Education (DepEd),004,National Museum of the Philippines,3101,310100200017,"Nightly repair of the Church of Our Lady of Caysasay and associated structures, a declared national cultural treasure in Taal, Batangas",Authorized Appropriations 2023,,,,,2023 DepEd - Authorized Appro
07,Department of Education (DepEd),004,National Museum of the Philippines,3101,310100200018,Continuation of Construction of National Museum Building in Davao City,Authorized Appropriations 2023,,,,,2023 DepEd - Authorized Appro
07,Department of Education (DepEd),004,National Museum of the Philippines,3101,310100200019,Development of the National Museum Complex in Rizal Park - Manila Phase II,Authorized Appropriations 2023,,,,,2023 DepEd - Authorized Appro
07,Department of Education (DepEd),004,National Museum of the Philippines,3101,310100200020,Development of Information Management Systems,Authorized Appropriations 2023,,,,,2023 DepEd - Authorized Appro
07,Department of Education (DepEd),004,National Museum of the Philippines,3101,310100200021,"Restoration and Continued Repair of Our Lady of Caysasay Church and Associated Structures (National Cultural Treasure) in Taal, Batangas",Authorized Appropriations 2023,,,,,2023 DepEd - Authorized Appro
07,Department of Education (DepEd),004,National Museum of the Philippines,3101,310100200022,"Restoration of the Old Municipal Hall and the Municipal Plaza (Important Cultural Properties) in Balilihan, Bohol",Authorized Appropriations 2023,,,,,2023 DepEd - Authorized Appro
07,Department of Education (DepEd),004,National Museum of the Philippines,3101,310100200023,"Development of National Museum Complex, Manila, Phase 3",Authorized Appropriations 2023,,,,,2023 DepEd - Authorized Appro
07,Department of Education (DepEd),004,National Museum of the Philippines,3101,310100200024,"Continued Restoration and Site Development of Our Lady of Caysasay Church and Associated Structures in Taal, Batangas, Phase 3",Authorized Appropriations 2023,,,,,2023 DepEd - Authorized Appro
07,Department of Education (DepEd),004,National Museum of the Philippines,3101,310100200025,"Rehabilitation of Former United States Air Force (USAF) Hospital in Clark Freeport, Pampanga and Conversion to National Museum of the Philippines Central Luzon, Phase 1",Authorized Appropriations 2023,,,,,2023 DepEd - Authorized Appro
07,Department of Education (DepEd),004,National Museum of the Philippines,3101,310100200026,"Construction of National Museum of the Philippines-Baler in Baler, Aurora",Authorized Appropriations 2023,,,,,2023 DepEd - Authorized Appro
07,Department of Education (DepEd),004,National Museum of the Philippines,3101,310100200027,Exhibitions and Fit-Out of Various National Museum of the Philippines - Central and Regional Sites,Authorized Appropriations 2023,,,,,2023 DepEd - Authorized Appro
07,Department of Education (DepEd),004,National Museum of the Philippines,3101,310100200028,"Rehabilitation of National Museum of the Philippines-Kabayan Burial Cave Site Museum and Satellite Office in Kabayan, Benguet",Authorized Appropriations 2023,,,,,2023 DepEd - Authorized Appro
07,Department of Education (DepEd),004,National Museum of the Philippines,3101,310100200029,"Improvement of Rocha House in Sitio Ubos in Tagbilaran City, Bohol (Declared Important Cultural Property)",Authorized Appropriations 2023,,,,,2023 DepEd - Authorized Appro
07,Department of Education (DepEd),004,National Museum of the Philippines,3101,310100200030,"Development of National Museum Complex, Manila, Phase IV",Authorized Appropriations 2023,,,,,2023 DepEd - Authorized Appro
07,Department of Education (DepEd),004,National Museum of the Philippines,3101,310100200031,"Construction of National Museum of the Philippines-Baler in Baler, Aurora (Phase II)",Authorized Appropriations 2023,,,,,2023 DepEd - Authorized Appro
07,Department of Education (DepEd),004,National Museum of the Philippines,3101,310100200032,"Continued Restoration and Site Development of Our Lady of Caysasay Church and Associated Structures in Taal, Batangas, Phase IV",Authorized Appropriations 2023,,,,,2023 DepEd - Authorized Appro
07,Department of Education (DepEd),004,National Museum of the Philippines,3101,310100200033,"Repair and Preventive Conservation Maintenance of Casa Rocha (Important Cultural Property) in Tagbilaran City, Bohol",Authorized Appropriations 2023,,,,,2023 DepEd - Authorized Appro
07,Department of Education (DepEd),004,National Museum of the Philippines,3101,310100200034,Restoration and Development of NMP Museums and Declared/Associated Heritage Sites in the Visayas,Authorized Appropriations 2023,,,,,2023 DepEd - Authorized Appro
07,Department of Education (DepEd),004,National Museum of the Philippines,3101,310100200035,"Rehabilitation of Former United States Air Force (USAF) Hospital in Clark Freeport, Pampanga, and Conversion to National Museum of the Philippines Central Luzon, Phase II",Authorized Appropriations 2023,,,,,2023 DepEd - Authorized Appro
07,Department of Education (DepEd),004,National Museum of the Philippines,3101,310100200036,"Completion of Restoration of Our Lady of Caysasay Church and Associated Structures in Taal, Batangas City",Authorized Appropriations 2023,,,,,2023 DepEd - Authorized Appro
07,Department of Education (DepEd),004,National Museum of the Philippines,3101,310100200037,"Rehabilitation of National Museum of the Philippines Kabayan Burial Caves Site Museum and Satellite Office in Kabayan, Benguet, Phase II",Authorized Appropriations 2023,,,,,2023 DepEd - Authorized Appro
07,Department of Education (DepEd),004,National Museum of the Philippines,3101,310100200038,Completion of the Development of the National Museum Complex in Manila,Authorized Appropriations 2023,,,,,2023 DepEd - Authorized Appro
07,Department of Education (DepEd),004,National Museum of the Philippines,3101,310100200039,"Continuation of the Development of NMP-General Aniceto Lacson Ancestral House in Talisay City, Negros Occidental",Authorized Appropriations 2023,,,,,2023 DepEd - Authorized Appro
07,Department of Education (DepEd),004,National Museum of the Philippines,3101,310100200040,Rehabilitation of the Sewerage System of the National Museum of Fine Arts (Old Legislative Building),Authorized Appropriations 2023,,,,,2023 DepEd - Authorized Appro
07,Department of Education (DepEd),004,National Museum of the Philippines,3101,310100200041,"Development of NMP-Kalibo, Aklan (Phase 1)",Authorized Appropriations 2023,,,,,2023 DepEd - Authorized Appro
07,Department of Education (DepEd),004,National Museum of the Philippines,3101,310100200042,"Development of NMP-Koronadal and Lake Sebu, South Cotabato (Phase 1)",Authorized Appropriations 2023,,,,,2023 DepEd - Authorized Appro
07,Department of Education (DepEd),004,National Museum of the Philippines,3101,310100200043,"Repair and Restoration of Boljoon Church Complex, Boljoon, Cebu and Development of NMP-Boljoon, Cebu (Phase 1)",Authorized Appropriations 2023,,,,,2023 DepEd - Authorized Appro
07,Department of Education (DepEd),004,National Museum of the Philippines,3101,310100200044,"Development of NMP-Paoay, Paoay, Ilocos Norte",Authorized Appropriations 2023,,,,,2023 DepEd - Authorized Appro
07,Department of Education (DepEd),004,National Museum of the Philippines,3101,310100200045,"Development of NMP General Ancieto Lacson Ancestral House, Talisay City, Negros Occidental (Phase 2)",Authorized Appropriations 2023,,,,,2023 DepEd - Authorized Appro
07,Department of Education (DepEd),004,National Museum of the Philippines,3101,310100200046,"Development of NMP Kalibo, Aklan (Phase 2)",Authorized Appropriations 2023,,,,,2023 DepEd - Authorized Appro
07,Department of Education (DepEd),004,National Museum of the Philippines,3101,310100200047,"Development of NMP Koronadal and Lake Sebu, South Cotabato (Phase 2)",Authorized Appropriations 2023,,,,,2023 DepEd - Authorized Appro
07,Department of Education (DepEd),004,National Museum of the Philippines,3101,310100200048,Exhibitions and Fit-out of Various National Museum of the Philippines - Central and Regional Sites - Northern Luzon National Museums,Authorized Appropriations 2023,,,,,2023 DepEd - Authorized Appro
07,Department of Education (DepEd),005,Philippine High School for the Arts,1000,100000100001,General Management and Supervision,Authorized Appropriations 2023,,,,,2023 DepEd - Authorized Appro
07,Department of Education (DepEd),005,Philippine High School for the Arts,1000,100000100002,Administration of Personnel Benefits,Authorized Appropriations 2023,,,,,2023 DepEd - Authorized Appro
07,Department of Education (DepEd),005,Philippine High School for the Arts,3101,310100100001,"Operation of Philippine High School for the Arts Including Outreach, Screening, Student Exchange Program with Other Countries and Production Activities",Authorized Appropriations 2023,,,,,2023 DepEd - Authorized Appro
07,Department of Education (DepEd),006,Early Childhood Care and Development Council,1000,100000100001,General Management and Supervision,Authorized Appropriations 2023,,,,,2023 DepEd - Authorized Appro
07,Department of Education (DepEd),006,Early Childhood Care and Development Council,1000,100000100002,Administration of Personnel Benefits,Authorized Appropriations 2023,,,,,2023 DepEd - Authorized Appro
07,Department of Education (DepEd),006,Early Childhood Care and Development Council,3101,310100100001,"Development of Policies, Standards and Guidelines",Authorized Appropriations 2023,,,,,2023 DepEd - Authorized Appro
07,Department of Education (DepEd),006,Early Childhood Care and Development Council,3101,310100100002,Capacity-Building and Institutional Development of Intermediaries and Other Partners,Authorized Appropriations 2023,,,,,2023 DepEd - Authorized Appro
07,Department of Education (DepEd),006,Early Childhood Care and Development Council,3101,310100100003,Accreditation of ECCD Service Providers,Authorized Appropriations 2023,,,,,2023 DepEd - Authorized Appro
07,Department of Education (DepEd),006,Early Childhood Care and Development Council,3101,310100100004,Establishment of National Child Development Centers,Authorized Appropriations 2023,,,,,2023 DepEd - Authorized Appro
07,Department of Education (DepEd),007,National Academy of Sports,1000,100000100001,General Management and Supervision,Authorized Appropriations 2023,,,,,2023 DepEd - Authorized Appro
07,Department of Education (DepEd),007,National Academy of Sports,1000,100000100002,Administration of Personnel Benefits,Authorized Appropriations 2023,,,,,2023 DepEd - Authorized Appro
07,Department of Education (DepEd),007,National Academy of Sports,3101,310100100001,"Promotion, Development, and Implementation of Quality and Enhanced Sports-Integrated Secondary Education Program",Authorized Appropriations 2023,,,,,2023 DepEd - Authorized Appro
07,Department of Education (DepEd),008,Teacher Education Council,1000,100000100001,General Management and Supervision,Authorized Appropriations 2023,,,,,2023 DepEd - Authorized Appro
07,Department of Education (DepEd),008,Teacher Education Council,3101,310100100001,Quality Teacher Education Services,Authorized Appropriations 2023,,,,,2023 DepEd - Authorized Appro
07,Department of Education (DepEd),001,Office of the Secretary,1000,100000100001,General Administration and Support,Authorized Appropriations 2023,14251928210.05,9331872953.15,1032221003.15,24616022166.35,2023 DepEd - Adjusted Appro
07,Department of Education (DepEd),001,Office of the Secretary,1000,100000100002,Administration of Personnel Benefits,Authorized Appropriations 2023,4375412436.73,0.0,0.0,4375412436.73,2023 DepEd - Adjusted Appro
07,Department of Education (DepEd),001,Office of the Secretary,2000,200000100001,Physical Fitness and School Sports,Authorized Appropriations 2023,10630607.44,525902741.09,0.0,536533348.53,2023 DepEd - Adjusted Appro
07,Department of Education (DepEd),001,Office of the Secretary,2000,200000100002,Development and Management of Bilateral and Multilateral Education Projects,Authorized Appropriations 2023,17277000.0,64795904.97,0.0,82072904.97,2023 DepEd - Adjusted Appro
07,Department of Education (DepEd),001,Office of the Secretary,2000,200000100003,Management and Administration of Learning Resources,Authorized Appropriations 2023,47251322.27,12175193.27,0.0,59426515.54,2023 DepEd - Adjusted Appro
07,Department of Education (DepEd),001,Office of the Secretary,2000,200000100004,Planning and Management Information Systems,Authorized Appropriations 2023,125550358.95,51947346.93,0.0,177497705.88,2023 DepEd - Adjusted Appro
07,Department of Education (DepEd),001,Office of the Secretary,2000,200000100005,Education Information and Communication Services,Authorized Appropriations 2023,21913000.0,4858323.57,0.0,26771323.57,2023 DepEd - Adjusted Appro
07,Department of Education (DepEd),001,Office of the Secretary,2000,200000100006,Learner Support Programs,Authorized Appropriations 2023,2322510939.18,235705567.97,0.0,2558216507.15,2023 DepEd - Adjusted Appro
07,Department of Education (DepEd),001,Office of the Secretary,2000,200000100007,Building Partnerships and Linkages Program,Authorized Appropriations 2023,10186581.51,146186678.33,0.0,156373259.84,2023 DepEd - Adjusted Appro
07,Department of Education (DepEd),001,Office of the Secretary,2000,200000100008,Legal Services and Development of Education-Related Laws and Rules,Authorized Appropriations 2023,23782742.98,33338816.1,0.0,57121559.08,2023 DepEd - Adjusted Appro
07,Department of Education (DepEd),001,Office of the Secretary,2000,200000100009,Child Protection Program,Authorized Appropriations 2023,0.0,60151404.74,0.0,60151404.74,2023 DepEd - Adjusted Appro
07,Department of Education (DepEd),001,Office of the Secretary,2000,200000100010,Disaster Preparedness and Response Program,Authorized Appropriations 2023,10359997.59,2161822384.62,1490000.0,2173672382.21,2023 DepEd - Adjusted Appro
07,Department of Education (DepEd),001,Office of the Secretary,2000,200000100011,Organizational and Professional Development for Non-Teaching Personnel,Authorized Appropriations 2023,175366971.87,154291297.31,0.0,329658269.18,2023 DepEd - Adjusted Appro
07,Department of Education (DepEd),001,Office of the Secretary,2000,200000100012,Operational Expenses of the DepEd Task Force on the 2022 National and Local Elections,Authorized Appropriations 2023,0.0,4026862.22,0.0,4026862.22,2023 DepEd - Adjusted Appro
07,Department of Education (DepEd),001,Office of the Secretary,2000,200000100013,Operational Expenses of the DepEd - Election Task Force,Authorized Appropriations 2023,,,,,2023 DepEd - Adjusted Appro
07,Department of Education (DepEd),001,Office of the Secretary,3101,310100100001,National Assessment Systems for Basic Education,Authorized Appropriations 2023,36362341.87,466572100.67,0.0,502934442.54,2023 DepEd - Adjusted Appro
07,Department of Education (DepEd),001,Office of the Secretary,3101,310100100002,Policy and Research Program,Authorized Appropriations 2023,2029050709.48,49249231.12,0.0,2078299940.6,2023 DepEd - Adjusted Appro
07,Department of Education (DepEd),001,Office of the Secretary,3101,310100100003,Basic Education Curriculum,Authorized Appropriations 2023,149463833.0,5100277883.05,0.0,5249741716.05,2023 DepEd - Adjusted Appro
07,Department of Education (DepEd),001,Office of the Secretary,3101,310100100004,"Curriculum Programs, Learning Management Models, Standards and Strategy Development",Authorized Appropriations 2023,6636626469.59,1555000.0,0.0,6638181469.59,2023 DepEd - Adjusted Appro
07,Department of Education (DepEd),001,Office of the Secretary,3101,310100100005,Development and Promotion of Campus Journalism,Authorized Appropriations 2023,47434042.94,0.0,0.0,47434042.94,2023 DepEd - Adjusted Appro
07,Department of Education (DepEd),001,Office of the Secretary,3101,310100100006,National Literacy Policies and Programs,Authorized Appropriations 2023,4686176.19,20210955.61,0.0,24897131.8,2023 DepEd - Adjusted Appro
07,Department of Education (DepEd),001,Office of the Secretary,3101,310100100007,Early Language Literacy and Numeracy,Authorized Appropriations 2023,0.0,84436963.9,0.0,84436963.9,2023 DepEd - Adjusted Appro
07,Department of Education (DepEd),001,Office of the Secretary,3102,310200100001,Improvement and Acquisition of School Sites,Authorized Appropriations 2023,0.0,119128664.05,130000000.0,249128664.05,2023 DepEd - Adjusted Appro
07,Department of Education (DepEd),001,Office of the Secretary,3102,310200100002,New School Personnel Positions,Authorized Appropriations 2023,22269026989.72,168741000.0,0.0,22437767989.72,2023 DepEd - Adjusted Appro
07,Department of Education (DepEd),001,Office of the Secretary,3102,310200100003,Learning Tools and Equipment,Authorized Appropriations 2023,0.0,4813758810.31,282517926.58,5096276736.89,2023 DepEd - Adjusted Appro
07,Department of Education (DepEd),001,Office of the Secretary,3102,310200100004,Textbooks and Other Instructional Materials,Authorized Appropriations 2023,0.0,1675063182.05,0.0,1675063182.05,2023 DepEd - Adjusted Appro
07,Department of Education (DepEd),001,Office of the Secretary,3102,310200100005,Computerization Program,Authorized Appropriations 2023,26685421.55,3242739560.37,17280814543.09,20550239525.01,2023 DepEd - Adjusted Appro
07,Department of Education (DepEd),001,Office of the Secretary,3102,310200100006,Basic Education Facilities,Authorized Appropriations 2023,0.0,2844334578.86,1313919320.48,4158253899.34,2023 DepEd - Adjusted Appro
07,Department of Education (DepEd),001,Office of the Secretary,3102,310200100007,Conservation and Restoration of Gabaldon and Other Heritage School Buildings,Authorized Appropriations 2023,0.0,0.0,392530171.85,392530171.85,2023 DepEd - Adjusted Appro
07,Department of Education (DepEd),001,Office of the Secretary,3102,310200100010,Quick Response Fund,Authorized Appropriations 2023,0.0,0.0,2304752121.94,2304752121.94,2023 DepEd - Adjusted Appro
07,Department of Education (DepEd),001,Office of the Secretary,3102,310200100011,Last Mile Schools Program,Authorized Appropriations 2023,0.0,0.0,1994151320.68,1994151320.68,2023 DepEd - Adjusted Appro
07,Department of Education (DepEd),001,Office of the Secretary,3102,310200100012,Public Schools Infrastructure Program (PSIP),Authorized Appropriations 2023,,,,,2023 DepEd - Adjusted Appro
07,Department of Education (DepEd),001,Office of the Secretary,3102,310200200001,Connectivity Enhancement Program for e-Learning in Public Schools,Authorized Appropriations 2023,,,,,2023 DepEd - Adjusted Appro
07,Department of Education (DepEd),001,Office of the Secretary,3102,310200300001,Infrastructure for Safer and Resilient Schools (ISRS) Project WB Loan No. 9704-PH,Authorized Appropriations 2023,,,,,2023 DepEd - Adjusted Appro
07,Department of Education (DepEd),001,Office of the Secretary,3103,310300100001,Multigrade Education,Authorized Appropriations 2023,0.0,29045302.23,0.0,29045302.23,2023 DepEd - Adjusted Appro
07,Department of Education (DepEd),001,Office of the Secretary,3103,310300100002,Indigenous Peoples Education (IPEd) Program,Authorized Appropriations 2023,0.0,169734779.62,0.0,169734779.62,2023 DepEd - Adjusted Appro
07,Department of Education (DepEd),001,Office of the Secretary,3103,310300100003,Flexible Learning Options (ADM/ALS/EiE),Authorized Appropriations 2023,0.0,6366211008.49,51914000.0,6418125008.49,2023 DepEd - Adjusted Appro
07,Department of Education (DepEd),001,Office of the Secretary,3103,310300100004,Madrasah Education Program,Authorized Appropriations 2023,0.0,464940235.4,0.0,464940235.4,2023 DepEd - Adjusted Appro
07,Department of Education (DepEd),001,Office of the Secretary,3103,310300100005,Special Needs Education Program,Authorized Appropriations 2023,0.0,570846792.24,129373173.44,700219965.68,2023 DepEd - Adjusted Appro
07,Department of Education (DepEd),001,Office of the Secretary,3104,310400100001,School-Based Feeding Program (SBFP),Authorized Appropriations 2023,0.0,5846573990.54,0.0,5846573990.54,2023 DepEd - Adjusted Appro
07,Department of Education (DepEd),001,Office of the Secretary,3104,310400100002,Operation of Schools - Elementary (Kinder to Grade 6),Authorized Appropriations 2023,292306914812.59,16067664153.15,0.0,308374578965.74,2023 DepEd - Adjusted Appro
07,Department of Education (DepEd),001,Office of the Secretary,3104,310400100003,Operation of Schools - Junior High School (Grade 7 to Grade 10),Authorized Appropriations 2023,162082682614.64,11391880980.06,102300.0,173474665894.69,2023 DepEd - Adjusted Appro
07,Department of Education (DepEd),001,Office of the Secretary,3104,310400100004,Operation of Schools - Senior High School (Grade 11 to Grade 12),Authorized Appropriations 2023,44592215108.15,4680179225.37,0.0,49272394333.52,2023 DepEd - Adjusted Appro
07,Department of Education (DepEd),001,Office of the Secretary,3104,310400100005,Government Assistance and Subsidies - Educational Service Contracting (ESC) Program for Private Junior High School (per RA No. 8545),Authorized Appropriations 2023,,,,,2023 DepEd - Adjusted Appro
07,Department of Education (DepEd),001,Office of the Secretary,3104,310400100006,Government Assistance and Subsidies - Voucher Program for Private Senior High School (per RA No. 10533),Authorized Appropriations 2023,,,,,2023 DepEd - Adjusted Appro
07,Department of Education (DepEd),001,Office of the Secretary,3104,310400100007,Government Assistance and Subsidies - Voucher Program for Non-DepEd Public High School (per RA No. 10533),Authorized Appropriations 2023,,,,,2023 DepEd - Adjusted Appro
07,Department of Education (DepEd),001,Office of the Secretary,3104,310400100008,Joint Delivery Voucher for Senior High School Technical Vocational and Livelihood Specializations,Authorized Appropriations 2023,0.0,1537421953.36,0.0,1537421953.36,2023 DepEd - Adjusted Appro
07,Department of Education (DepEd),001,Office of the Secretary,3104,310400100009,Operational Requirements of Sports Academy and Training Centers,Authorized Appropriations 2023,,,,,2023 DepEd - Adjusted Appro
07,Department of Education (DepEd),001,Office of the Secretary,3104,310400100010,"Implementation of the Grant of Cash Allowance, Hardship Pay, and Reclassification of Positions",Authorized Appropriations 2023,4780638230.63,5007712696.85,0.0,9788350927.48,2023 DepEd - Adjusted Appro
07,Department of Education (DepEd),001,Office of the Secretary,3104,310400100011,School Dental Health Care Program,Authorized Appropriations 2023,,,,,2023 DepEd - Adjusted Appro
07,Department of Education (DepEd),001,Office of the Secretary,3104,310400100013,World Teachers' Day Incentive Benefits,Authorized Appropriations 2023,898819064.24,0.0,0.0,898819064.24,2023 DepEd - Adjusted Appro
07,Department of Education (DepEd),001,Office of the Secretary,3104,310400100014,Establishment and Operational Requirement of the National Academy of Sports,Authorized Appropriations 2023,,,,,2023 DepEd - Adjusted Appro
07,Department of Education (DepEd),001,Office of the Secretary,3104,310400100015,Government Assistance and Subsidies - Educational Service Contracting (ESC) Program for Private Junior High School (per R.A. No. 8545),Authorized Appropriations 2023,0.0,13005686587.19,0.0,13005686587.19,2023 DepEd - Adjusted Appro
07,Department of Education (DepEd),001,Office of the Secretary,3104,310400100016,Government Assistance and Subsidies - Senior High School Voucher Program,Authorized Appropriations 2023,,,,,2023 DepEd - Adjusted Appro
07,Department of Education (DepEd),001,Office of the Secretary,3104,310400100017,Subsidies - Senior High School Voucher Program,Authorized Appropriations 2023,0.0,39327396830.5,0.0,39327396830.5,2023 DepEd - Adjusted Appro
07,Department of Education (DepEd),001,Office of the Secretary,3104,310400100018,"Government Assistance and Subsidies - Training and Upgrading Knowledge for Learners, Teachers, and Achievers in Schools (GAS-TUKLAS)",Authorized Appropriations 2023,,,,,2023 DepEd - Adjusted Appro
07,Department of Education (DepEd),001,Office of the Secretary,3104,310400100019,School Innovation and Improvement Fund (SIIF) to all DepEd Public Schools,Authorized Appropriations 2023,,,,,2023 DepEd - Adjusted Appro
07,Department of Education (DepEd),001,Office of the Secretary,3105,310500100001,Human Resource Development for Personnel in Schools and Learning Centers,Authorized Appropriations 2023,36126293.17,2262710663.43,14849607.53,2313686564.13,2023 DepEd - Adjusted Appro
07,Department of Education (DepEd),001,Office of the Secretary,3105,310500100002,Teacher Quality and Development Program,Authorized Appropriations 2023,4108155.67,96897113.3,0.0,101005268.97,2023 DepEd - Adjusted Appro
07,Department of Education (DepEd),001,Office of the Secretary,3105,310500300001,Teacher Effectiveness and Competencies Enhancement Project (TEACEP) WB Loan No. 9481-PH,Authorized Appropriations 2023,,,,,2023 DepEd - Adjusted Appro
07,Department of Education (DepEd),002,National Book Development Board,1000,100000100001,General Management and Supervision,Authorized Appropriations 2023,,,,,2023 DepEd - Adjusted Appro
07,Department of Education (DepEd),002,National Book Development Board,1000,100000100002,Administration of Personnel Benefits,Authorized Appropriations 2023,,,,,2023 DepEd - Adjusted Appro
07,Department of Education (DepEd),002,National Book Development Board,3101,310100100001,Capacity Building and Trade Promotion Incentives,Authorized Appropriations 2023,,,,,2023 DepEd - Adjusted Appro
07,Department of Education (DepEd),002,National Book Development Board,3101,310100100002,"Administration of Awards, Grants, and Incentives",Authorized Appropriations 2023,,,,,2023 DepEd - Adjusted Appro
07,Department of Education (DepEd),002,National Book Development Board,3101,310100100003,"Policy Development, Research, Information System Management, and Information Campaign",Authorized Appropriations 2023,,,,,2023 DepEd - Adjusted Appro
07,Department of Education (DepEd),003,National Council for Children's Television,1000,100000100001,General Management and Supervision,Authorized Appropriations 2023,,,,,2023 DepEd - Adjusted Appro
07,Department of Education (DepEd),003,National Council for Children's Television,3101,310100100001,Child-Friendly Television Development Services,Authorized Appropriations 2023,,,,,2023 DepEd - Adjusted Appro
07,Department of Education (DepEd),004,National Museum of the Philippines,1000,100000100001,General Management and Supervision,Authorized Appropriations 2023,,,,,2023 DepEd - Adjusted Appro
07,Department of Education (DepEd),004,National Museum of the Philippines,1000,100000100002,Administration of Personnel Benefits,Authorized Appropriations 2023,,,,,2023 DepEd - Adjusted Appro
07,Department of Education (DepEd),004,National Museum of the Philippines,2000,200000100001,Project Monitoring and Evaluation Services,Authorized Appropriations 2023,,,,,2023 DepEd - Adjusted Appro
07,Department of Education (DepEd),004,National Museum of the Philippines,3101,310100100001,Management and Development of the National Collections and Related Knowledge Resources (Including Participation to International Meetings and Conferences),Authorized Appropriations 2023,,,,,2023 DepEd - Adjusted Appro
07,Department of Education (DepEd),004,National Museum of the Philippines,3101,310100100002,"Restoration, Preservation, Protection and Development of Cultural Property",Authorized Appropriations 2023,,,,,2023 DepEd - Adjusted Appro
07,Department of Education (DepEd),004,National Museum of the Philippines,3101,310100200015,"Restoration of Malacanang sa Sugbo, Cebu City and Converrsion to National Museum Cebu",Authorized Appropriations 2023,,,,,2023 DepEd - Adjusted Appro
07,Department of Education (DepEd),004,National Museum of the Philippines,3101,310100200016,Development of the National Museum Complex in Manila - Phase 1 (to implement Republic Act No. 11333),Authorized Appropriations 2023,,,,,2023 DepEd - Adjusted Appro
07,Department of Education (DepEd),004,National Museum of the Philippines,3101,310100200017,"Nightly repair of the Church of Our Lady of Caysasay and associated structures, a declared national cultural treasure in Taal, Batangas",Authorized Appropriations 2023,,,,,2023 DepEd - Adjusted Appro
07,Department of Education (DepEd),004,National Museum of the Philippines,3101,310100200018,Continuation of Construction of National Museum Building in Davao City,Authorized Appropriations 2023,,,,,2023 DepEd - Adjusted Appro
07,Department of Education (DepEd),004,National Museum of the Philippines,3101,310100200019,Development of the National Museum Complex in Rizal Park - Manila Phase II,Authorized Appropriations 2023,,,,,2023 DepEd - Adjusted Appro
07,Department of Education (DepEd),004,National Museum of the Philippines,3101,310100200020,Development of Information Management Systems,Authorized Appropriations 2023,,,,,2023 DepEd - Adjusted Appro
07,Department of Education (DepEd),004,National Museum of the Philippines,3101,310100200021,"Restoration and Continued Repair of Our Lady of Caysasay Church and Associated Structures (National Cultural Treasure) in Taal, Batangas",Authorized Appropriations 2023,,,,,2023 DepEd - Adjusted Appro
07,Department of Education (DepEd),004,National Museum of the Philippines,3101,310100200022,"Restoration of the Old Municipal Hall and the Municipal Plaza (Important Cultural Properties) in Balilihan, Bohol",Authorized Appropriations 2023,,,,,2023 DepEd - Adjusted Appro
07,Department of Education (DepEd),004,National Museum of the Philippines,3101,310100200023,"Development of National Museum Complex, Manila, Phase 3",Authorized Appropriations 2023,,,,,2023 DepEd - Adjusted Appro
07,Department of Education (DepEd),004,National Museum of the Philippines,3101,310100200024,"Continued Restoration and Site Development of Our Lady of Caysasay Church and Associated Structures in Taal, Batangas, Phase 3",Authorized Appropriations 2023,,,,,2023 DepEd - Adjusted Appro
07,Department of Education (DepEd),004,National Museum of the Philippines,3101,310100200025,"Rehabilitation of Former United States Air Force (USAF) Hospital in Clark Freeport, Pampanga and Conversion to National Museum of the Philippines Central Luzon, Phase 1",Authorized Appropriations 2023,,,,,2023 DepEd - Adjusted Appro
07,Department of Education (DepEd),004,National Museum of the Philippines,3101,310100200026,"Construction of National Museum of the Philippines-Baler in Baler, Aurora",Authorized Appropriations 2023,,,,,2023 DepEd - Adjusted Appro
07,Department of Education (DepEd),004,National Museum of the Philippines,3101,310100200027,Exhibitions and Fit-Out of Various National Museum of the Philippines - Central and Regional Sites,Authorized Appropriations 2023,,,,,2023 DepEd - Adjusted Appro
07,Department of Education (DepEd),004,National Museum of the Philippines,3101,310100200028,"Rehabilitation of National Museum of the Philippines-Kabayan Burial Cave Site Museum and Satellite Office in Kabayan, Benguet",Authorized Appropriations 2023,,,,,2023 DepEd - Adjusted Appro
07,Department of Education (DepEd),004,National Museum of the Philippines,3101,310100200029,"Improvement of Rocha House in Sitio Ubos in Tagbilaran City, Bohol (Declared Important Cultural Property)",Authorized Appropriations 2023,,,,,2023 DepEd - Adjusted Appro
07,Department of Education (DepEd),004,National Museum of the Philippines,3101,310100200030,"Development of National Museum Complex, Manila, Phase IV",Authorized Appropriations 2023,,,,,2023 DepEd - Adjusted Appro
07,Department of Education (DepEd),004,National Museum of the Philippines,3101,310100200031,"Construction of National Museum of the Philippines-Baler in Baler, Aurora (Phase II)",Authorized Appropriations 2023,,,,,2023 DepEd - Adjusted Appro
07,Department of Education (DepEd),004,National Museum of the Philippines,3101,310100200032,"Continued Restoration and Site Development of Our Lady of Caysasay Church and Associated Structures in Taal, Batangas, Phase IV",Authorized Appropriations 2023,,,,,2023 DepEd - Adjusted Appro
07,Department of Education (DepEd),004,National Museum of the Philippines,3101,310100200033,"Repair and Preventive Conservation Maintenance of Casa Rocha (Important Cultural Property) in Tagbilaran City, Bohol",Authorized Appropriations 2023,,,,,2023 DepEd - Adjusted Appro
07,Department of Education (DepEd),004,National Museum of the Philippines,3101,310100200034,Restoration and Development of NMP Museums and Declared/Associated Heritage Sites in the Visayas,Authorized Appropriations 2023,,,,,2023 DepEd - Adjusted Appro
07,Department of Education (DepEd),004,National Museum of the Philippines,3101,310100200035,"Rehabilitation of Former United States Air Force (USAF) Hospital in Clark Freeport, Pampanga, and Conversion to National Museum of the Philippines Central Luzon, Phase II",Authorized Appropriations 2023,,,,,2023 DepEd - Adjusted Appro
07,Department of Education (DepEd),004,National Museum of the Philippines,3101,310100200036,"Completion of Restoration of Our Lady of Caysasay Church and Associated Structures in Taal, Batangas City",Authorized Appropriations 2023,,,,,2023 DepEd - Adjusted Appro
07,Department of Education (DepEd),004,National Museum of the Philippines,3101,310100200037,"Rehabilitation of National Museum of the Philippines Kabayan Burial Caves Site Museum and Satellite Office in Kabayan, Benguet, Phase II",Authorized Appropriations 2023,,,,,2023 DepEd - Adjusted Appro
07,Department of Education (DepEd),004,National Museum of the Philippines,3101,310100200038,Completion of the Development of the National Museum Complex in Manila,Authorized Appropriations 2023,,,,,2023 DepEd - Adjusted Appro
07,Department of Education (DepEd),004,National Museum of the Philippines,3101,310100200039,"Continuation of the Development of NMP-General Aniceto Lacson Ancestral House in Talisay City, Negros Occidental",Authorized Appropriations 2023,,,,,2023 DepEd - Adjusted Appro
07,Department of Education (DepEd),004,National Museum of the Philippines,3101,310100200040,Rehabilitation of the Sewerage System of the National Museum of Fine Arts (Old Legislative Building),Authorized Appropriations 2023,,,,,2023 DepEd - Adjusted Appro
07,Department of Education (DepEd),004,National Museum of the Philippines,3101,310100200041,"Development of NMP-Kalibo, Aklan (Phase 1)",Authorized Appropriations 2023,,,,,2023 DepEd - Adjusted Appro
07,Department of Education (DepEd),004,National Museum of the Philippines,3101,310100200042,"Development of NMP-Koronadal and Lake Sebu, South Cotabato (Phase 1)",Authorized Appropriations 2023,,,,,2023 DepEd - Adjusted Appro
07,Department of Education (DepEd),004,National Museum of the Philippines,3101,310100200043,"Repair and Restoration of Boljoon Church Complex, Boljoon, Cebu and Development of NMP-Boljoon, Cebu (Phase 1)",Authorized Appropriations 2023,,,,,2023 DepEd - Adjusted Appro
07,Department of Education (DepEd),004,National Museum of the Philippines,3101,310100200044,"Development of NMP-Paoay, Paoay, Ilocos Norte",Authorized Appropriations 2023,,,,,2023 DepEd - Adjusted Appro
07,Department of Education (DepEd),004,National Museum of the Philippines,3101,310100200045,"Development of NMP General Ancieto Lacson Ancestral House, Talisay City, Negros Occidental (Phase 2)",Authorized Appropriations 2023,,,,,2023 DepEd - Adjusted Appro
07,Department of Education (DepEd),004,National Museum of the Philippines,3101,310100200046,"Development of NMP Kalibo, Aklan (Phase 2)",Authorized Appropriations 2023,,,,,2023 DepEd - Adjusted Appro
07,Department of Education (DepEd),004,National Museum of the Philippines,3101,310100200047,"Development of NMP Koronadal and Lake Sebu, South Cotabato (Phase 2)",Authorized Appropriations 2023,,,,,2023 DepEd - Adjusted Appro
07,Department of Education (DepEd),004,National Museum of the Philippines,3101,310100200048,Exhibitions and Fit-out of Various National Museum of the Philippines - Central and Regional Sites - Northern Luzon National Museums,Authorized Appropriations 2023,,,,,2023 DepEd - Adjusted Appro
07,Department of Education (DepEd),005,Philippine High School for the Arts,1000,100000100001,General Management and Supervision,Authorized Appropriations 2023,,,,,2023 DepEd - Adjusted Appro
07,Department of Education (DepEd),005,Philippine High School for the Arts,1000,100000100002,Administration of Personnel Benefits,Authorized Appropriations 2023,,,,,2023 DepEd - Adjusted Appro
07,Department of Education (DepEd),005,Philippine High School for the Arts,3101,310100100001,"Operation of Philippine High School for the Arts Including Outreach, Screening, Student Exchange Program with Other Countries and Production Activities",Authorized Appropriations 2023,,,,,2023 DepEd - Adjusted Appro
07,Department of Education (DepEd),006,Early Childhood Care and Development Council,1000,100000100001,General Management and Supervision,Authorized Appropriations 2023,,,,,2023 DepEd - Adjusted Appro
07,Department of Education (DepEd),006,Early Childhood Care and Development Council,1000,100000100002,Administration of Personnel Benefits,Authorized Appropriations 2023,,,,,2023 DepEd - Adjusted Appro
07,Department of Education (DepEd),006,Early Childhood Care and Development Council,3101,310100100001,"Development of Policies, Standards and Guidelines",Authorized Appropriations 2023,,,,,2023 DepEd - Adjusted Appro
07,Department of Education (DepEd),006,Early Childhood Care and Development Council,3101,310100100002,Capacity-Building and Institutional Development of Intermediaries and Other Partners,Authorized Appropriations 2023,,,,,2023 DepEd - Adjusted Appro
07,Department of Education (DepEd),006,Early Childhood Care and Development Council,3101,310100100003,Accreditation of ECCD Service Providers,Authorized Appropriations 2023,,,,,2023 DepEd - Adjusted Appro
07,Department of Education (DepEd),006,Early Childhood Care and Development Council,3101,310100100004,Establishment of National Child Development Centers,Authorized Appropriations 2023,,,,,2023 DepEd - Adjusted Appro
07,Department of Education (DepEd),007,National Academy of Sports,1000,100000100001,General Management and Supervision,Authorized Appropriations 2023,,,,,2023 DepEd - Adjusted Appro
07,Department of Education (DepEd),007,National Academy of Sports,1000,100000100002,Administration of Personnel Benefits,Authorized Appropriations 2023,,,,,2023 DepEd - Adjusted Appro
07,Department of Education (DepEd),007,National Academy of Sports,3101,310100100001,"Promotion, Development, and Implementation of Quality and Enhanced Sports-Integrated Secondary Education Program",Authorized Appropriations 2023,,,,,2023 DepEd - Adjusted Appro
07,Department of Education (DepEd),008,Teacher Education Council,1000,100000100001,General Management and Supervision,Authorized Appropriations 2023,,,,,2023 DepEd - Adjusted Appro
07,Department of Education (DepEd),008,Teacher Education Council,3101,310100100001,Quality Teacher Education Services,Authorized Appropriations 2023,,,,,2023 DepEd - Adjusted Appro
07,Department of Education (DepEd),001,Office of the Secretary,1000,100000100001,General Administration and Support,Adjusted Total Allotments 2023,14251928210.05,9252537489.14,963817056.15,24468282755.34,2023 DepEd - Adjusted Total All
07,Department of Education (DepEd),001,Office of the Secretary,1000,100000100002,Administration of Personnel Benefits,Adjusted Total Allotments 2023,4375412436.73,0.0,0.0,4375412436.73,2023 DepEd - Adjusted Total All
07,Department of Education (DepEd),001,Office of the Secretary,2000,200000100001,Physical Fitness and School Sports,Adjusted Total Allotments 2023,10630607.4,525902741.09,0.0,536533348.53,2023 DepEd - Adjusted Total All
07,Department of Education (DepEd),001,Office of the Secretary,2000,200000100002,Development and Management of Bilateral and Multilateral Education Projects,Adjusted Total Allotments 2023,17277000.0,14795904.97,0.0,32072904.97,2023 DepEd - Adjusted Total All
07,Department of Education (DepEd),001,Office of the Secretary,2000,200000100003,Management and Administration of Learning Resources,Adjusted Total Allotments 2023,47251322.27,12175193.27,0.0,59426515.54,2023 DepEd - Adjusted Total All
07,Department of Education (DepEd),001,Office of the Secretary,2000,200000100004,Planning and Management Information Systems,Adjusted Total Allotments 2023,125550358.95,51947346.93,0.0,177497705.88,2023 DepEd - Adjusted Total All
07,Department of Education (DepEd),001,Office of the Secretary,2000,200000100005,Education Information and Communication Services,Adjusted Total Allotments 2023,21913000.0,4858323.57,0.0,26771323.57,2023 DepEd - Adjusted Total All
07,Department of Education (DepEd),001,Office of the Secretary,2000,200000100006,Learner Support Programs,Adjusted Total Allotments 2023,2322510939.18,235705567.97,0.0,2558216507.15,2023 DepEd - Adjusted Total All
07,Department of Education (DepEd),001,Office of the Secretary,2000,200000100007,Building Partnerships and Linkages Program,Adjusted Total Allotments 2023,10186581.51,146186678.33,0.0,156373259.84,2023 DepEd - Adjusted Total All
07,Department of Education (DepEd),001,Office of the Secretary,2000,200000100008,Legal Services and Development of Education-Related Laws and Rules,Adjusted Total Allotments 2023,23782742.98,33338816.1,0.0,57121559.08,2023 DepEd - Adjusted Total All
07,Department of Education (DepEd),001,Office of the Secretary,2000,200000100009,Child Protection Program,Adjusted Total Allotments 2023,0.0,60151404.7,0.0,60151404.7,2023 DepEd - Adjusted Total All
07,Department of Education (DepEd),001,Office of the Secretary,2000,200000100010,Disaster Preparedness and Response Program,Adjusted Total Allotments 2023,10359997.59,2161822384.62,0.0,2172182382.21,2023 DepEd - Adjusted Total All
07,Department of Education (DepEd),001,Office of the Secretary,2000,200000100011,Organizational and Professional Development for Non-Teaching Personnel,Adjusted Total Allotments 2023,175366971.87,154291297.31,0.0,329658269.18,2023 DepEd - Adjusted Total All
07,Department of Education (DepEd),001,Office of the Secretary,2000,200000100012,Operational Expenses of the DepEd Task Force on the 2022 National and Local Elections,Adjusted Total Allotments 2023,0.0,3831862.22,0.0,3831862.22,2023 DepEd - Adjusted Total All
07,Department of Education (DepEd),001,Office of the Secretary,2000,200000100013,Operational Expenses of the DepEd - Election Task Force,Adjusted Total Allotments 2023,,,,,2023 DepEd - Adjusted Total All
07,Department of Education (DepEd),001,Office of the Secretary,3101,310100100001,National Assessment Systems for Basic Education,Adjusted Total Allotments 2023,36362341.87,466572100.67,0.0,502934442.54,2023 DepEd - Adjusted Total All
07,Department of Education (DepEd),001,Office of the Secretary,3101,310100100002,Policy and Research Program,Adjusted Total Allotments 2023,2029050709.48,49249231.12,0.0,2078299940.6,2023 DepEd - Adjusted Total All
07,Department of Education (DepEd),001,Office of the Secretary,3101,310100100003,Basic Education Curriculum,Adjusted Total Allotments 2023,149463833.0,5100277883.05,0.0,5249741716.05,2023 DepEd - Adjusted Total All
07,Department of Education (DepEd),001,Office of the Secretary,3101,310100100004,"Curriculum Programs, Learning Management Models, Standards and Strategy Development",Adjusted Total Allotments 2023,6636626469.59,1555000.0,0.0,6638181469.59,2023 DepEd - Adjusted Total All
07,Department of Education (DepEd),001,Office of the Secretary,3101,310100100005,Development and Promotion of Campus Journalism,Adjusted Total Allotments 2023,0.0,47434042.94,0.0,47434042.94,2023 DepEd - Adjusted Total All
07,Department of Education (DepEd),001,Office of the Secretary,3101,310100100006,National Literacy Policies and Programs,Adjusted Total Allotments 2023,4686176.19,20210955.61,0.0,24897131.8,2023 DepEd - Adjusted Total All
07,Department of Education (DepEd),001,Office of the Secretary,3101,310100100007,Early Language Literacy and Numeracy,Adjusted Total Allotments 2023,0.0,84436963.9,0.0,84436963.9,2023 DepEd - Adjusted Total All
07,Department of Education (DepEd),001,Office of the Secretary,3102,310200100001,Improvement and Acquisition of School Sites,Adjusted Total Allotments 2023,0.0,119128664.0,130000000.0,249128664.05,2023 DepEd - Adjusted Total All
07,Department of Education (DepEd),001,Office of the Secretary,3102,310200100002,New School Personnel Positions,Adjusted Total Allotments 2023,22269026989.72,0.0,0.0,22269026989.72,2023 DepEd - Adjusted Total All
07,Department of Education (DepEd),001,Office of the Secretary,3102,310200100003,Learning Tools and Equipment,Adjusted Total Allotments 2023,0.0,4813758810.31,282517926.58,5096276736.89,2023 DepEd - Adjusted Total All
07,Department of Education (DepEd),001,Office of the Secretary,3102,310200100004,Textbooks and Other Instructional Materials,Adjusted Total Allotments 2023,0.0,1675063182.05,0.0,1675063182.05,2023 DepEd - Adjusted Total All
07,Department of Education (DepEd),001,Office of the Secretary,3102,310200100005,Computerization Program,Adjusted Total Allotments 2023,26685421.55,3242739560.37,17279510343.09,20548935325.01,2023 DepEd - Adjusted Total All
07,Department of Education (DepEd),001,Office of the Secretary,3102,310200100006,Basic Education Facilities,Adjusted Total Allotments 2023,0.0,2844334578.86,1212440440.48,4056775019.34,2023 DepEd - Adjusted Total All
07,Department of Education (DepEd),001,Office of the Secretary,3102,310200100007,Conservation and Restoration of Gabaldon and Other Heritage School Buildings,Adjusted Total Allotments 2023,0.0,0.0,392530171.85,392530171.85,2023 DepEd - Adjusted Total All
07,Department of Education (DepEd),001,Office of the Secretary,3102,310200100010,Quick Response Fund,Adjusted Total Allotments 2023,0.0,0.0,2304752121.94,2304752121.94,2023 DepEd - Adjusted Total All
07,Department of Education (DepEd),001,Office of the Secretary,3102,310200100011,Last Mile Schools Program,Adjusted Total Allotments 2023,0.0,0.0,1994151320.68,1994151320.68,2023 DepEd - Adjusted Total All
07,Department of Education (DepEd),001,Office of the Secretary,3102,310200100012,Public Schools Infrastructure Program (PSIP),Adjusted Total Allotments 2023,,,,,2023 DepEd - Adjusted Total All
07,Department of Education (DepEd),001,Office of the Secretary,3102,310200200001,Connectivity Enhancement Program for e-Learning in Public Schools,Adjusted Total Allotments 2023,,,,,2023 DepEd - Adjusted Total All
07,Department of Education (DepEd),001,Office of the Secretary,3102,310200300001,Infrastructure for Safer and Resilient Schools (ISRS) Project WB Loan No. 9704-PH,Adjusted Total Allotments 2023,,,,,2023 DepEd - Adjusted Total All
07,Department of Education (DepEd),001,Office of the Secretary,3103,310300100001,Multigrade Education,Adjusted Total Allotments 2023,0.0,29045302.23,0.0,29045302.23,2023 DepEd - Adjusted Total All
07,Department of Education (DepEd),001,Office of the Secretary,3103,310300100002,Indigenous Peoples Education (IPEd) Program,Adjusted Total Allotments 2023,0.0,169734779.62,0.0,169734779.62,2023 DepEd - Adjusted Total All
07,Department of Education (DepEd),001,Office of the Secretary,3103,310300100003,Flexible Learning Options (ADM/ALS/EiE),Adjusted Total Allotments 2023,0.0,6325513679.49,51913300.0,6377426979.49,2023 DepEd - Adjusted Total All
07,Department of Education (DepEd),001,Office of the Secretary,3103,310300100004,Madrasah Education Program,Adjusted Total Allotments 2023,0.0,464940235.4,0.0,464940235.4,2023 DepEd - Adjusted Total All
07,Department of Education (DepEd),001,Office of the Secretary,3103,310300100005,Special Needs Education Program,Adjusted Total Allotments 2023,0.0,570846792.24,129373173.44,700219965.68,2023 DepEd - Adjusted Total All
07,Department of Education (DepEd),001,Office of the Secretary,3104,310400100001,School-Based Feeding Program (SBFP),Adjusted Total Allotments 2023,0.0,5846573990.54,0.0,5846573990.54,2023 DepEd - Adjusted Total All
07,Department of Education (DepEd),001,Office of the Secretary,3104,310400100002,Operation of Schools - Elementary (Kinder to Grade 6),Adjusted Total Allotments 2023,292306914812.59,16067664153.15,0.0,308374578965.74,2023 DepEd - Adjusted Total All
07,Department of Education (DepEd),001,Office of the Secretary,3104,310400100003,Operation of Schools - Junior High School (Grade 7 to Grade 10),Adjusted Total Allotments 2023,162082682614.64,11391880980.06,102300.0,173474665894.69,2023 DepEd - Adjusted Total All
07,Department of Education (DepEd),001,Office of the Secretary,3104,310400100004,Operation of Schools - Senior High School (Grade 11 to Grade 12),Adjusted Total Allotments 2023,44592215108.15,0.0,4680179225.37,49272394333.52,2023 DepEd - Adjusted Total All
07,Department of Education (DepEd),001,Office of the Secretary,3104,310400100005,Government Assistance and Subsidies - Educational Service Contracting (ESC) Program for Private Junior High School (per RA No. 8545),Adjusted Total Allotments 2023,,,,,2023 DepEd - Adjusted Total All
07,Department of Education (DepEd),001,Office of the Secretary,3104,310400100006,Government Assistance and Subsidies - Voucher Program for Private Senior High School (per RA No. 10533),Adjusted Total Allotments 2023,,,,,2023 DepEd - Adjusted Total All
07,Department of Education (DepEd),001,Office of the Secretary,3104,310400100007,Government Assistance and Subsidies - Voucher Program for Non-DepEd Public High School (per RA No. 10533),Adjusted Total Allotments 2023,,,,,2023 DepEd - Adjusted Total All
07,Department of Education (DepEd),001,Office of the Secretary,3104,310400100008,Joint Delivery Voucher for Senior High School Technical Vocational and Livelihood Specializations,Adjusted Total Allotments 2023,0.0,1537421953.36,0.0,1537421953.36,2023 DepEd - Adjusted Total All
07,Department of Education (DepEd),001,Office of the Secretary,3104,310400100009,Operational Requirements of Sports Academy and Training Centers,Adjusted Total Allotments 2023,,,,,2023 DepEd - Adjusted Total All
07,Department of Education (DepEd),001,Office of the Secretary,3104,310400100010,"Implementation of the Grant of Cash Allowance, Hardship Pay, and Reclassification of Positions",Adjusted Total Allotments 2023,4780638230.63,5007712696.85,0.0,9788350927.48,2023 DepEd - Adjusted Total All
07,Department of Education (DepEd),001,Office of the Secretary,3104,310400100011,School Dental Health Care Program,Adjusted Total Allotments 2023,,,,,2023 DepEd - Adjusted Total All
07,Department of Education (DepEd),001,Office of the Secretary,3104,310400100013,World Teachers' Day Incentive Benefits,Adjusted Total Allotments 2023,898819064.24,0.0,0.0,898819064.24,2023 DepEd - Adjusted Total All
07,Department of Education (DepEd),001,Office of the Secretary,3104,310400100014,Establishment and Operational Requirement of the National Academy of Sports,Adjusted Total Allotments 2023,,,,,2023 DepEd - Adjusted Total All
07,Department of Education (DepEd),001,Office of the Secretary,3104,310400100015,Government Assistance and Subsidies - Educational Service Contracting (ESC) Program for Private Junior High School (per R.A. No. 8545),Adjusted Total Allotments 2023,0.0,13005686587.19,0.0,13005686587.19,2023 DepEd - Adjusted Total All
07,Department of Education (DepEd),001,Office of the Secretary,3104,310400100016,Government Assistance and Subsidies - Senior High School Voucher Program,Adjusted Total Allotments 2023,,,,,2023 DepEd - Adjusted Total All
07,Department of Education (DepEd),001,Office of the Secretary,3104,310400100017,Subsidies - Senior High School Voucher Program,Adjusted Total Allotments 2023,0.0,39327396830.5,0.0,39327396830.5,2023 DepEd - Adjusted Total All
07,Department of Education (DepEd),001,Office of the Secretary,3104,310400100018,"Government Assistance and Subsidies - Training and Upgrading Knowledge for Learners, Teachers, and Achievers in Schools (GAS-TUKLAS)",Adjusted Total Allotments 2023,,,,,2023 DepEd - Adjusted Total All
07,Department of Education (DepEd),001,Office of the Secretary,3104,310400100019,School Innovation and Improvement Fund (SIIF) to all DepEd Public Schools,Adjusted Total Allotments 2023,,,,,2023 DepEd - Adjusted Total All
07,Department of Education (DepEd),001,Office of the Secretary,3105,310500100001,Human Resource Development for Personnel in Schools and Learning Centers,Adjusted Total Allotments 2023,36126293.17,2262710663.43,14849607.53,2313686564.13,2023 DepEd - Adjusted Total All
07,Department of Education (DepEd),001,Office of the Secretary,3105,310500100002,Teacher Quality and Development Program,Adjusted Total Allotments 2023,4108155.67,96897113.3,0.0,101005268.97,2023 DepEd - Adjusted Total All
07,Department of Education (DepEd),001,Office of the Secretary,3105,310500300001,Teacher Effectiveness and Competencies Enhancement Project (TEACEP) WB Loan No. 9481-PH,Adjusted Total Allotments 2023,,,,,2023 DepEd - Adjusted Total All
07,Department of Education (DepEd),002,National Book Development Board,1000,100000100001,General Management and Supervision,Adjusted Total Allotments 2023,,,,,2023 DepEd - Adjusted Total All
07,Department of Education (DepEd),002,National Book Development Board,1000,100000100002,Administration of Personnel Benefits,Adjusted Total Allotments 2023,,,,,2023 DepEd - Adjusted Total All
07,Department of Education (DepEd),002,National Book Development Board,3101,310100100001,Capacity Building and Trade Promotion Incentives,Adjusted Total Allotments 2023,,,,,2023 DepEd - Adjusted Total All
07,Department of Education (DepEd),002,National Book Development Board,3101,310100100002,"Administration of Awards, Grants, and Incentives",Adjusted Total Allotments 2023,,,,,2023 DepEd - Adjusted Total All
07,Department of Education (DepEd),002,National Book Development Board,3101,310100100003,"Policy Development, Research, Information System Management, and Information Campaign",Adjusted Total Allotments 2023,,,,,2023 DepEd - Adjusted Total All
07,Department of Education (DepEd),003,National Council for Children's Television,1000,100000100001,General Management and Supervision,Adjusted Total Allotments 2023,,,,,2023 DepEd - Adjusted Total All
07,Department of Education (DepEd),003,National Council for Children's Television,3101,310100100001,Child-Friendly Television Development Services,Adjusted Total Allotments 2023,,,,,2023 DepEd - Adjusted Total All
07,Department of Education (DepEd),004,National Museum of the Philippines,1000,100000100001,General Management and Supervision,Adjusted Total Allotments 2023,,,,,2023 DepEd - Adjusted Total All
07,Department of Education (DepEd),004,National Museum of the Philippines,1000,100000100002,Administration of Personnel Benefits,Adjusted Total Allotments 2023,,,,,2023 DepEd - Adjusted Total All
07,Department of Education (DepEd),004,National Museum of the Philippines,2000,200000100001,Project Monitoring and Evaluation Services,Adjusted Total Allotments 2023,,,,,2023 DepEd - Adjusted Total All
07,Department of Education (DepEd),004,National Museum of the Philippines,3101,310100100001,Management and Development of the National Collections and Related Knowledge Resources (Including Participation to International Meetings and Conferences),Adjusted Total Allotments 2023,,,,,2023 DepEd - Adjusted Total All
07,Department of Education (DepEd),004,National Museum of the Philippines,3101,310100100002,"Restoration, Preservation, Protection and Development of Cultural Property",Adjusted Total Allotments 2023,,,,,2023 DepEd - Adjusted Total All
07,Department of Education (DepEd),004,National Museum of the Philippines,3101,310100200015,"Restoration of Malacanang sa Sugbo, Cebu City and Converrsion to National Museum Cebu",Adjusted Total Allotments 2023,,,,,2023 DepEd - Adjusted Total All
07,Department of Education (DepEd),004,National Museum of the Philippines,3101,310100200016,Development of the National Museum Complex in Manila - Phase 1 (to implement Republic Act No. 11333),Adjusted Total Allotments 2023,,,,,2023 DepEd - Adjusted Total All
07,Department of Education (DepEd),004,National Museum of the Philippines,3101,310100200017,"Nightly repair of the Church of Our Lady of Caysasay and associated structures, a declared national cultural treasure in Taal, Batangas",Adjusted Total Allotments 2023,,,,,2023 DepEd - Adjusted Total All
07,Department of Education (DepEd),004,National Museum of the Philippines,3101,310100200018,Continuation of Construction of National Museum Building in Davao City,Adjusted Total Allotments 2023,,,,,2023 DepEd - Adjusted Total All
07,Department of Education (DepEd),004,National Museum of the Philippines,3101,310100200019,Development of the National Museum Complex in Rizal Park - Manila Phase II,Adjusted Total Allotments 2023,,,,,2023 DepEd - Adjusted Total All
07,Department of Education (DepEd),004,National Museum of the Philippines,3101,310100200020,Development of Information Management Systems,Adjusted Total Allotments 2023,,,,,2023 DepEd - Adjusted Total All
07,Department of Education (DepEd),004,National Museum of the Philippines,3101,310100200021,"Restoration and Continued Repair of Our Lady of Caysasay Church and Associated Structures (National Cultural Treasure) in Taal, Batangas",Adjusted Total Allotments 2023,,,,,2023 DepEd - Adjusted Total All
07,Department of Education (DepEd),004,National Museum of the Philippines,3101,310100200022,"Restoration of the Old Municipal Hall and the Municipal Plaza (Important Cultural Properties) in Balilihan, Bohol",Adjusted Total Allotments 2023,,,,,2023 DepEd - Adjusted Total All
07,Department of Education (DepEd),004,National Museum of the Philippines,3101,310100200023,"Development of National Museum Complex, Manila, Phase 3",Adjusted Total Allotments 2023,,,,,2023 DepEd - Adjusted Total All
07,Department of Education (DepEd),004,National Museum of the Philippines,3101,310100200024,"Continued Restoration and Site Development of Our Lady of Caysasay Church and Associated Structures in Taal, Batangas, Phase 3",Adjusted Total Allotments 2023,,,,,2023 DepEd - Adjusted Total All
07,Department of Education (DepEd),004,National Museum of the Philippines,3101,310100200025,"Rehabilitation of Former United States Air Force (USAF) Hospital in Clark Freeport, Pampanga and Conversion to National Museum of the Philippines Central Luzon, Phase 1",Adjusted Total Allotments 2023,,,,,2023 DepEd - Adjusted Total All
07,Department of Education (DepEd),004,National Museum of the Philippines,3101,310100200026,"Construction of National Museum of the Philippines-Baler in Baler, Aurora",Adjusted Total Allotments 2023,,,,,2023 DepEd - Adjusted Total All
07,Department of Education (DepEd),004,National Museum of the Philippines,3101,310100200027,Exhibitions and Fit-Out of Various National Museum of the Philippines - Central and Regional Sites,Adjusted Total Allotments 2023,,,,,2023 DepEd - Adjusted Total All
07,Department of Education (DepEd),004,National Museum of the Philippines,3101,310100200028,"Rehabilitation of National Museum of the Philippines-Kabayan Burial Cave Site Museum and Satellite Office in Kabayan, Benguet",Adjusted Total Allotments 2023,,,,,2023 DepEd - Adjusted Total All
07,Department of Education (DepEd),004,National Museum of the Philippines,3101,310100200029,"Improvement of Rocha House in Sitio Ubos in Tagbilaran City, Bohol (Declared Important Cultural Property)",Adjusted Total Allotments 2023,,,,,2023 DepEd - Adjusted Total All
07,Department of Education (DepEd),004,National Museum of the Philippines,3101,310100200030,"Development of National Museum Complex, Manila, Phase IV",Adjusted Total Allotments 2023,,,,,2023 DepEd - Adjusted Total All
07,Department of Education (DepEd),004,National Museum of the Philippines,3101,310100200031,"Construction of National Museum of the Philippines-Baler in Baler, Aurora (Phase II)",Adjusted Total Allotments 2023,,,,,2023 DepEd - Adjusted Total All
07,Department of Education (DepEd),004,National Museum of the Philippines,3101,310100200032,"Continued Restoration and Site Development of Our Lady of Caysasay Church and Associated Structures in Taal, Batangas, Phase IV",Adjusted Total Allotments 2023,,,,,2023 DepEd - Adjusted Total All
07,Department of Education (DepEd),004,National Museum of the Philippines,3101,310100200033,"Repair and Preventive Conservation Maintenance of Casa Rocha (Important Cultural Property) in Tagbilaran City, Bohol",Adjusted Total Allotments 2023,,,,,2023 DepEd - Adjusted Total All
07,Department of Education (DepEd),004,National Museum of the Philippines,3101,310100200034,Restoration and Development of NMP Museums and Declared/Associated Heritage Sites in the Visayas,Adjusted Total Allotments 2023,,,,,2023 DepEd - Adjusted Total All
07,Department of Education (DepEd),004,National Museum of the Philippines,3101,310100200035,"Rehabilitation of Former United States Air Force (USAF) Hospital in Clark Freeport, Pampanga, and Conversion to National Museum of the Philippines Central Luzon, Phase II",Adjusted Total Allotments 2023,,,,,2023 DepEd - Adjusted Total All
07,Department of Education (DepEd),004,National Museum of the Philippines,3101,310100200036,"Completion of Restoration of Our Lady of Caysasay Church and Associated Structures in Taal, Batangas City",Adjusted Total Allotments 2023,,,,,2023 DepEd - Adjusted Total All
07,Department of Education (DepEd),004,National Museum of the Philippines,3101,310100200037,"Rehabilitation of National Museum of the Philippines Kabayan Burial Caves Site Museum and Satellite Office in Kabayan, Benguet, Phase II",Adjusted Total Allotments 2023,,,,,2023 DepEd - Adjusted Total All
07,Department of Education (DepEd),004,National Museum of the Philippines,3101,310100200038,Completion of the Development of the National Museum Complex in Manila,Adjusted Total Allotments 2023,,,,,2023 DepEd - Adjusted Total All
07,Department of Education (DepEd),004,National Museum of the Philippines,3101,310100200039,"Continuation of the Development of NMP-General Aniceto Lacson Ancestral House in Talisay City, Negros Occidental",Adjusted Total Allotments 2023,,,,,2023 DepEd - Adjusted Total All
07,Department of Education (DepEd),004,National Museum of the Philippines,3101,310100200040,Rehabilitation of the Sewerage System of the National Museum of Fine Arts (Old Legislative Building),Adjusted Total Allotments 2023,,,,,2023 DepEd - Adjusted Total All
07,Department of Education (DepEd),004,National Museum of the Philippines,3101,310100200041,"Development of NMP-Kalibo, Aklan (Phase 1)",Adjusted Total Allotments 2023,,,,,2023 DepEd - Adjusted Total All
07,Department of Education (DepEd),004,National Museum of the Philippines,3101,310100200042,"Development of NMP-Koronadal and Lake Sebu, South Cotabato (Phase 1)",Adjusted Total Allotments 2023,,,,,2023 DepEd - Adjusted Total All
07,Department of Education (DepEd),004,National Museum of the Philippines,3101,310100200043,"Repair and Restoration of Boljoon Church Complex, Boljoon, Cebu and Development of NMP-Boljoon, Cebu (Phase 1)",Adjusted Total Allotments 2023,,,,,2023 DepEd - Adjusted Total All
07,Department of Education (DepEd),004,National Museum of the Philippines,3101,310100200044,"Development of NMP-Paoay, Paoay, Ilocos Norte",Adjusted Total Allotments 2023,,,,,2023 DepEd - Adjusted Total All
07,Department of Education (DepEd),004,National Museum of the Philippines,3101,310100200045,"Development of NMP General Ancieto Lacson Ancestral House, Talisay City, Negros Occidental (Phase 2)",Adjusted Total Allotments 2023,,,,,2023 DepEd - Adjusted Total All
07,Department of Education (DepEd),004,National Museum of the Philippines,3101,310100200046,"Development of NMP Kalibo, Aklan (Phase 2)",Adjusted Total Allotments 2023,,,,,2023 DepEd - Adjusted Total All
07,Department of Education (DepEd),004,National Museum of the Philippines,3101,310100200047,"Development of NMP Koronadal and Lake Sebu, South Cotabato (Phase 2)",Adjusted Total Allotments 2023,,,,,2023 DepEd - Adjusted Total All
07,Department of Education (DepEd),004,National Museum of the Philippines,3101,310100200048,Exhibitions and Fit-out of Various National Museum of the Philippines - Central and Regional Sites - Northern Luzon National Museums,Adjusted Total Allotments 2023,,,,,2023 DepEd - Adjusted Total All
07,Department of Education (DepEd),005,Philippine High School for the Arts,1000,100000100001,General Management and Supervision,Adjusted Total Allotments 2023,,,,,2023 DepEd - Adjusted Total All
07,Department of Education (DepEd),005,Philippine High School for the Arts,1000,100000100002,Administration of Personnel Benefits,Adjusted Total Allotments 2023,,,,,2023 DepEd - Adjusted Total All
07,Department of Education (DepEd),005,Philippine High School for the Arts,3101,310100100001,"Operation of Philippine High School for the Arts Including Outreach, Screening, Student Exchange Program with Other Countries and Production Activities",Adjusted Total Allotments 2023,,,,,2023 DepEd - Adjusted Total All
07,Department of Education (DepEd),006,Early Childhood Care and Development Council,1000,100000100001,General Management and Supervision,Adjusted Total Allotments 2023,,,,,2023 DepEd - Adjusted Total All
07,Department of Education (DepEd),006,Early Childhood Care and Development Council,1000,100000100002,Administration of Personnel Benefits,Adjusted Total Allotments 2023,,,,,2023 DepEd - Adjusted Total All
07,Department of Education (DepEd),006,Early Childhood Care and Development Council,3101,310100100001,"Development of Policies, Standards and Guidelines",Adjusted Total Allotments 2023,,,,,2023 DepEd - Adjusted Total All
07,Department of Education (DepEd),006,Early Childhood Care and Development Council,3101,310100100002,Capacity-Building and Institutional Development of Intermediaries and Other Partners,Adjusted Total Allotments 2023,,,,,2023 DepEd - Adjusted Total All
07,Department of Education (DepEd),006,Early Childhood Care and Development Council,3101,310100100003,Accreditation of ECCD Service Providers,Adjusted Total Allotments 2023,,,,,2023 DepEd - Adjusted Total All
07,Department of Education (DepEd),006,Early Childhood Care and Development Council,3101,310100100004,Establishment of National Child Development Centers,Adjusted Total Allotments 2023,,,,,2023 DepEd - Adjusted Total All
07,Department of Education (DepEd),007,National Academy of Sports,1000,100000100001,General Management and Supervision,Adjusted Total Allotments 2023,,,,,2023 DepEd - Adjusted Total All
07,Department of Education (DepEd),007,National Academy of Sports,1000,100000100002,Administration of Personnel Benefits,Adjusted Total Allotments 2023,,,,,2023 DepEd - Adjusted Total All
07,Department of Education (DepEd),007,National Academy of Sports,3101,310100100001,"Promotion, Development, and Implementation of Quality and Enhanced Sports-Integrated Secondary Education Program",Adjusted Total Allotments 2023,,,,,2023 DepEd - Adjusted Total All
07,Department of Education (DepEd),008,Teacher Education Council,1000,100000100001,General Management and Supervision,Adjusted Total Allotments 2023,,,,,2023 DepEd - Adjusted Total All
07,Department of Education (DepEd),008,Teacher Education Council,3101,310100100001,Quality Teacher Education Services,Adjusted Total Allotments 2023,,,,,2023 DepEd - Adjusted Total All
07,Department of Education (DepEd),001,Office of the Secretary,1000,100000100001,General Administration and Support,Obligations 2023,13884182946.92,6634885271.94,515747647.29,21034815866.15,2023 DepEd - Obligations
07,Department of Education (DepEd),001,Office of the Secretary,1000,100000100002,Administration of Personnel Benefits,Obligations 2023,4327476041.39,0.0,0.0,4327476041.39,2023 DepEd - Obligations
07,Department of Education (DepEd),001,Office of the Secretary,2000,200000100001,Physical Fitness and School Sports,Obligations 2023,10630607.44,326050606.25,0.0,336681213.69,2023 DepEd - Obligations
07,Department of Education (DepEd),001,Office of the Secretary,2000,200000100002,Development and Management of Bilateral and Multilateral Education Projects,Obligations 2023,16463034.1,10348379.81,0.0,26811413.91,2023 DepEd - Obligations
07,Department of Education (DepEd),001,Office of the Secretary,2000,200000100003,Management and Administration of Learning Resources,Obligations 2023,47177801.83,7714932.96,0.0,54892734.79,2023 DepEd - Obligations
07,Department of Education (DepEd),001,Office of the Secretary,2000,200000100004,Planning and Management Information Systems,Obligations 2023,123817653.06,27131805.97,0.0,150949459.03,2023 DepEd - Obligations
07,Department of Education (DepEd),001,Office of the Secretary,2000,200000100005,Education Information and Communication Services,Obligations 2023,20802334.56,3504967.77,0.0,24307302.33,2023 DepEd - Obligations
07,Department of Education (DepEd),001,Office of the Secretary,2000,200000100006,Learner Support Programs,Obligations 2023,2291516318.06,77176451.67,0.0,2368692769.73,2023 DepEd - Obligations
07,Department of Education (DepEd),001,Office of the Secretary,2000,200000100007,Building Partnerships and Linkages Program,Obligations 2023,10177581.51,77709016.44,0.0,87886597.95,2023 DepEd - Obligations
07,Department of Education (DepEd),001,Office of the Secretary,2000,200000100008,Legal Services and Development of Education-Related Laws and Rules,Obligations 2023,23764742.98,12549992.14,0.0,36314735.12,2023 DepEd - Obligations
07,Department of Education (DepEd),001,Office of the Secretary,2000,200000100009,Child Protection Program,Obligations 2023,0.0,35206829.92,0.0,35206829.92,2023 DepEd - Obligations
07,Department of Education (DepEd),001,Office of the Secretary,2000,200000100010,Disaster Preparedness and Response Program,Obligations 2023,10355497.59,585235325.67,0.0,595590823.26,2023 DepEd - Obligations
07,Department of Education (DepEd),001,Office of the Secretary,2000,200000100011,Organizational and Professional Development for Non-Teaching Personnel,Obligations 2023,173545306.77,79779642.33,0.0,253324949.1,2023 DepEd - Obligations
07,Department of Education (DepEd),001,Office of the Secretary,2000,200000100012,Operational Expenses of the DepEd Task Force on the 2022 National and Local Elections,Obligations 2023,0.0,820027.73,0.0,820027.73,2023 DepEd - Obligations
07,Department of Education (DepEd),001,Office of the Secretary,2000,200000100013,Operational Expenses of the DepEd - Election Task Force,Obligations 2023,,,,,2023 DepEd - Obligations
07,Department of Education (DepEd),001,Office of the Secretary,3101,310100100001,National Assessment Systems for Basic Education,Obligations 2023,36336341.87,98664766.51,0.0,135001108.38,2023 DepEd - Obligations
07,Department of Education (DepEd),001,Office of the Secretary,3101,310100100002,Policy and Research Program,Obligations 2023,2011621227.0,34458949.45,0.0,2046080176.45,2023 DepEd - Obligations
07,Department of Education (DepEd),001,Office of the Secretary,3101,310100100003,Basic Education Curriculum,Obligations 2023,149393833.0,1401624607.92,0.0,1551018440.92,2023 DepEd - Obligations
07,Department of Education (DepEd),001,Office of the Secretary,3101,310100100004,"Curriculum Programs, Learning Management Models, Standards and Strategy Development",Obligations 2023,6592318276.89,0.0,0.0,6592318276.89,2023 DepEd - Obligations
07,Department of Education (DepEd),001,Office of the Secretary,3101,310100100005,Development and Promotion of Campus Journalism,Obligations 2023,0.0,40083438.13,0.0,40083438.13,2023 DepEd - Obligations
07,Department of Education (DepEd),001,Office of the Secretary,3101,310100100006,National Literacy Policies and Programs,Obligations 2023,4668299.15,11406973.62,0.0,16075272.77,2023 DepEd - Obligations
07,Department of Education (DepEd),001,Office of the Secretary,3101,310100100007,Early Language Literacy and Numeracy,Obligations 2023,0.0,48311421.42,0.0,48311421.42,2023 DepEd - Obligations
07,Department of Education (DepEd),001,Office of the Secretary,3102,310200100001,Improvement and Acquisition of School Sites,Obligations 2023,0.0,27669545.42,0.0,27669545.42,2023 DepEd - Obligations
07,Department of Education (DepEd),001,Office of the Secretary,3102,310200100002,New School Personnel Positions,Obligations 2023,21842872246.44,0.0,0.0,21842872246.44,2023 DepEd - Obligations
07,Department of Education (DepEd),001,Office of the Secretary,3102,310200100003,Learning Tools and Equipment,Obligations 2023,0.0,2539005833.29,14077276.7,2553083109.99,2023 DepEd - Obligations
07,Department of Education (DepEd),001,Office of the Secretary,3102,310200100004,Textbooks and Other Instructional Materials,Obligations 2023,0.0,808286673.07,0.0,808286673.07,2023 DepEd - Obligations
07,Department of Education (DepEd),001,Office of the Secretary,3102,310200100005,Computerization Program,Obligations 2023,26643871.08,2382818820.82,7879659791.12,10289122483.02,2023 DepEd - Obligations
07,Department of Education (DepEd),001,Office of the Secretary,3102,310200100006,Basic Education Facilities,Obligations 2023,0.0,938074882.8,766380560.61,1704455443.41,2023 DepEd - Obligations
07,Department of Education (DepEd),001,Office of the Secretary,3102,310200100007,Conservation and Restoration of Gabaldon and Other Heritage School Buildings,Obligations 2023,0.0,0.0,215685322.3,215685322.3,2023 DepEd - Obligations
07,Department of Education (DepEd),001,Office of the Secretary,3102,310200100010,Quick Response Fund,Obligations 2023,0.0,0.0,1755787082.69,1755787082.69,2023 DepEd - Obligations
07,Department of Education (DepEd),001,Office of the Secretary,3102,310200100011,Last Mile Schools Program,Obligations 2023,0.0,0.0,1723820474.81,1723820474.81,2023 DepEd - Obligations
07,Department of Education (DepEd),001,Office of the Secretary,3102,310200100012,Public Schools Infrastructure Program (PSIP),Obligations 2023,,,,,2023 DepEd - Obligations
07,Department of Education (DepEd),001,Office of the Secretary,3102,310200200001,Connectivity Enhancement Program for e-Learning in Public Schools,Obligations 2023,,,,,2023 DepEd - Obligations
07,Department of Education (DepEd),001,Office of the Secretary,3102,310200300001,Infrastructure for Safer and Resilient Schools (ISRS) Project WB Loan No. 9704-PH,Obligations 2023,,,,,2023 DepEd - Obligations
07,Department of Education (DepEd),001,Office of the Secretary,3103,310300100001,Multigrade Education,Obligations 2023,0.0,23552189.4,0.0,23552189.4,2023 DepEd - Obligations
07,Department of Education (DepEd),001,Office of the Secretary,3103,310300100002,Indigenous Peoples Education (IPEd) Program,Obligations 2023,0.0,53167427.13,0.0,53167427.13,2023 DepEd - Obligations
07,Department of Education (DepEd),001,Office of the Secretary,3103,310300100003,Flexible Learning Options (ADM/ALS/EiE),Obligations 2023,0.0,4548841516.13,0.0,4548841516.13,2023 DepEd - Obligations
07,Department of Education (DepEd),001,Office of the Secretary,3103,310300100004,Madrasah Education Program,Obligations 2023,0.0,371863843.58,0.0,371863843.58,2023 DepEd - Obligations
07,Department of Education (DepEd),001,Office of the Secretary,3103,310300100005,Special Needs Education Program,Obligations 2023,0.0,390277619.68,109217783.37,499495403.05,2023 DepEd - Obligations
07,Department of Education (DepEd),001,Office of the Secretary,3104,310400100001,School-Based Feeding Program (SBFP),Obligations 2023,0.0,3813649793.75,0.0,3813649793.75,2023 DepEd - Obligations
07,Department of Education (DepEd),001,Office of the Secretary,3104,310400100002,Operation of Schools - Elementary (Kinder to Grade 6),Obligations 2023,291978135983.38,15687025158.8,0.0,307665161142.18,2023 DepEd - Obligations
07,Department of Education (DepEd),001,Office of the Secretary,3104,310400100003,Operation of Schools - Junior High School (Grade 7 to Grade 10),Obligations 2023,161558924408.65,10892573249.5,96076.0,172451593734.15,2023 DepEd - Obligations
07,Department of Education (DepEd),001,Office of the Secretary,3104,310400100004,Operation of Schools - Senior High School (Grade 11 to Grade 12),Obligations 2023,44476601173.95,4336393623.21,0.0,48812994797.15,2023 DepEd - Obligations
07,Department of Education (DepEd),001,Office of the Secretary,3104,310400100005,Government Assistance and Subsidies - Educational Service Contracting (ESC) Program for Private Junior High School (per RA No. 8545),Obligations 2023,,,,,2023 DepEd - Obligations
07,Department of Education (DepEd),001,Office of the Secretary,3104,310400100006,Government Assistance and Subsidies - Voucher Program for Private Senior High School (per RA No. 10533),Obligations 2023,,,,,2023 DepEd - Obligations
07,Department of Education (DepEd),001,Office of the Secretary,3104,310400100007,Government Assistance and Subsidies - Voucher Program for Non-DepEd Public High School (per RA No. 10533),Obligations 2023,,,,,2023 DepEd - Obligations
07,Department of Education (DepEd),001,Office of the Secretary,3104,310400100008,Joint Delivery Voucher for Senior High School Technical Vocational and Livelihood Specializations,Obligations 2023,0.0,1530025693.26,0.0,1530025693.26,2023 DepEd - Obligations
07,Department of Education (DepEd),001,Office of the Secretary,3104,310400100009,Operational Requirements of Sports Academy and Training Centers,Obligations 2023,,,,,2023 DepEd - Obligations
07,Department of Education (DepEd),001,Office of the Secretary,3104,310400100010,"Implementation of the Grant of Cash Allowance, Hardship Pay, and Reclassification of Positions",Obligations 2023,4610911198.89,4301665965.99,0.0,8912577164.88,2023 DepEd - Obligations
07,Department of Education (DepEd),001,Office of the Secretary,3104,310400100011,School Dental Health Care Program,Obligations 2023,,,,,2023 DepEd - Obligations
07,Department of Education (DepEd),001,Office of the Secretary,3104,310400100013,World Teachers' Day Incentive Benefits,Obligations 2023,886899000.0,0.0,0.0,886899000.0,2023 DepEd - Obligations
07,Department of Education (DepEd),001,Office of the Secretary,3104,310400100014,Establishment and Operational Requirement of the National Academy of Sports,Obligations 2023,,,,,2023 DepEd - Obligations
07,Department of Education (DepEd),001,Office of the Secretary,3104,310400100015,Government Assistance and Subsidies - Educational Service Contracting (ESC) Program for Private Junior High School (per R.A. No. 8545),Obligations 2023,0.0,11469800173.97,0.0,11469800173.97,2023 DepEd - Obligations
07,Department of Education (DepEd),001,Office of the Secretary,3104,310400100016,Government Assistance and Subsidies - Senior High School Voucher Program,Obligations 2023,,,,,2023 DepEd - Obligations
07,Department of Education (DepEd),001,Office of the Secretary,3104,310400100017,Subsidies - Senior High School Voucher Program,Obligations 2023,0.0,39327322015.14,0.0,39327322015.14,2023 DepEd - Obligations
07,Department of Education (DepEd),001,Office of the Secretary,3104,310400100018,"Government Assistance and Subsidies - Training and Upgrading Knowledge for Learners, Teachers, and Achievers in Schools (GAS-TUKLAS)",Obligations 2023,,,,,2023 DepEd - Obligations
07,Department of Education (DepEd),001,Office of the Secretary,3104,310400100019,School Innovation and Improvement Fund (SIIF) to all DepEd Public Schools,Obligations 2023,,,,,2023 DepEd - Obligations
07,Department of Education (DepEd),001,Office of the Secretary,3105,310500100001,Human Resource Development for Personnel in Schools and Learning Centers,Obligations 2023,36076381.13,1219512166.67,14793882.54,1270382430.34,2023 DepEd - Obligations
07,Department of Education (DepEd),001,Office of the Secretary,3105,310500100002,Teacher Quality and Development Program,Obligations 2023,4108155.67,4241001.79,0.0,8349157.46,2023 DepEd - Obligations
07,Department of Education (DepEd),001,Office of the Secretary,3105,310500300001,Teacher Effectiveness and Competencies Enhancement Project (TEACEP) WB Loan No. 9481-PH,Obligations 2023,,,,,2023 DepEd - Obligations
07,Department of Education (DepEd),002,National Book Development Board,1000,100000100001,General Management and Supervision,Obligations 2023,,,,,2023 DepEd - Obligations
07,Department of Education (DepEd),002,National Book Development Board,1000,100000100002,Administration of Personnel Benefits,Obligations 2023,,,,,2023 DepEd - Obligations
07,Department of Education (DepEd),002,National Book Development Board,3101,310100100001,Capacity Building and Trade Promotion Incentives,Obligations 2023,,,,,2023 DepEd - Obligations
07,Department of Education (DepEd),002,National Book Development Board,3101,310100100002,"Administration of Awards, Grants, and Incentives",Obligations 2023,,,,,2023 DepEd - Obligations
07,Department of Education (DepEd),002,National Book Development Board,3101,310100100003,"Policy Development, Research, Information System Management, and Information Campaign",Obligations 2023,,,,,2023 DepEd - Obligations
07,Department of Education (DepEd),003,National Council for Children's Television,1000,100000100001,General Management and Supervision,Obligations 2023,,,,,2023 DepEd - Obligations
07,Department of Education (DepEd),003,National Council for Children's Television,3101,310100100001,Child-Friendly Television Development Services,Obligations 2023,,,,,2023 DepEd - Obligations
07,Department of Education (DepEd),004,National Museum of the Philippines,1000,100000100001,General Management and Supervision,Obligations 2023,,,,,2023 DepEd - Obligations
07,Department of Education (DepEd),004,National Museum of the Philippines,1000,100000100002,Administration of Personnel Benefits,Obligations 2023,,,,,2023 DepEd - Obligations
07,Department of Education (DepEd),004,National Museum of the Philippines,2000,200000100001,Project Monitoring and Evaluation Services,Obligations 2023,,,,,2023 DepEd - Obligations
07,Department of Education (DepEd),004,National Museum of the Philippines,3101,310100100001,Management and Development of the National Collections and Related Knowledge Resources (Including Participation to International Meetings and Conferences),Obligations 2023,,,,,2023 DepEd - Obligations
07,Department of Education (DepEd),004,National Museum of the Philippines,3101,310100100002,"Restoration, Preservation, Protection and Development of Cultural Property",Obligations 2023,,,,,2023 DepEd - Obligations
07,Department of Education (DepEd),004,National Museum of the Philippines,3101,310100200015,"Restoration of Malacanang sa Sugbo, Cebu City and Converrsion to National Museum Cebu",Obligations 2023,,,,,2023 DepEd - Obligations
07,Department of Education (DepEd),004,National Museum of the Philippines,3101,310100200016,Development of the National Museum Complex in Manila - Phase 1 (to implement Republic Act No. 11333),Obligations 2023,,,,,2023 DepEd - Obligations
07,Department of Education (DepEd),004,National Museum of the Philippines,3101,310100200017,"Nightly repair of the Church of Our Lady of Caysasay and associated structures, a declared national cultural treasure in Taal, Batangas",Obligations 2023,,,,,2023 DepEd - Obligations
07,Department of Education (DepEd),004,National Museum of the Philippines,3101,310100200018,Continuation of Construction of National Museum Building in Davao City,Obligations 2023,,,,,2023 DepEd - Obligations
07,Department of Education (DepEd),004,National Museum of the Philippines,3101,310100200019,Development of the National Museum Complex in Rizal Park - Manila Phase II,Obligations 2023,,,,,2023 DepEd - Obligations
07,Department of Education (DepEd),004,National Museum of the Philippines,3101,310100200020,Development of Information Management Systems,Obligations 2023,,,,,2023 DepEd - Obligations
07,Department of Education (DepEd),004,National Museum of the Philippines,3101,310100200021,"Restoration and Continued Repair of Our Lady of Caysasay Church and Associated Structures (National Cultural Treasure) in Taal, Batangas",Obligations 2023,,,,,2023 DepEd - Obligations
07,Department of Education (DepEd),004,National Museum of the Philippines,3101,310100200022,"Restoration of the Old Municipal Hall and the Municipal Plaza (Important Cultural Properties) in Balilihan, Bohol",Obligations 2023,,,,,2023 DepEd - Obligations
07,Department of Education (DepEd),004,National Museum of the Philippines,3101,310100200023,"Development of National Museum Complex, Manila, Phase 3",Obligations 2023,,,,,2023 DepEd - Obligations
07,Department of Education (DepEd),004,National Museum of the Philippines,3101,310100200024,"Continued Restoration and Site Development of Our Lady of Caysasay Church and Associated Structures in Taal, Batangas, Phase 3",Obligations 2023,,,,,2023 DepEd - Obligations
07,Department of Education (DepEd),004,National Museum of the Philippines,3101,310100200025,"Rehabilitation of Former United States Air Force (USAF) Hospital in Clark Freeport, Pampanga and Conversion to National Museum of the Philippines Central Luzon, Phase 1",Obligations 2023,,,,,2023 DepEd - Obligations
07,Department of Education (DepEd),004,National Museum of the Philippines,3101,310100200026,"Construction of National Museum of the Philippines-Baler in Baler, Aurora",Obligations 2023,,,,,2023 DepEd - Obligations
07,Department of Education (DepEd),004,National Museum of the Philippines,3101,310100200027,Exhibitions and Fit-Out of Various National Museum of the Philippines - Central and Regional Sites,Obligations 2023,,,,,2023 DepEd - Obligations
07,Department of Education (DepEd),004,National Museum of the Philippines,3101,310100200028,"Rehabilitation of National Museum of the Philippines-Kabayan Burial Cave Site Museum and Satellite Office in Kabayan, Benguet",Obligations 2023,,,,,2023 DepEd - Obligations
07,Department of Education (DepEd),004,National Museum of the Philippines,3101,310100200029,"Improvement of Rocha House in Sitio Ubos in Tagbilaran City, Bohol (Declared Important Cultural Property)",Obligations 2023,,,,,2023 DepEd - Obligations
07,Department of Education (DepEd),004,National Museum of the Philippines,3101,310100200030,"Development of National Museum Complex, Manila, Phase IV",Obligations 2023,,,,,2023 DepEd - Obligations
07,Department of Education (DepEd),004,National Museum of the Philippines,3101,310100200031,"Construction of National Museum of the Philippines-Baler in Baler, Aurora (Phase II)",Obligations 2023,,,,,2023 DepEd - Obligations
07,Department of Education (DepEd),004,National Museum of the Philippines,3101,310100200032,"Continued Restoration and Site Development of Our Lady of Caysasay Church and Associated Structures in Taal, Batangas, Phase IV",Obligations 2023,,,,,2023 DepEd - Obligations
07,Department of Education (DepEd),004,National Museum of the Philippines,3101,310100200033,"Repair and Preventive Conservation Maintenance of Casa Rocha (Important Cultural Property) in Tagbilaran City, Bohol",Obligations 2023,,,,,2023 DepEd - Obligations
07,Department of Education (DepEd),004,National Museum of the Philippines,3101,310100200034,Restoration and Development of NMP Museums and Declared/Associated Heritage Sites in the Visayas,Obligations 2023,,,,,2023 DepEd - Obligations
07,Department of Education (DepEd),004,National Museum of the Philippines,3101,310100200035,"Rehabilitation of Former United States Air Force (USAF) Hospital in Clark Freeport, Pampanga, and Conversion to National Museum of the Philippines Central Luzon, Phase II",Obligations 2023,,,,,2023 DepEd - Obligations
07,Department of Education (DepEd),004,National Museum of the Philippines,3101,310100200036,"Completion of Restoration of Our Lady of Caysasay Church and Associated Structures in Taal, Batangas City",Obligations 2023,,,,,2023 DepEd - Obligations
07,Department of Education (DepEd),004,National Museum of the Philippines,3101,310100200037,"Rehabilitation of National Museum of the Philippines Kabayan Burial Caves Site Museum and Satellite Office in Kabayan, Benguet, Phase II",Obligations 2023,,,,,2023 DepEd - Obligations
07,Department of Education (DepEd),004,National Museum of the Philippines,3101,310100200038,Completion of the Development of the National Museum Complex in Manila,Obligations 2023,,,,,2023 DepEd - Obligations
07,Department of Education (DepEd),004,National Museum of the Philippines,3101,310100200039,"Continuation of the Development of NMP-General Aniceto Lacson Ancestral House in Talisay City, Negros Occidental",Obligations 2023,,,,,2023 DepEd - Obligations
07,Department of Education (DepEd),004,National Museum of the Philippines,3101,310100200040,Rehabilitation of the Sewerage System of the National Museum of Fine Arts (Old Legislative Building),Obligations 2023,,,,,2023 DepEd - Obligations
07,Department of Education (DepEd),004,National Museum of the Philippines,3101,310100200041,"Development of NMP-Kalibo, Aklan (Phase 1)",Obligations 2023,,,,,2023 DepEd - Obligations
07,Department of Education (DepEd),004,National Museum of the Philippines,3101,310100200042,"Development of NMP-Koronadal and Lake Sebu, South Cotabato (Phase 1)",Obligations 2023,,,,,2023 DepEd - Obligations
07,Department of Education (DepEd),004,National Museum of the Philippines,3101,310100200043,"Repair and Restoration of Boljoon Church Complex, Boljoon, Cebu and Development of NMP-Boljoon, Cebu (Phase 1)",Obligations 2023,,,,,2023 DepEd - Obligations
07,Department of Education (DepEd),004,National Museum of the Philippines,3101,310100200044,"Development of NMP-Paoay, Paoay, Ilocos Norte",Obligations 2023,,,,,2023 DepEd - Obligations
07,Department of Education (DepEd),004,National Museum of the Philippines,3101,310100200045,"Development of NMP General Ancieto Lacson Ancestral House, Talisay City, Negros Occidental (Phase 2)",Obligations 2023,,,,,2023 DepEd - Obligations
07,Department of Education (DepEd),004,National Museum of the Philippines,3101,310100200046,"Development of NMP Kalibo, Aklan (Phase 2)",Obligations 2023,,,,,2023 DepEd - Obligations
07,Department of Education (DepEd),004,National Museum of the Philippines,3101,310100200047,"Development of NMP Koronadal and Lake Sebu, South Cotabato (Phase 2)",Obligations 2023,,,,,2023 DepEd - Obligations
07,Department of Education (DepEd),004,National Museum of the Philippines,3101,310100200048,Exhibitions and Fit-out of Various National Museum of the Philippines - Central and Regional Sites - Northern Luzon National Museums,Obligations 2023,,,,,2023 DepEd - Obligations
07,Department of Education (DepEd),005,Philippine High School for the Arts,1000,100000100001,General Management and Supervision,Obligations 2023,,,,,2023 DepEd - Obligations
07,Department of Education (DepEd),005,Philippine High School for the Arts,1000,100000100002,Administration of Personnel Benefits,Obligations 2023,,,,,2023 DepEd - Obligations
07,Department of Education (DepEd),005,Philippine High School for the Arts,3101,310100100001,"Operation of Philippine High School for the Arts Including Outreach, Screening, Student Exchange Program with Other Countries and Production Activities",Obligations 2023,,,,,2023 DepEd - Obligations
07,Department of Education (DepEd),006,Early Childhood Care and Development Council,1000,100000100001,General Management and Supervision,Obligations 2023,,,,,2023 DepEd - Obligations
07,Department of Education (DepEd),006,Early Childhood Care and Development Council,1000,100000100002,Administration of Personnel Benefits,Obligations 2023,,,,,2023 DepEd - Obligations
07,Department of Education (DepEd),006,Early Childhood Care and Development Council,3101,310100100001,"Development of Policies, Standards and Guidelines",Obligations 2023,,,,,2023 DepEd - Obligations
07,Department of Education (DepEd),006,Early Childhood Care and Development Council,3101,310100100002,Capacity-Building and Institutional Development of Intermediaries and Other Partners,Obligations 2023,,,,,2023 DepEd - Obligations
07,Department of Education (DepEd),006,Early Childhood Care and Development Council,3101,310100100003,Accreditation of ECCD Service Providers,Obligations 2023,,,,,2023 DepEd - Obligations
07,Department of Education (DepEd),006,Early Childhood Care and Development Council,3101,310100100004,Establishment of National Child Development Centers,Obligations 2023,,,,,2023 DepEd - Obligations
07,Department of Education (DepEd),007,National Academy of Sports,1000,100000100001,General Management and Supervision,Obligations 2023,,,,,2023 DepEd - Obligations
07,Department of Education (DepEd),007,National Academy of Sports,1000,100000100002,Administration of Personnel Benefits,Obligations 2023,,,,,2023 DepEd - Obligations
07,Department of Education (DepEd),007,National Academy of Sports,3101,310100100001,"Promotion, Development, and Implementation of Quality and Enhanced Sports-Integrated Secondary Education Program",Obligations 2023,,,,,2023 DepEd - Obligations
07,Department of Education (DepEd),008,Teacher Education Council,1000,100000100001,General Management and Supervision,Obligations 2023,,,,,2023 DepEd - Obligations
07,Department of Education (DepEd),008,Teacher Education Council,3101,310100100001,Quality Teacher Education Services,Obligations 2023,,,,,2023 DepEd - Obligations
07,Department of Education (DepEd),001,Office of the Secretary,1000,100000100001,General Administration and Support,Disbursements 2023,13441036283.69,5858801938.17,66740835.18,19366579057.04,2023 DepEd - Disbursements
07,Department of Education (DepEd),001,Office of the Secretary,1000,100000100002,Administration of Personnel Benefits,Disbursements 2023,4232258765.25,0.0,0.0,4232258765.25,2023 DepEd - Disbursements
07,Department of Education (DepEd),001,Office of the Secretary,2000,200000100001,Physical Fitness and School Sports,Disbursements 2023,8536388.88,299262055.25,0.0,307798444.13,2023 DepEd - Disbursements
07,Department of Education (DepEd),001,Office of the Secretary,2000,200000100002,Development and Management of Bilateral and Multilateral Education Projects,Disbursements 2023,16304990.16,9528572.59,0.0,25833562.75,2023 DepEd - Disbursements
07,Department of Education (DepEd),001,Office of the Secretary,2000,200000100003,Management and Administration of Learning Resources,Disbursements 2023,45687531.46,5725004.71,0.0,51412536.17,2023 DepEd - Disbursements
07,Department of Education (DepEd),001,Office of the Secretary,2000,200000100004,Planning and Management Information Systems,Disbursements 2023,120838035.12,22585158.7,0.0,143423193.82,2023 DepEd - Disbursements
07,Department of Education (DepEd),001,Office of the Secretary,2000,200000100005,Education Information and Communication Services,Disbursements 2023,20637848.09,2893764.94,0.0,23531613.03,2023 DepEd - Disbursements
07,Department of Education (DepEd),001,Office of the Secretary,2000,200000100006,Learner Support Programs,Disbursements 2023,2250626007.45,66641801.71,0.0,2317267809.16,2023 DepEd - Disbursements
07,Department of Education (DepEd),001,Office of the Secretary,2000,200000100007,Building Partnerships and Linkages Program,Disbursements 2023,9203636.85,62152840.39,0.0,71356477.24,2023 DepEd - Disbursements
07,Department of Education (DepEd),001,Office of the Secretary,2000,200000100008,Legal Services and Development of Education-Related Laws and Rules,Disbursements 2023,23532582.46,9577524.0,0.0,33110106.46,2023 DepEd - Disbursements
07,Department of Education (DepEd),001,Office of the Secretary,2000,200000100009,Child Protection Program,Disbursements 2023,0.0,27974206.15,0.0,27974206.15,2023 DepEd - Disbursements
07,Department of Education (DepEd),001,Office of the Secretary,2000,200000100010,Disaster Preparedness and Response Program,Disbursements 2023,10139404.36,338923586.56,0.0,349062990.92,2023 DepEd - Disbursements
07,Department of Education (DepEd),001,Office of the Secretary,2000,200000100011,Organizational and Professional Development for Non-Teaching Personnel,Disbursements 2023,172416978.99,60434752.32,0.0,232851731.31,2023 DepEd - Disbursements
07,Department of Education (DepEd),001,Office of the Secretary,2000,200000100012,Operational Expenses of the DepEd Task Force on the 2022 National and Local Elections,Disbursements 2023,0.0,717226.46,0.0,717226.46,2023 DepEd - Disbursements
07,Department of Education (DepEd),001,Office of the Secretary,2000,200000100013,Operational Expenses of the DepEd - Election Task Force,Disbursements 2023,,,,,2023 DepEd - Disbursements
07,Department of Education (DepEd),001,Office of the Secretary,3101,310100100001,National Assessment Systems for Basic Education,Disbursements 2023,31000752.07,76262153.89,0.0,107262905.96,2023 DepEd - Disbursements
07,Department of Education (DepEd),001,Office of the Secretary,3101,310100100002,Policy and Research Program,Disbursements 2023,1998026545.37,30384398.09,0.0,2028410943.46,2023 DepEd - Disbursements
07,Department of Education (DepEd),001,Office of the Secretary,3101,310100100003,Basic Education Curriculum,Disbursements 2023,147315438.16,1234696189.22,0.0,1382011627.38,2023 DepEd - Disbursements
07,Department of Education (DepEd),001,Office of the Secretary,3101,310100100004,"Curriculum Programs, Learning Management Models, Standards and Strategy Development",Disbursements 2023,6562199254.34,0.0,0.0,6562199254.34,2023 DepEd - Disbursements
07,Department of Education (DepEd),001,Office of the Secretary,3101,310100100005,Development and Promotion of Campus Journalism,Disbursements 2023,0.0,37381316.04,0.0,37381316.04,2023 DepEd - Disbursements
07,Department of Education (DepEd),001,Office of the Secretary,3101,310100100006,National Literacy Policies and Programs,Disbursements 2023,4499381.67,5796479.41,0.0,10295861.08,2023 DepEd - Disbursements
07,Department of Education (DepEd),001,Office of the Secretary,3101,310100100007,Early Language Literacy and Numeracy,Disbursements 2023,0.0,37373459.92,0.0,37373459.92,2023 DepEd - Disbursements
07,Department of Education (DepEd),001,Office of the Secretary,3102,310200100001,Improvement and Acquisition of School Sites,Disbursements 2023,0.0,15067606.61,0.0,15067606.61,2023 DepEd - Disbursements
07,Department of Education (DepEd),001,Office of the Secretary,3102,310200100002,New School Personnel Positions,Disbursements 2023,20913163569.43,0.0,0.0,20913163569.43,2023 DepEd - Disbursements
07,Department of Education (DepEd),001,Office of the Secretary,3102,310200100003,Learning Tools and Equipment,Disbursements 2023,0.0,1026075420.42,8357762.1,1034433182.52,2023 DepEd - Disbursements
07,Department of Education (DepEd),001,Office of the Secretary,3102,310200100004,Textbooks and Other Instructional Materials,Disbursements 2023,0.0,89731346.23,0.0,89731346.23,2023 DepEd - Disbursements
07,Department of Education (DepEd),001,Office of the Secretary,3102,310200100005,Computerization Program,Disbursements 2023,25634032.85,2275244876.84,94067136.7,2394946046.39,2023 DepEd - Disbursements
07,Department of Education (DepEd),001,Office of the Secretary,3102,310200100006,Basic Education Facilities,Disbursements 2023,0.0,44270064.6,611022971.53,655293036.13,2023 DepEd - Disbursements
07,Department of Education (DepEd),001,Office of the Secretary,3102,310200100007,Conservation and Restoration of Gabaldon and Other Heritage School Buildings,Disbursements 2023,0.0,0.0,81616013.33,81616013.33,2023 DepEd - Disbursements
07,Department of Education (DepEd),001,Office of the Secretary,3102,310200100010,Quick Response Fund,Disbursements 2023,0.0,0.0,1045957179.7,1045957179.7,2023 DepEd - Disbursements
07,Department of Education (DepEd),001,Office of the Secretary,3102,310200100011,Last Mile Schools Program,Disbursements 2023,0.0,0.0,770052412.49,770052412.49,2023 DepEd - Disbursements
07,Department of Education (DepEd),001,Office of the Secretary,3102,310200100012,Public Schools Infrastructure Program (PSIP),Disbursements 2023,,,,,2023 DepEd - Disbursements
07,Department of Education (DepEd),001,Office of the Secretary,3102,310200200001,Connectivity Enhancement Program for e-Learning in Public Schools,Disbursements 2023,,,,,2023 DepEd - Disbursements
07,Department of Education (DepEd),001,Office of the Secretary,3102,310200300001,Infrastructure for Safer and Resilient Schools (ISRS) Project WB Loan No. 9704-PH,Disbursements 2023,,,,,2023 DepEd - Disbursements
07,Department of Education (DepEd),001,Office of the Secretary,3103,310300100001,Multigrade Education,Disbursements 2023,0.0,20541032.87,0.0,20541032.87,2023 DepEd - Disbursements
07,Department of Education (DepEd),001,Office of the Secretary,3103,310300100002,Indigenous Peoples Education (IPEd) Program,Disbursements 2023,0.0,38116662.61,0.0,38116662.61,2023 DepEd - Disbursements
07,Department of Education (DepEd),001,Office of the Secretary,3103,310300100003,Flexible Learning Options (ADM/ALS/EiE),Disbursements 2023,0.0,3325600057.01,0.0,3325600057.01,2023 DepEd - Disbursements
07,Department of Education (DepEd),001,Office of the Secretary,3103,310300100004,Madrasah Education Program,Disbursements 2023,0.0,342291730.36,0.0,342291730.36,2023 DepEd - Disbursements
07,Department of Education (DepEd),001,Office of the Secretary,3103,310300100005,Special Needs Education Program,Disbursements 2023,0.0,344142646.29,55261511.25,399404157.54,2023 DepEd - Disbursements
07,Department of Education (DepEd),001,Office of the Secretary,3104,310400100001,School-Based Feeding Program (SBFP),Disbursements 2023,0.0,2027735258.55,0.0,2027735258.55,2023 DepEd - Disbursements
07,Department of Education (DepEd),001,Office of the Secretary,3104,310400100002,Operation of Schools - Elementary (Kinder to Grade 6),Disbursements 2023,290665406617.73,15525168130.47,0.0,306190574748.2,2023 DepEd - Disbursements
07,Department of Education (DepEd),001,Office of the Secretary,3104,310400100003,Operation of Schools - Junior High School (Grade 7 to Grade 10),Disbursements 2023,160970324246.24,10801471609.38,96076.0,171771891931.62,2023 DepEd - Disbursements
07,Department of Education (DepEd),001,Office of the Secretary,3104,310400100004,Operation of Schools - Senior High School (Grade 11 to Grade 12),Disbursements 2023,44172123063.87,4274556530.51,0.0,48446679594.37,2023 DepEd - Disbursements
07,Department of Education (DepEd),001,Office of the Secretary,3104,310400100005,Government Assistance and Subsidies - Educational Service Contracting (ESC) Program for Private Junior High School (per RA No. 8545),Disbursements 2023,,,,,2023 DepEd - Disbursements
07,Department of Education (DepEd),001,Office of the Secretary,3104,310400100006,Government Assistance and Subsidies - Voucher Program for Private Senior High School (per RA No. 10533),Disbursements 2023,,,,,2023 DepEd - Disbursements
07,Department of Education (DepEd),001,Office of the Secretary,3104,310400100007,Government Assistance and Subsidies - Voucher Program for Non-DepEd Public High School (per RA No. 10533),Disbursements 2023,,,,,2023 DepEd - Disbursements
07,Department of Education (DepEd),001,Office of the Secretary,3104,310400100008,Joint Delivery Voucher for Senior High School Technical Vocational and Livelihood Specializations,Disbursements 2023,0.0,1280314772.7,0.0,1280314772.7,2023 DepEd - Disbursements
07,Department of Education (DepEd),001,Office of the Secretary,3104,310400100009,Operational Requirements of Sports Academy and Training Centers,Disbursements 2023,,,,,2023 DepEd - Disbursements
07,Department of Education (DepEd),001,Office of the Secretary,3104,310400100010,"Implementation of the Grant of Cash Allowance, Hardship Pay, and Reclassification of Positions",Disbursements 2023,4102711147.8,4290789048.11,0.0,8393500195.91,2023 DepEd - Disbursements
07,Department of Education (DepEd),001,Office of the Secretary,3104,310400100011,School Dental Health Care Program,Disbursements 2023,,,,,2023 DepEd - Disbursements
07,Department of Education (DepEd),001,Office of the Secretary,3104,310400100013,World Teachers' Day Incentive Benefits,Disbursements 2023,865129980.0,0.0,0.0,865129980.0,2023 DepEd - Disbursements
07,Department of Education (DepEd),001,Office of the Secretary,3104,310400100014,Establishment and Operational Requirement of the National Academy of Sports,Disbursements 2023,,,,,2023 DepEd - Disbursements
07,Department of Education (DepEd),001,Office of the Secretary,3104,310400100015,Government Assistance and Subsidies - Educational Service Contracting (ESC) Program for Private Junior High School (per R.A. No. 8545),Disbursements 2023,0.0,9301052726.48,0.0,9301052726.48,2023 DepEd - Disbursements
07,Department of Education (DepEd),001,Office of the Secretary,3104,310400100016,Government Assistance and Subsidies - Senior High School Voucher Program,Disbursements 2023,,,,,2023 DepEd - Disbursements
07,Department of Education (DepEd),001,Office of the Secretary,3104,310400100017,Subsidies - Senior High School Voucher Program,Disbursements 2023,0.0,29705850153.92,0.0,29705850153.92,2023 DepEd - Disbursements
07,Department of Education (DepEd),001,Office of the Secretary,3104,310400100018,"Government Assistance and Subsidies - Training and Upgrading Knowledge for Learners, Teachers, and Achievers in Schools (GAS-TUKLAS)",Disbursements 2023,,,,,2023 DepEd - Disbursements
07,Department of Education (DepEd),001,Office of the Secretary,3104,310400100019,School Innovation and Improvement Fund (SIIF) to all DepEd Public Schools,Disbursements 2023,,,,,2023 DepEd - Disbursements
07,Department of Education (DepEd),001,Office of the Secretary,3105,310500100001,Human Resource Development for Personnel in Schools and Learning Centers,Disbursements 2023,35589842.85,941688616.7,7923060.0,985201519.55,2023 DepEd - Disbursements
07,Department of Education (DepEd),001,Office of the Secretary,3105,310500100002,Teacher Quality and Development Program,Disbursements 2023,4064785.86,3533348.31,0.0,7598134.17,2023 DepEd - Disbursements
07,Department of Education (DepEd),001,Office of the Secretary,3105,310500300001,Teacher Effectiveness and Competencies Enhancement Project (TEACEP) WB Loan No. 9481-PH,Disbursements 2023,,,,,2023 DepEd - Disbursements
07,Department of Education (DepEd),002,National Book Development Board,1000,100000100001,General Management and Supervision,Disbursements 2023,,,,,2023 DepEd - Disbursements
07,Department of Education (DepEd),002,National Book Development Board,1000,100000100002,Administration of Personnel Benefits,Disbursements 2023,,,,,2023 DepEd - Disbursements
07,Department of Education (DepEd),002,National Book Development Board,3101,310100100001,Capacity Building and Trade Promotion Incentives,Disbursements 2023,,,,,2023 DepEd - Disbursements
07,Department of Education (DepEd),002,National Book Development Board,3101,310100100002,"Administration of Awards, Grants, and Incentives",Disbursements 2023,,,,,2023 DepEd - Disbursements
07,Department of Education (DepEd),002,National Book Development Board,3101,310100100003,"Policy Development, Research, Information System Management, and Information Campaign",Disbursements 2023,,,,,2023 DepEd - Disbursements
07,Department of Education (DepEd),003,National Council for Children's Television,1000,100000100001,General Management and Supervision,Disbursements 2023,,,,,2023 DepEd - Disbursements
07,Department of Education (DepEd),003,National Council for Children's Television,3101,310100100001,Child-Friendly Television Development Services,Disbursements 2023,,,,,2023 DepEd - Disbursements
07,Department of Education (DepEd),004,National Museum of the Philippines,1000,100000100001,General Management and Supervision,Disbursements 2023,,,,,2023 DepEd - Disbursements
07,Department of Education (DepEd),004,National Museum of the Philippines,1000,100000100002,Administration of Personnel Benefits,Disbursements 2023,,,,,2023 DepEd - Disbursements
07,Department of Education (DepEd),004,National Museum of the Philippines,2000,200000100001,Project Monitoring and Evaluation Services,Disbursements 2023,,,,,2023 DepEd - Disbursements
07,Department of Education (DepEd),004,National Museum of the Philippines,3101,310100100001,Management and Development of the National Collections and Related Knowledge Resources (Including Participation to International Meetings and Conferences),Disbursements 2023,,,,,2023 DepEd - Disbursements
07,Department of Education (DepEd),004,National Museum of the Philippines,3101,310100100002,"Restoration, Preservation, Protection and Development of Cultural Property",Disbursements 2023,,,,,2023 DepEd - Disbursements
07,Department of Education (DepEd),004,National Museum of the Philippines,3101,310100200015,"Restoration of Malacanang sa Sugbo, Cebu City and Converrsion to National Museum Cebu",Disbursements 2023,,,,,2023 DepEd - Disbursements
07,Department of Education (DepEd),004,National Museum of the Philippines,3101,310100200016,Development of the National Museum Complex in Manila - Phase 1 (to implement Republic Act No. 11333),Disbursements 2023,,,,,2023 DepEd - Disbursements
07,Department of Education (DepEd),004,National Museum of the Philippines,3101,310100200017,"Nightly repair of the Church of Our Lady of Caysasay and associated structures, a declared national cultural treasure in Taal, Batangas",Disbursements 2023,,,,,2023 DepEd - Disbursements
07,Department of Education (DepEd),004,National Museum of the Philippines,3101,310100200018,Continuation of Construction of National Museum Building in Davao City,Disbursements 2023,,,,,2023 DepEd - Disbursements
07,Department of Education (DepEd),004,National Museum of the Philippines,3101,310100200019,Development of the National Museum Complex in Rizal Park - Manila Phase II,Disbursements 2023,,,,,2023 DepEd - Disbursements
07,Department of Education (DepEd),004,National Museum of the Philippines,3101,310100200020,Development of Information Management Systems,Disbursements 2023,,,,,2023 DepEd - Disbursements
07,Department of Education (DepEd),004,National Museum of the Philippines,3101,310100200021,"Restoration and Continued Repair of Our Lady of Caysasay Church and Associated Structures (National Cultural Treasure) in Taal, Batangas",Disbursements 2023,,,,,2023 DepEd - Disbursements
07,Department of Education (DepEd),004,National Museum of the Philippines,3101,310100200022,"Restoration of the Old Municipal Hall and the Municipal Plaza (Important Cultural Properties) in Balilihan, Bohol",Disbursements 2023,,,,,2023 DepEd - Disbursements
07,Department of Education (DepEd),004,National Museum of the Philippines,3101,310100200023,"Development of National Museum Complex, Manila, Phase 3",Disbursements 2023,,,,,2023 DepEd - Disbursements
07,Department of Education (DepEd),004,National Museum of the Philippines,3101,310100200024,"Continued Restoration and Site Development of Our Lady of Caysasay Church and Associated Structures in Taal, Batangas, Phase 3",Disbursements 2023,,,,,2023 DepEd - Disbursements
07,Department of Education (DepEd),004,National Museum of the Philippines,3101,310100200025,"Rehabilitation of Former United States Air Force (USAF) Hospital in Clark Freeport, Pampanga and Conversion to National Museum of the Philippines Central Luzon, Phase 1",Disbursements 2023,,,,,2023 DepEd - Disbursements
07,Department of Education (DepEd),004,National Museum of the Philippines,3101,310100200026,"Construction of National Museum of the Philippines-Baler in Baler, Aurora",Disbursements 2023,,,,,2023 DepEd - Disbursements
07,Department of Education (DepEd),004,National Museum of the Philippines,3101,310100200027,Exhibitions and Fit-Out of Various National Museum of the Philippines - Central and Regional Sites,Disbursements 2023,,,,,2023 DepEd - Disbursements
07,Department of Education (DepEd),004,National Museum of the Philippines,3101,310100200028,"Rehabilitation of National Museum of the Philippines-Kabayan Burial Cave Site Museum and Satellite Office in Kabayan, Benguet",Disbursements 2023,,,,,2023 DepEd - Disbursements
07,Department of Education (DepEd),004,National Museum of the Philippines,3101,310100200029,"Improvement of Rocha House in Sitio Ubos in Tagbilaran City, Bohol (Declared Important Cultural Property)",Disbursements 2023,,,,,2023 DepEd - Disbursements
07,Department of Education (DepEd),004,National Museum of the Philippines,3101,310100200030,"Development of National Museum Complex, Manila, Phase IV",Disbursements 2023,,,,,2023 DepEd - Disbursements
07,Department of Education (DepEd),004,National Museum of the Philippines,3101,310100200031,"Construction of National Museum of the Philippines-Baler in Baler, Aurora (Phase II)",Disbursements 2023,,,,,2023 DepEd - Disbursements
07,Department of Education (DepEd),004,National Museum of the Philippines,3101,310100200032,"Continued Restoration and Site Development of Our Lady of Caysasay Church and Associated Structures in Taal, Batangas, Phase IV",Disbursements 2023,,,,,2023 DepEd - Disbursements
07,Department of Education (DepEd),004,National Museum of the Philippines,3101,310100200033,"Repair and Preventive Conservation Maintenance of Casa Rocha (Important Cultural Property) in Tagbilaran City, Bohol",Disbursements 2023,,,,,2023 DepEd - Disbursements
07,Department of Education (DepEd),004,National Museum of the Philippines,3101,310100200034,Restoration and Development of NMP Museums and Declared/Associated Heritage Sites in the Visayas,Disbursements 2023,,,,,2023 DepEd - Disbursements
07,Department of Education (DepEd),004,National Museum of the Philippines,3101,310100200035,"Rehabilitation of Former United States Air Force (USAF) Hospital in Clark Freeport, Pampanga, and Conversion to National Museum of the Philippines Central Luzon, Phase II",Disbursements 2023,,,,,2023 DepEd - Disbursements
07,Department of Education (DepEd),004,National Museum of the Philippines,3101,310100200036,"Completion of Restoration of Our Lady of Caysasay Church and Associated Structures in Taal, Batangas City",Disbursements 2023,,,,,2023 DepEd - Disbursements
07,Department of Education (DepEd),004,National Museum of the Philippines,3101,310100200037,"Rehabilitation of National Museum of the Philippines Kabayan Burial Caves Site Museum and Satellite Office in Kabayan, Benguet, Phase II",Disbursements 2023,,,,,2023 DepEd - Disbursements
07,Department of Education (DepEd),004,National Museum of the Philippines,3101,310100200038,Completion of the Development of the National Museum Complex in Manila,Disbursements 2023,,,,,2023 DepEd - Disbursements
07,Department of Education (DepEd),004,National Museum of the Philippines,3101,310100200039,"Continuation of the Development of NMP-General Aniceto Lacson Ancestral House in Talisay City, Negros Occidental",Disbursements 2023,,,,,2023 DepEd - Disbursements
07,Department of Education (DepEd),004,National Museum of the Philippines,3101,310100200040,Rehabilitation of the Sewerage System of the National Museum of Fine Arts (Old Legislative Building),Disbursements 2023,,,,,2023 DepEd - Disbursements
07,Department of Education (DepEd),004,National Museum of the Philippines,3101,310100200041,"Development of NMP-Kalibo, Aklan (Phase 1)",Disbursements 2023,,,,,2023 DepEd - Disbursements
07,Department of Education (DepEd),004,National Museum of the Philippines,3101,310100200042,"Development of NMP-Koronadal and Lake Sebu, South Cotabato (Phase 1)",Disbursements 2023,,,,,2023 DepEd - Disbursements
07,Department of Education (DepEd),004,National Museum of the Philippines,3101,310100200043,"Repair and Restoration of Boljoon Church Complex, Boljoon, Cebu and Development of NMP-Boljoon, Cebu (Phase 1)",Disbursements 2023,,,,,2023 DepEd - Disbursements
07,Department of Education (DepEd),004,National Museum of the Philippines,3101,310100200044,"Development of NMP-Paoay, Paoay, Ilocos Norte",Disbursements 2023,,,,,2023 DepEd - Disbursements
07,Department of Education (DepEd),004,National Museum of the Philippines,3101,310100200045,"Development of NMP General Ancieto Lacson Ancestral House, Talisay City, Negros Occidental (Phase 2)",Disbursements 2023,,,,,2023 DepEd - Disbursements
07,Department of Education (DepEd),004,National Museum of the Philippines,3101,310100200046,"Development of NMP Kalibo, Aklan (Phase 2)",Disbursements 2023,,,,,2023 DepEd - Disbursements
07,Department of Education (DepEd),004,National Museum of the Philippines,3101,310100200047,"Development of NMP Koronadal and Lake Sebu, South Cotabato (Phase 2)",Disbursements 2023,,,,,2023 DepEd - Disbursements
07,Department of Education (DepEd),004,National Museum of the Philippines,3101,310100200048,Exhibitions and Fit-out of Various National Museum of the Philippines - Central and Regional Sites - Northern Luzon National Museums,Disbursements 2023,,,,,2023 DepEd - Disbursements
07,Department of Education (DepEd),005,Philippine High School for the Arts,1000,100000100001,General Management and Supervision,Disbursements 2023,,,,,2023 DepEd - Disbursements
07,Department of Education (DepEd),005,Philippine High School for the Arts,1000,100000100002,Administration of Personnel Benefits,Disbursements 2023,,,,,2023 DepEd - Disbursements
07,Department of Education (DepEd),005,Philippine High School for the Arts,3101,310100100001,"Operation of Philippine High School for the Arts Including Outreach, Screening, Student Exchange Program with Other Countries and Production Activities",Disbursements 2023,,,,,2023 DepEd - Disbursements
07,Department of Education (DepEd),006,Early Childhood Care and Development Council,1000,100000100001,General Management and Supervision,Disbursements 2023,,,,,2023 DepEd - Disbursements
07,Department of Education (DepEd),006,Early Childhood Care and Development Council,1000,100000100002,Administration of Personnel Benefits,Disbursements 2023,,,,,2023 DepEd - Disbursements
07,Department of Education (DepEd),006,Early Childhood Care and Development Council,3101,310100100001,"Development of Policies, Standards and Guidelines",Disbursements 2023,,,,,2023 DepEd - Disbursements
07,Department of Education (DepEd),006,Early Childhood Care and Development Council,3101,310100100002,Capacity-Building and Institutional Development of Intermediaries and Other Partners,Disbursements 2023,,,,,2023 DepEd - Disbursements
07,Department of Education (DepEd),006,Early Childhood Care and Development Council,3101,310100100003,Accreditation of ECCD Service Providers,Disbursements 2023,,,,,2023 DepEd - Disbursements
07,Department of Education (DepEd),006,Early Childhood Care and Development Council,3101,310100100004,Establishment of National Child Development Centers,Disbursements 2023,,,,,2023 DepEd - Disbursements
07,Department of Education (DepEd),007,National Academy of Sports,1000,100000100001,General Management and Supervision,Disbursements 2023,,,,,2023 DepEd - Disbursements
07,Department of Education (DepEd),007,National Academy of Sports,1000,100000100002,Administration of Personnel Benefits,Disbursements 2023,,,,,2023 DepEd - Disbursements
07,Department of Education (DepEd),007,National Academy of Sports,3101,310100100001,"Promotion, Development, and Implementation of Quality and Enhanced Sports-Integrated Secondary Education Program",Disbursements 2023,,,,,2023 DepEd - Disbursements
07,Department of Education (DepEd),008,Teacher Education Council,1000,100000100001,General Management and Supervision,Disbursements 2023,,,,,2023 DepEd - Disbursements
07,Department of Education (DepEd),008,Teacher Education Council,3101,310100100001,Quality Teacher Education Services,Disbursements 2023,,,,,2023 DepEd - Disbursements
07,Department of Education (DepEd),001,Office of the Secretary,1000,100000100001,General Administration and Support,NEP 2022,5852307000.0,8089000000.0,0.0,13941307000.0,2022 DepEd - NEP
07,Department of Education (DepEd),001,Office of the Secretary,1000,100000100002,Administration of Personnel Benefits,NEP 2022,1164425000.0,0.0,0.0,1164425000.0,2022 DepEd - NEP
07,Department of Education (DepEd),001,Office of the Secretary,2000,200000100001,Physical Fitness and School Sports,NEP 2022,7505000.0,268815000.0,0.0,276320000.0,2022 DepEd - NEP
07,Department of Education (DepEd),001,Office of the Secretary,2000,200000100002,Development and Management of Bilateral and Multilateral Education Projects,NEP 2022,17899000.0,12660000.0,0.0,30559000.0,2022 DepEd - NEP
07,Department of Education (DepEd),001,Office of the Secretary,2000,200000100003,Management and Administration of Learning Resources,NEP 2022,45153000.0,9577000.0,0.0,54730000.0,2022 DepEd - NEP
07,Department of Education (DepEd),001,Office of the Secretary,2000,200000100004,Planning and Management Information Systems,NEP 2022,112355000.0,38087000.0,0.0,150442000.0,2022 DepEd - NEP
07,Department of Education (DepEd),001,Office of the Secretary,2000,200000100005,Education Information and Communication Services,NEP 2022,15268000.0,3357000.0,0.0,18625000.0,2022 DepEd - NEP
07,Department of Education (DepEd),001,Office of the Secretary,2000,200000100006,Learner Support Programs,NEP 2022,2101605000.0,121315000.0,0.0,2222920000.0,2022 DepEd - NEP
07,Department of Education (DepEd),001,Office of the Secretary,2000,200000100007,Building Partnerships and Linkages Program,NEP 2022,6095000.0,114152000.0,0.0,120247000.0,2022 DepEd - NEP
07,Department of Education (DepEd),001,Office of the Secretary,2000,200000100008,Legal Services and Development of Education-Related Laws and Rules,NEP 2022,16899000.0,18716000.0,0.0,35615000.0,2022 DepEd - NEP
07,Department of Education (DepEd),001,Office of the Secretary,2000,200000100009,Child Protection Program,NEP 2022,0.0,4580000.0,0.0,4580000.0,2022 DepEd - NEP
07,Department of Education (DepEd),001,Office of the Secretary,2000,200000100010,Disaster Preparedness and Response Program,NEP 2022,6462000.0,124890000.0,0.0,131352000.0,2022 DepEd - NEP
07,Department of Education (DepEd),001,Office of the Secretary,2000,200000100011,Organizational and Professional Development for Non-Teaching Personnel,NEP 2022,151577000.0,107425000.0,0.0,259002000.0,2022 DepEd - NEP
07,Department of Education (DepEd),001,Office of the Secretary,2000,200000100012,Operational Expenses of the DepEd Task Force on the 2022 National and Local Elections,NEP 2022,,,,,2022 DepEd - NEP
07,Department of Education (DepEd),001,Office of the Secretary,2000,200000100013,Operational Expenses of the DepEd - Election Task Force,NEP 2022,,,,,2022 DepEd - NEP
07,Department of Education (DepEd),001,Office of the Secretary,3101,310100100001,National Assessment Systems for Basic Education,NEP 2022,22621000.0,123901000.0,0.0,146522000.0,2022 DepEd - NEP
07,Department of Education (DepEd),001,Office of the Secretary,3101,310100100002,Policy and Research Program,NEP 2022,1829037000.0,33543000.0,0.0,1862580000.0,2022 DepEd - NEP
07,Department of Education (DepEd),001,Office of the Secretary,3101,310100100003,Basic Education Curriculum,NEP 2022,105535000.0,73165000.0,0.0,178700000.0,2022 DepEd - NEP
07,Department of Education (DepEd),001,Office of the Secretary,3101,310100100004,"Curriculum Programs, Learning Management Models, Standards and Strategy Development",NEP 2022,5989007000.0,1500000.0,0.0,5990507000.0,2022 DepEd - NEP
07,Department of Education (DepEd),001,Office of the Secretary,3101,310100100005,Development and Promotion of Campus Journalism,NEP 2022,0.0,1984000.0,0.0,1984000.0,2022 DepEd - NEP
07,Department of Education (DepEd),001,Office of the Secretary,3101,310100100006,National Literacy Policies and Programs,NEP 2022,3619000.0,7439000.0,0.0,11058000.0,2022 DepEd - NEP
07,Department of Education (DepEd),001,Office of the Secretary,3101,310100100007,Early Language Literacy and Numeracy,NEP 2022,0.0,22794000.0,0.0,22794000.0,2022 DepEd - NEP
07,Department of Education (DepEd),001,Office of the Secretary,3102,310200100001,Improvement and Acquisition of School Sites,NEP 2022,0.0,80227000.0,65000000.0,145227000.0,2022 DepEd - NEP
07,Department of Education (DepEd),001,Office of the Secretary,3102,310200100002,New School Personnel Positions,NEP 2022,19988504000.0,68741000.0,0.0,20057245000.0,2022 DepEd - NEP
07,Department of Education (DepEd),001,Office of the Secretary,3102,310200100003,Learning Tools and Equipment,NEP 2022,0.0,2319133000.0,400050000.0,2719183000.0,2022 DepEd - NEP
07,Department of Education (DepEd),001,Office of the Secretary,3102,310200100004,Textbooks and Other Instructional Materials,NEP 2022,0.0,963257000.0,0.0,963257000.0,2022 DepEd - NEP
07,Department of Education (DepEd),001,Office of the Secretary,3102,310200100005,Computerization Program,NEP 2022,18740000.0,314826000.0,11315149000.0,11648715000.0,2022 DepEd - NEP
07,Department of Education (DepEd),001,Office of the Secretary,3102,310200100006,Basic Education Facilities,NEP 2022,0.0,1115744000.0,4325919000.0,5441663000.0,2022 DepEd - NEP
07,Department of Education (DepEd),001,Office of the Secretary,3102,310200100007,Conservation and Restoration of Gabaldon and Other Heritage School Buildings,NEP 2022,0.0,0.0,97958000.0,97958000.0,2022 DepEd - NEP
07,Department of Education (DepEd),001,Office of the Secretary,3102,310200100010,Quick Response Fund,NEP 2022,0.0,0.0,2000000000.0,2000000000.0,2022 DepEd - NEP
07,Department of Education (DepEd),001,Office of the Secretary,3102,310200100011,Last Mile Schools Program,NEP 2022,0.0,0.0,1500000000.0,1500000000.0,2022 DepEd - NEP
07,Department of Education (DepEd),001,Office of the Secretary,3102,310200100012,Public Schools Infrastructure Program (PSIP),NEP 2022,,,,,2022 DepEd - NEP
07,Department of Education (DepEd),001,Office of the Secretary,3102,310200200001,Connectivity Enhancement Program for e-Learning in Public Schools,NEP 2022,,,,,2022 DepEd - NEP
07,Department of Education (DepEd),001,Office of the Secretary,3102,310200300001,Infrastructure for Safer and Resilient Schools (ISRS) Project WB Loan No. 9704-PH,NEP 2022,,,,,2022 DepEd - NEP
07,Department of Education (DepEd),001,Office of the Secretary,3103,310300100001,Multigrade Education,NEP 2022,0.0,22266000.0,0.0,22266000.0,2022 DepEd - NEP
07,Department of Education (DepEd),001,Office of the Secretary,3103,310300100002,Indigenous Peoples Education (IPEd) Program,NEP 2022,0.0,51478000.0,0.0,51478000.0,2022 DepEd - NEP
07,Department of Education (DepEd),001,Office of the Secretary,3103,310300100003,Flexible Learning Options (ADM/ALS/EiE),NEP 2022,0.0,15215694000.0,0.0,15215694000.0,2022 DepEd - NEP
07,Department of Education (DepEd),001,Office of the Secretary,3103,310300100004,Madrasah Education Program,NEP 2022,0.0,346830000.0,0.0,346830000.0,2022 DepEd - NEP
07,Department of Education (DepEd),001,Office of the Secretary,3103,310300100005,Special Needs Education Program,NEP 2022,0.0,297203000.0,0.0,297203000.0,2022 DepEd - NEP
07,Department of Education (DepEd),001,Office of the Secretary,3104,310400100001,School-Based Feeding Program (SBFP),NEP 2022,0.0,3321709000.0,0.0,3321709000.0,2022 DepEd - NEP
07,Department of Education (DepEd),001,Office of the Secretary,3104,310400100002,Operation of Schools - Elementary (Kinder to Grade 6),NEP 2022,254357883000.0,14836133000.0,0.0,269194016000.0,2022 DepEd - NEP
07,Department of Education (DepEd),001,Office of the Secretary,3104,310400100003,Operation of Schools - Junior High School (Grade 7 to Grade 10),NEP 2022,139453651000.0,10149579000.0,0.0,149603230000.0,2022 DepEd - NEP
07,Department of Education (DepEd),001,Office of the Secretary,3104,310400100004,Operation of Schools - Senior High School (Grade 11 to Grade 12),NEP 2022,37270126000.0,3744662000.0,0.0,41014788000.0,2022 DepEd - NEP
07,Department of Education (DepEd),001,Office of the Secretary,3104,310400100005,Government Assistance and Subsidies - Educational Service Contracting (ESC) Program for Private Junior High School (per RA No. 8545),NEP 2022,0.0,10673583000.0,0.0,10673583000.0,2022 DepEd - NEP
07,Department of Education (DepEd),001,Office of the Secretary,3104,310400100006,Government Assistance and Subsidies - Voucher Program for Private Senior High School (per RA No. 10533),NEP 2022,,,,,2022 DepEd - NEP
07,Department of Education (DepEd),001,Office of the Secretary,3104,310400100007,Government Assistance and Subsidies - Voucher Program for Non-DepEd Public High School (per RA No. 10533),NEP 2022,,,,,2022 DepEd - NEP
07,Department of Education (DepEd),001,Office of the Secretary,3104,310400100008,Joint Delivery Voucher for Senior High School Technical Vocational and Livelihood Specializations,NEP 2022,0.0,1159960000.0,0.0,1159960000.0,2022 DepEd - NEP
07,Department of Education (DepEd),001,Office of the Secretary,3104,310400100009,Operational Requirements of Sports Academy and Training Centers,NEP 2022,,,,,2022 DepEd - NEP
07,Department of Education (DepEd),001,Office of the Secretary,3104,310400100010,"Implementation of the Grant of Cash Allowance, Hardship Pay, and Reclassification of Positions",NEP 2022,3406511000.0,4358525000.0,0.0,7765036000.0,2022 DepEd - NEP
07,Department of Education (DepEd),001,Office of the Secretary,3104,310400100011,School Dental Health Care Program,NEP 2022,,,,,2022 DepEd - NEP
07,Department of Education (DepEd),001,Office of the Secretary,3104,310400100013,World Teachers' Day Incentive Benefits,NEP 2022,925178000.0,0.0,0.0,925178000.0,2022 DepEd - NEP
07,Department of Education (DepEd),001,Office of the Secretary,3104,310400100014,Establishment and Operational Requirement of the National Academy of Sports,NEP 2022,,,,,2022 DepEd - NEP
07,Department of Education (DepEd),001,Office of the Secretary,3104,310400100015,Government Assistance and Subsidies - Educational Service Contracting (ESC) Program for Private Junior High School (per R.A. No. 8545),NEP 2022,,,,,2022 DepEd - NEP
07,Department of Education (DepEd),001,Office of the Secretary,3104,310400100016,Government Assistance and Subsidies - Senior High School Voucher Program,NEP 2022,0.0,16534202000.0,0.0,16534202000.0,2022 DepEd - NEP
07,Department of Education (DepEd),001,Office of the Secretary,3104,310400100017,Subsidies - Senior High School Voucher Program,NEP 2022,,,,,2022 DepEd - NEP
07,Department of Education (DepEd),001,Office of the Secretary,3104,310400100018,"Government Assistance and Subsidies - Training and Upgrading Knowledge for Learners, Teachers, and Achievers in Schools (GAS-TUKLAS)",NEP 2022,,,,,2022 DepEd - NEP
07,Department of Education (DepEd),001,Office of the Secretary,3104,310400100019,School Innovation and Improvement Fund (SIIF) to all DepEd Public Schools,NEP 2022,,,,,2022 DepEd - NEP
07,Department of Education (DepEd),001,Office of the Secretary,3105,310500100001,Human Resource Development for Personnel in Schools and Learning Centers,NEP 2022,22104000.0,1868272000.0,0.0,1890376000.0,2022 DepEd - NEP
07,Department of Education (DepEd),001,Office of the Secretary,3105,310500100002,Teacher Quality and Development Program,NEP 2022,3744000.0,620000.0,0.0,4364000.0,2022 DepEd - NEP
07,Department of Education (DepEd),001,Office of the Secretary,3105,310500300001,Teacher Effectiveness and Competencies Enhancement Project (TEACEP) WB Loan No. 9481-PH,NEP 2022,,,,,2022 DepEd - NEP
07,Department of Education (DepEd),002,National Book Development Board,1000,100000100001,General Management and Supervision,NEP 2022,14856000.0,8428000.0,0.0,23284000.0,2022 DepEd - NEP
07,Department of Education (DepEd),002,National Book Development Board,1000,100000100002,Administration of Personnel Benefits,NEP 2022,,,,,2022 DepEd - NEP
07,Department of Education (DepEd),002,National Book Development Board,3101,310100100001,Capacity Building and Trade Promotion Incentives,NEP 2022,5630000.0,10502000.0,0.0,16132000.0,2022 DepEd - NEP
07,Department of Education (DepEd),002,National Book Development Board,3101,310100100002,"Administration of Awards, Grants, and Incentives",NEP 2022,2638000.0,1500000.0,0.0,4138000.0,2022 DepEd - NEP
07,Department of Education (DepEd),002,National Book Development Board,3101,310100100003,"Policy Development, Research, Information System Management, and Information Campaign",NEP 2022,2532000.0,1145000.0,0.0,3677000.0,2022 DepEd - NEP
07,Department of Education (DepEd),003,National Council for Children's Television,1000,100000100001,General Management and Supervision,NEP 2022,6580000.0,5236000.0,2000000.0,13816000.0,2022 DepEd - NEP
07,Department of Education (DepEd),003,National Council for Children's Television,3101,310100100001,Child-Friendly Television Development Services,NEP 2022,5063000.0,7824000.0,0.0,12887000.0,2022 DepEd - NEP
07,Department of Education (DepEd),004,National Museum of the Philippines,1000,100000100001,General Management and Supervision,NEP 2022,45026000.0,120993000.0,0.0,166019000.0,2022 DepEd - NEP
07,Department of Education (DepEd),004,National Museum of the Philippines,1000,100000100002,Administration of Personnel Benefits,NEP 2022,1947000.0,0.0,0.0,1947000.0,2022 DepEd - NEP
07,Department of Education (DepEd),004,National Museum of the Philippines,2000,200000100001,Project Monitoring and Evaluation Services,NEP 2022,1233000.0,704000.0,0.0,1937000.0,2022 DepEd - NEP
07,Department of Education (DepEd),004,National Museum of the Philippines,3101,310100100001,Management and Development of the National Collections and Related Knowledge Resources (Including Participation to International Meetings and Conferences),NEP 2022,115340000.0,80442000.0,0.0,195782000.0,2022 DepEd - NEP
07,Department of Education (DepEd),004,National Museum of the Philippines,3101,310100100002,"Restoration, Preservation, Protection and Development of Cultural Property",NEP 2022,19086000.0,26031000.0,0.0,45117000.0,2022 DepEd - NEP
07,Department of Education (DepEd),004,National Museum of the Philippines,3101,310100200015,"Restoration of Malacanang sa Sugbo, Cebu City and Converrsion to National Museum Cebu",NEP 2022,,,,,2022 DepEd - NEP
07,Department of Education (DepEd),004,National Museum of the Philippines,3101,310100200016,Development of the National Museum Complex in Manila - Phase 1 (to implement Republic Act No. 11333),NEP 2022,,,,,2022 DepEd - NEP
07,Department of Education (DepEd),004,National Museum of the Philippines,3101,310100200017,"Nightly repair of the Church of Our Lady of Caysasay and associated structures, a declared national cultural treasure in Taal, Batangas",NEP 2022,,,,,2022 DepEd - NEP
07,Department of Education (DepEd),004,National Museum of the Philippines,3101,310100200018,Continuation of Construction of National Museum Building in Davao City,NEP 2022,,,,,2022 DepEd - NEP
07,Department of Education (DepEd),004,National Museum of the Philippines,3101,310100200019,Development of the National Museum Complex in Rizal Park - Manila Phase II,NEP 2022,,,,,2022 DepEd - NEP
07,Department of Education (DepEd),004,National Museum of the Philippines,3101,310100200020,Development of Information Management Systems,NEP 2022,,,,,2022 DepEd - NEP
07,Department of Education (DepEd),004,National Museum of the Philippines,3101,310100200021,"Restoration and Continued Repair of Our Lady of Caysasay Church and Associated Structures (National Cultural Treasure) in Taal, Batangas",NEP 2022,,,,,2022 DepEd - NEP
07,Department of Education (DepEd),004,National Museum of the Philippines,3101,310100200022,"Restoration of the Old Municipal Hall and the Municipal Plaza (Important Cultural Properties) in Balilihan, Bohol",NEP 2022,,,,,2022 DepEd - NEP
07,Department of Education (DepEd),004,National Museum of the Philippines,3101,310100200023,"Development of National Museum Complex, Manila, Phase 3",NEP 2022,,,,,2022 DepEd - NEP
07,Department of Education (DepEd),004,National Museum of the Philippines,3101,310100200024,"Continued Restoration and Site Development of Our Lady of Caysasay Church and Associated Structures in Taal, Batangas, Phase 3",NEP 2022,,,,,2022 DepEd - NEP
07,Department of Education (DepEd),004,National Museum of the Philippines,3101,310100200025,"Rehabilitation of Former United States Air Force (USAF) Hospital in Clark Freeport, Pampanga and Conversion to National Museum of the Philippines Central Luzon, Phase 1",NEP 2022,,,,,2022 DepEd - NEP
07,Department of Education (DepEd),004,National Museum of the Philippines,3101,310100200026,"Construction of National Museum of the Philippines-Baler in Baler, Aurora",NEP 2022,,,,,2022 DepEd - NEP
07,Department of Education (DepEd),004,National Museum of the Philippines,3101,310100200027,Exhibitions and Fit-Out of Various National Museum of the Philippines - Central and Regional Sites,NEP 2022,,,,,2022 DepEd - NEP
07,Department of Education (DepEd),004,National Museum of the Philippines,3101,310100200028,"Rehabilitation of National Museum of the Philippines-Kabayan Burial Cave Site Museum and Satellite Office in Kabayan, Benguet",NEP 2022,,,,,2022 DepEd - NEP
07,Department of Education (DepEd),004,National Museum of the Philippines,3101,310100200029,"Improvement of Rocha House in Sitio Ubos in Tagbilaran City, Bohol (Declared Important Cultural Property)",NEP 2022,,,,,2022 DepEd - NEP
07,Department of Education (DepEd),004,National Museum of the Philippines,3101,310100200030,"Development of National Museum Complex, Manila, Phase IV",NEP 2022,,,,,2022 DepEd - NEP
07,Department of Education (DepEd),004,National Museum of the Philippines,3101,310100200031,"Construction of National Museum of the Philippines-Baler in Baler, Aurora (Phase II)",NEP 2022,,,,,2022 DepEd - NEP
07,Department of Education (DepEd),004,National Museum of the Philippines,3101,310100200032,"Continued Restoration and Site Development of Our Lady of Caysasay Church and Associated Structures in Taal, Batangas, Phase IV",NEP 2022,,,,,2022 DepEd - NEP
07,Department of Education (DepEd),004,National Museum of the Philippines,3101,310100200033,"Repair and Preventive Conservation Maintenance of Casa Rocha (Important Cultural Property) in Tagbilaran City, Bohol",NEP 2022,,,,,2022 DepEd - NEP
07,Department of Education (DepEd),004,National Museum of the Philippines,3101,310100200034,Restoration and Development of NMP Museums and Declared/Associated Heritage Sites in the Visayas,NEP 2022,,,,,2022 DepEd - NEP
07,Department of Education (DepEd),004,National Museum of the Philippines,3101,310100200035,"Rehabilitation of Former United States Air Force (USAF) Hospital in Clark Freeport, Pampanga, and Conversion to National Museum of the Philippines Central Luzon, Phase II",NEP 2022,,,,,2022 DepEd - NEP
07,Department of Education (DepEd),004,National Museum of the Philippines,3101,310100200036,"Completion of Restoration of Our Lady of Caysasay Church and Associated Structures in Taal, Batangas City",NEP 2022,,,,,2022 DepEd - NEP
07,Department of Education (DepEd),004,National Museum of the Philippines,3101,310100200037,"Rehabilitation of National Museum of the Philippines Kabayan Burial Caves Site Museum and Satellite Office in Kabayan, Benguet, Phase II",NEP 2022,,,,,2022 DepEd - NEP
07,Department of Education (DepEd),004,National Museum of the Philippines,3101,310100200038,Completion of the Development of the National Museum Complex in Manila,NEP 2022,,,,,2022 DepEd - NEP
07,Department of Education (DepEd),004,National Museum of the Philippines,3101,310100200039,"Continuation of the Development of NMP-General Aniceto Lacson Ancestral House in Talisay City, Negros Occidental",NEP 2022,,,,,2022 DepEd - NEP
07,Department of Education (DepEd),004,National Museum of the Philippines,3101,310100200040,Rehabilitation of the Sewerage System of the National Museum of Fine Arts (Old Legislative Building),NEP 2022,,,,,2022 DepEd - NEP
07,Department of Education (DepEd),004,National Museum of the Philippines,3101,310100200041,"Development of NMP-Kalibo, Aklan (Phase 1)",NEP 2022,,,,,2022 DepEd - NEP
07,Department of Education (DepEd),004,National Museum of the Philippines,3101,310100200042,"Development of NMP-Koronadal and Lake Sebu, South Cotabato (Phase 1)",NEP 2022,,,,,2022 DepEd - NEP
07,Department of Education (DepEd),004,National Museum of the Philippines,3101,310100200043,"Repair and Restoration of Boljoon Church Complex, Boljoon, Cebu and Development of NMP-Boljoon, Cebu (Phase 1)",NEP 2022,,,,,2022 DepEd - NEP
07,Department of Education (DepEd),004,National Museum of the Philippines,3101,310100200044,"Development of NMP-Paoay, Paoay, Ilocos Norte",NEP 2022,,,,,2022 DepEd - NEP
07,Department of Education (DepEd),004,National Museum of the Philippines,3101,310100200045,"Development of NMP General Ancieto Lacson Ancestral House, Talisay City, Negros Occidental (Phase 2)",NEP 2022,,,,,2022 DepEd - NEP
07,Department of Education (DepEd),004,National Museum of the Philippines,3101,310100200046,"Development of NMP Kalibo, Aklan (Phase 2)",NEP 2022,,,,,2022 DepEd - NEP
07,Department of Education (DepEd),004,National Museum of the Philippines,3101,310100200047,"Development of NMP Koronadal and Lake Sebu, South Cotabato (Phase 2)",NEP 2022,,,,,2022 DepEd - NEP
07,Department of Education (DepEd),004,National Museum of the Philippines,3101,310100200048,Exhibitions and Fit-out of Various National Museum of the Philippines - Central and Regional Sites - Northern Luzon National Museums,NEP 2022,,,,,2022 DepEd - NEP
07,Department of Education (DepEd),005,Philippine High School for the Arts,1000,100000100001,General Management and Supervision,NEP 2022,15788000.0,29766000.0,0.0,45554000.0,2022 DepEd - NEP
07,Department of Education (DepEd),005,Philippine High School for the Arts,1000,100000100002,Administration of Personnel Benefits,NEP 2022,4699000.0,0.0,0.0,4699000.0,2022 DepEd - NEP
07,Department of Education (DepEd),005,Philippine High School for the Arts,3101,310100100001,"Operation of Philippine High School for the Arts Including Outreach, Screening, Student Exchange Program with Other Countries and Production Activities",NEP 2022,15603000.0,31373000.0,0.0,46976000.0,2022 DepEd - NEP
07,Department of Education (DepEd),006,Early Childhood Care and Development Council,1000,100000100001,General Management and Supervision,NEP 2022,15681000.0,17217000.0,80000.0,32978000.0,2022 DepEd - NEP
07,Department of Education (DepEd),006,Early Childhood Care and Development Council,1000,100000100002,Administration of Personnel Benefits,NEP 2022,,,,,2022 DepEd - NEP
07,Department of Education (DepEd),006,Early Childhood Care and Development Council,3101,310100100001,"Development of Policies, Standards and Guidelines",NEP 2022,0.0,3118000.0,0.0,3118000.0,2022 DepEd - NEP
07,Department of Education (DepEd),006,Early Childhood Care and Development Council,3101,310100100002,Capacity-Building and Institutional Development of Intermediaries and Other Partners,NEP 2022,0.0,22908000.0,0.0,22908000.0,2022 DepEd - NEP
07,Department of Education (DepEd),006,Early Childhood Care and Development Council,3101,310100100003,Accreditation of ECCD Service Providers,NEP 2022,0.0,96000.0,0.0,96000.0,2022 DepEd - NEP
07,Department of Education (DepEd),006,Early Childhood Care and Development Council,3101,310100100004,Establishment of National Child Development Centers,NEP 2022,,,,,2022 DepEd - NEP
07,Department of Education (DepEd),007,National Academy of Sports,1000,100000100001,General Management and Supervision,NEP 2022,17691000.0,131555000.0,0.0,149246000.0,2022 DepEd - NEP
07,Department of Education (DepEd),007,National Academy of Sports,1000,100000100002,Administration of Personnel Benefits,NEP 2022,,,,,2022 DepEd - NEP
07,Department of Education (DepEd),007,National Academy of Sports,3101,310100100001,"Promotion, Development, and Implementation of Quality and Enhanced Sports-Integrated Secondary Education Program",NEP 2022,43125000.0,88113000.0,0.0,131238000.0,2022 DepEd - NEP
07,Department of Education (DepEd),008,Teacher Education Council,1000,100000100001,General Management and Supervision,NEP 2022,,,,,2022 DepEd - NEP
07,Department of Education (DepEd),008,Teacher Education Council,3101,310100100001,Quality Teacher Education Services,NEP 2022,,,,,2022 DepEd - NEP
07,Department of Education (DepEd),001,Office of the Secretary,1000,100000100001,General Administration and Support,GAA 2022,5852307000.0,7635066000.0,20000000.0,13507373000.0,2022 DepEd - GAA
07,Department of Education (DepEd),001,Office of the Secretary,1000,100000100002,Administration of Personnel Benefits,GAA 2022,1164425000.0,0.0,0.0,1164425000.0,2022 DepEd - GAA
07,Department of Education (DepEd),001,Office of the Secretary,2000,200000100001,Physical Fitness and School Sports,GAA 2022,7505000.0,268815000.0,0.0,276320000.0,2022 DepEd - GAA
07,Department of Education (DepEd),001,Office of the Secretary,2000,200000100002,Development and Management of Bilateral and Multilateral Education Projects,GAA 2022,17899000.0,62660000.0,0.0,80559000.0,2022 DepEd - GAA
07,Department of Education (DepEd),001,Office of the Secretary,2000,200000100003,Management and Administration of Learning Resources,GAA 2022,45153000.0,9577000.0,0.0,54730000.0,2022 DepEd - GAA
07,Department of Education (DepEd),001,Office of the Secretary,2000,200000100004,Planning and Management Information Systems,GAA 2022,112355000.0,38087000.0,0.0,150442000.0,2022 DepEd - GAA
07,Department of Education (DepEd),001,Office of the Secretary,2000,200000100005,Education Information and Communication Services,GAA 2022,15268000.0,3357000.0,0.0,18625000.0,2022 DepEd - GAA
07,Department of Education (DepEd),001,Office of the Secretary,2000,200000100006,Learner Support Programs,GAA 2022,2101605000.0,121315000.0,0.0,2222920000.0,2022 DepEd - GAA
07,Department of Education (DepEd),001,Office of the Secretary,2000,200000100007,Building Partnerships and Linkages Program,GAA 2022,6095000.0,114152000.0,0.0,120247000.0,2022 DepEd - GAA
07,Department of Education (DepEd),001,Office of the Secretary,2000,200000100008,Legal Services and Development of Education-Related Laws and Rules,GAA 2022,16899000.0,18716000.0,0.0,35615000.0,2022 DepEd - GAA
07,Department of Education (DepEd),001,Office of the Secretary,2000,200000100009,Child Protection Program,GAA 2022,0.0,26725000.0,0.0,26725000.0,2022 DepEd - GAA
07,Department of Education (DepEd),001,Office of the Secretary,2000,200000100010,Disaster Preparedness and Response Program,GAA 2022,6462000.0,124890000.0,0.0,131352000.0,2022 DepEd - GAA
07,Department of Education (DepEd),001,Office of the Secretary,2000,200000100011,Organizational and Professional Development for Non-Teaching Personnel,GAA 2022,151577000.0,107425000.0,0.0,259002000.0,2022 DepEd - GAA
07,Department of Education (DepEd),001,Office of the Secretary,2000,200000100012,Operational Expenses of the DepEd Task Force on the 2022 National and Local Elections,GAA 2022,0.0,10000000.0,0.0,10000000.0,2022 DepEd - GAA
07,Department of Education (DepEd),001,Office of the Secretary,2000,200000100013,Operational Expenses of the DepEd - Election Task Force,GAA 2022,,,,,2022 DepEd - GAA
07,Department of Education (DepEd),001,Office of the Secretary,3101,310100100001,National Assessment Systems for Basic Education,GAA 2022,22621000.0,123901000.0,0.0,146522000.0,2022 DepEd - GAA
07,Department of Education (DepEd),001,Office of the Secretary,3101,310100100002,Policy and Research Program,GAA 2022,1829037000.0,33543000.0,0.0,1862580000.0,2022 DepEd - GAA
07,Department of Education (DepEd),001,Office of the Secretary,3101,310100100003,Basic Education Curriculum,GAA 2022,105535000.0,73165000.0,0.0,178700000.0,2022 DepEd - GAA
07,Department of Education (DepEd),001,Office of the Secretary,3101,310100100004,"Curriculum Programs, Learning Management Models, Standards and Strategy Development",GAA 2022,5989007000.0,1500000.0,0.0,5990507000.0,2022 DepEd - GAA
07,Department of Education (DepEd),001,Office of the Secretary,3101,310100100005,Development and Promotion of Campus Journalism,GAA 2022,0.0,1984000.0,0.0,1984000.0,2022 DepEd - GAA
07,Department of Education (DepEd),001,Office of the Secretary,3101,310100100006,National Literacy Policies and Programs,GAA 2022,3619000.0,7439000.0,0.0,11058000.0,2022 DepEd - GAA
07,Department of Education (DepEd),001,Office of the Secretary,3101,310100100007,Early Language Literacy and Numeracy,GAA 2022,0.0,22794000.0,0.0,22794000.0,2022 DepEd - GAA
07,Department of Education (DepEd),001,Office of the Secretary,3102,310200100001,Improvement and Acquisition of School Sites,GAA 2022,0.0,80227000.0,65000000.0,145227000.0,2022 DepEd - GAA
07,Department of Education (DepEd),001,Office of the Secretary,3102,310200100002,New School Personnel Positions,GAA 2022,19988504000.0,68741000.0,0.0,20057245000.0,2022 DepEd - GAA
07,Department of Education (DepEd),001,Office of the Secretary,3102,310200100003,Learning Tools and Equipment,GAA 2022,0.0,2319133000.0,405050000.0,2724183000.0,2022 DepEd - GAA
07,Department of Education (DepEd),001,Office of the Secretary,3102,310200100004,Textbooks and Other Instructional Materials,GAA 2022,0.0,963257000.0,0.0,963257000.0,2022 DepEd - GAA
07,Department of Education (DepEd),001,Office of the Secretary,3102,310200100005,Computerization Program,GAA 2022,18740000.0,424826000.0,11317307000.0,11760873000.0,2022 DepEd - GAA
07,Department of Education (DepEd),001,Office of the Secretary,3102,310200100006,Basic Education Facilities,GAA 2022,0.0,1115744000.0,4833669000.0,5949413000.0,2022 DepEd - GAA
07,Department of Education (DepEd),001,Office of the Secretary,3102,310200100007,Conservation and Restoration of Gabaldon and Other Heritage School Buildings,GAA 2022,0.0,0.0,97958000.0,97958000.0,2022 DepEd - GAA
07,Department of Education (DepEd),001,Office of the Secretary,3102,310200100010,Quick Response Fund,GAA 2022,0.0,0.0,2000000000.0,2000000000.0,2022 DepEd - GAA
07,Department of Education (DepEd),001,Office of the Secretary,3102,310200100011,Last Mile Schools Program,GAA 2022,0.0,0.0,1510000000.0,1510000000.0,2022 DepEd - GAA
07,Department of Education (DepEd),001,Office of the Secretary,3102,310200100012,Public Schools Infrastructure Program (PSIP),GAA 2022,,,,,2022 DepEd - GAA
07,Department of Education (DepEd),001,Office of the Secretary,3102,310200200001,Connectivity Enhancement Program for e-Learning in Public Schools,GAA 2022,,,,,2022 DepEd - GAA
07,Department of Education (DepEd),001,Office of the Secretary,3102,310200300001,Infrastructure for Safer and Resilient Schools (ISRS) Project WB Loan No. 9704-PH,GAA 2022,,,,,2022 DepEd - GAA
07,Department of Education (DepEd),001,Office of the Secretary,3103,310300100001,Multigrade Education,GAA 2022,0.0,22266000.0,0.0,22266000.0,2022 DepEd - GAA
07,Department of Education (DepEd),001,Office of the Secretary,3103,310300100002,Indigenous Peoples Education (IPEd) Program,GAA 2022,0.0,144306000.0,0.0,144306000.0,2022 DepEd - GAA
07,Department of Education (DepEd),001,Office of the Secretary,3103,310300100003,Flexible Learning Options (ADM/ALS/EiE),GAA 2022,0.0,15215694000.0,0.0,15215694000.0,2022 DepEd - GAA
07,Department of Education (DepEd),001,Office of the Secretary,3103,310300100004,Madrasah Education Program,GAA 2022,0.0,356830000.0,0.0,356830000.0,2022 DepEd - GAA
07,Department of Education (DepEd),001,Office of the Secretary,3103,310300100005,Special Needs Education Program,GAA 2022,0.0,496203000.0,64000000.0,560203000.0,2022 DepEd - GAA
07,Department of Education (DepEd),001,Office of the Secretary,3104,310400100001,School-Based Feeding Program (SBFP),GAA 2022,0.0,3321709000.0,0.0,3321709000.0,2022 DepEd - GAA
07,Department of Education (DepEd),001,Office of the Secretary,3104,310400100002,Operation of Schools - Elementary (Kinder to Grade 6),GAA 2022,254357883000.0,15497928000.0,0.0,269855811000.0,2022 DepEd - GAA
07,Department of Education (DepEd),001,Office of the Secretary,3104,310400100003,Operation of Schools - Junior High School (Grade 7 to Grade 10),GAA 2022,139453651000.0,10605086000.0,0.0,150058737000.0,2022 DepEd - GAA
07,Department of Education (DepEd),001,Office of the Secretary,3104,310400100004,Operation of Schools - Senior High School (Grade 11 to Grade 12),GAA 2022,37270126000.0,3924958000.0,0.0,41195084000.0,2022 DepEd - GAA
07,Department of Education (DepEd),001,Office of the Secretary,3104,310400100005,Government Assistance and Subsidies - Educational Service Contracting (ESC) Program for Private Junior High School (per RA No. 8545),GAA 2022,,,,,2022 DepEd - GAA
07,Department of Education (DepEd),001,Office of the Secretary,3104,310400100006,Government Assistance and Subsidies - Voucher Program for Private Senior High School (per RA No. 10533),GAA 2022,0.0,0.0,0.0,,2022 DepEd - GAA
07,Department of Education (DepEd),001,Office of the Secretary,3104,310400100007,Government Assistance and Subsidies - Voucher Program for Non-DepEd Public High School (per RA No. 10533),GAA 2022,0.0,0.0,0.0,,2022 DepEd - GAA
07,Department of Education (DepEd),001,Office of the Secretary,3104,310400100008,Joint Delivery Voucher for Senior High School Technical Vocational and Livelihood Specializations,GAA 2022,0.0,1159960000.0,0.0,1159960000.0,2022 DepEd - GAA
07,Department of Education (DepEd),001,Office of the Secretary,3104,310400100009,Operational Requirements of Sports Academy and Training Centers,GAA 2022,,,,,2022 DepEd - GAA
07,Department of Education (DepEd),001,Office of the Secretary,3104,310400100010,"Implementation of the Grant of Cash Allowance, Hardship Pay, and Reclassification of Positions",GAA 2022,3406511000.0,4368525000.0,0.0,7775036000.0,2022 DepEd - GAA
07,Department of Education (DepEd),001,Office of the Secretary,3104,310400100011,School Dental Health Care Program,GAA 2022,0.0,0.0,0.0,,2022 DepEd - GAA
07,Department of Education (DepEd),001,Office of the Secretary,3104,310400100013,World Teachers' Day Incentive Benefits,GAA 2022,925178000.0,0.0,0.0,925178000.0,2022 DepEd - GAA
07,Department of Education (DepEd),001,Office of the Secretary,3104,310400100014,Establishment and Operational Requirement of the National Academy of Sports,GAA 2022,0.0,0.0,0.0,,2022 DepEd - GAA
07,Department of Education (DepEd),001,Office of the Secretary,3104,310400100015,Government Assistance and Subsidies - Educational Service Contracting (ESC) Program for Private Junior High School (per R.A. No. 8545),GAA 2022,0.0,10673583000.0,0.0,10673583000.0,2022 DepEd - GAA
07,Department of Education (DepEd),001,Office of the Secretary,3104,310400100016,Government Assistance and Subsidies - Senior High School Voucher Program,GAA 2022,0.0,0.0,0.0,,2022 DepEd - GAA
07,Department of Education (DepEd),001,Office of the Secretary,3104,310400100017,Subsidies - Senior High School Voucher Program,GAA 2022,0.0,16534202000.0,0.0,16534202000.0,2022 DepEd - GAA
07,Department of Education (DepEd),001,Office of the Secretary,3104,310400100018,"Government Assistance and Subsidies - Training and Upgrading Knowledge for Learners, Teachers, and Achievers in Schools (GAS-TUKLAS)",GAA 2022,,,,,2022 DepEd - GAA
07,Department of Education (DepEd),001,Office of the Secretary,3104,310400100019,School Innovation and Improvement Fund (SIIF) to all DepEd Public Schools,GAA 2022,,,,,2022 DepEd - GAA
07,Department of Education (DepEd),001,Office of the Secretary,3105,310500100001,Human Resource Development for Personnel in Schools and Learning Centers,GAA 2022,22104000.0,1818572000.0,59700000.0,1900376000.0,2022 DepEd - GAA
07,Department of Education (DepEd),001,Office of the Secretary,3105,310500100002,Teacher Quality and Development Program,GAA 2022,3744000.0,620000.0,0.0,4364000.0,2022 DepEd - GAA
07,Department of Education (DepEd),001,Office of the Secretary,3105,310500300001,Teacher Effectiveness and Competencies Enhancement Project (TEACEP) WB Loan No. 9481-PH,GAA 2022,,,,,2022 DepEd - GAA
07,Department of Education (DepEd),002,National Book Development Board,1000,100000100001,General Management and Supervision,GAA 2022,14856000.0,20252000.0,4585000.0,39693000.0,2022 DepEd - GAA
07,Department of Education (DepEd),002,National Book Development Board,1000,100000100002,Administration of Personnel Benefits,GAA 2022,,,,,2022 DepEd - GAA
07,Department of Education (DepEd),002,National Book Development Board,3101,310100100001,Capacity Building and Trade Promotion Incentives,GAA 2022,5630000.0,40929000.0,0.0,46559000.0,2022 DepEd - GAA
07,Department of Education (DepEd),002,National Book Development Board,3101,310100100002,"Administration of Awards, Grants, and Incentives",GAA 2022,2638000.0,8983000.0,0.0,11621000.0,2022 DepEd - GAA
07,Department of Education (DepEd),002,National Book Development Board,3101,310100100003,"Policy Development, Research, Information System Management, and Information Campaign",GAA 2022,2532000.0,4913000.0,0.0,7445000.0,2022 DepEd - GAA
07,Department of Education (DepEd),003,National Council for Children's Television,1000,100000100001,General Management and Supervision,GAA 2022,6580000.0,5236000.0,2600000.0,14416000.0,2022 DepEd - GAA
07,Department of Education (DepEd),003,National Council for Children's Television,3101,310100100001,Child-Friendly Television Development Services,GAA 2022,5063000.0,16744000.0,4000000.0,25807000.0,2022 DepEd - GAA
07,Department of Education (DepEd),004,National Museum of the Philippines,1000,100000100001,General Management and Supervision,GAA 2022,45026000.0,140241000.0,11176000.0,196443000.0,2022 DepEd - GAA
07,Department of Education (DepEd),004,National Museum of the Philippines,1000,100000100002,Administration of Personnel Benefits,GAA 2022,1947000.0,0.0,0.0,1947000.0,2022 DepEd - GAA
07,Department of Education (DepEd),004,National Museum of the Philippines,2000,200000100001,Project Monitoring and Evaluation Services,GAA 2022,1233000.0,704000.0,0.0,1937000.0,2022 DepEd - GAA
07,Department of Education (DepEd),004,National Museum of the Philippines,3101,310100100001,Management and Development of the National Collections and Related Knowledge Resources (Including Participation to International Meetings and Conferences),GAA 2022,115340000.0,99777000.0,6600000.0,221717000.0,2022 DepEd - GAA
07,Department of Education (DepEd),004,National Museum of the Philippines,3101,310100100002,"Restoration, Preservation, Protection and Development of Cultural Property",GAA 2022,19086000.0,75670000.0,0.0,94756000.0,2022 DepEd - GAA
07,Department of Education (DepEd),004,National Museum of the Philippines,3101,310100200015,"Restoration of Malacanang sa Sugbo, Cebu City and Converrsion to National Museum Cebu",GAA 2022,,,,,2022 DepEd - GAA
07,Department of Education (DepEd),004,National Museum of the Philippines,3101,310100200016,Development of the National Museum Complex in Manila - Phase 1 (to implement Republic Act No. 11333),GAA 2022,,,,,2022 DepEd - GAA
07,Department of Education (DepEd),004,National Museum of the Philippines,3101,310100200017,"Nightly repair of the Church of Our Lady of Caysasay and associated structures, a declared national cultural treasure in Taal, Batangas",GAA 2022,,,,,2022 DepEd - GAA
07,Department of Education (DepEd),004,National Museum of the Philippines,3101,310100200018,Continuation of Construction of National Museum Building in Davao City,GAA 2022,0.0,0.0,100000000.0,100000000.0,2022 DepEd - GAA
07,Department of Education (DepEd),004,National Museum of the Philippines,3101,310100200019,Development of the National Museum Complex in Rizal Park - Manila Phase II,GAA 2022,0.0,0.0,21105000.0,21105000.0,2022 DepEd - GAA
07,Department of Education (DepEd),004,National Museum of the Philippines,3101,310100200020,Development of Information Management Systems,GAA 2022,0.0,1522000.0,734000.0,2256000.0,2022 DepEd - GAA
07,Department of Education (DepEd),004,National Museum of the Philippines,3101,310100200021,"Restoration and Continued Repair of Our Lady of Caysasay Church and Associated Structures (National Cultural Treasure) in Taal, Batangas",GAA 2022,0.0,0.0,30422000.0,30422000.0,2022 DepEd - GAA
07,Department of Education (DepEd),004,National Museum of the Philippines,3101,310100200022,"Restoration of the Old Municipal Hall and the Municipal Plaza (Important Cultural Properties) in Balilihan, Bohol",GAA 2022,0.0,0.0,11000000.0,11000000.0,2022 DepEd - GAA
07,Department of Education (DepEd),004,National Museum of the Philippines,3101,310100200023,"Development of National Museum Complex, Manila, Phase 3",GAA 2022,,,,,2022 DepEd - GAA
07,Department of Education (DepEd),004,National Museum of the Philippines,3101,310100200024,"Continued Restoration and Site Development of Our Lady of Caysasay Church and Associated Structures in Taal, Batangas, Phase 3",GAA 2022,,,,,2022 DepEd - GAA
07,Department of Education (DepEd),004,National Museum of the Philippines,3101,310100200025,"Rehabilitation of Former United States Air Force (USAF) Hospital in Clark Freeport, Pampanga and Conversion to National Museum of the Philippines Central Luzon, Phase 1",GAA 2022,,,,,2022 DepEd - GAA
07,Department of Education (DepEd),004,National Museum of the Philippines,3101,310100200026,"Construction of National Museum of the Philippines-Baler in Baler, Aurora",GAA 2022,,,,,2022 DepEd - GAA
07,Department of Education (DepEd),004,National Museum of the Philippines,3101,310100200027,Exhibitions and Fit-Out of Various National Museum of the Philippines - Central and Regional Sites,GAA 2022,,,,,2022 DepEd - GAA
07,Department of Education (DepEd),004,National Museum of the Philippines,3101,310100200028,"Rehabilitation of National Museum of the Philippines-Kabayan Burial Cave Site Museum and Satellite Office in Kabayan, Benguet",GAA 2022,,,,,2022 DepEd - GAA
07,Department of Education (DepEd),004,National Museum of the Philippines,3101,310100200029,"Improvement of Rocha House in Sitio Ubos in Tagbilaran City, Bohol (Declared Important Cultural Property)",GAA 2022,,,,,2022 DepEd - GAA
07,Department of Education (DepEd),004,National Museum of the Philippines,3101,310100200030,"Development of National Museum Complex, Manila, Phase IV",GAA 2022,,,,,2022 DepEd - GAA
07,Department of Education (DepEd),004,National Museum of the Philippines,3101,310100200031,"Construction of National Museum of the Philippines-Baler in Baler, Aurora (Phase II)",GAA 2022,,,,,2022 DepEd - GAA
07,Department of Education (DepEd),004,National Museum of the Philippines,3101,310100200032,"Continued Restoration and Site Development of Our Lady of Caysasay Church and Associated Structures in Taal, Batangas, Phase IV",GAA 2022,,,,,2022 DepEd - GAA
07,Department of Education (DepEd),004,National Museum of the Philippines,3101,310100200033,"Repair and Preventive Conservation Maintenance of Casa Rocha (Important Cultural Property) in Tagbilaran City, Bohol",GAA 2022,,,,,2022 DepEd - GAA
07,Department of Education (DepEd),004,National Museum of the Philippines,3101,310100200034,Restoration and Development of NMP Museums and Declared/Associated Heritage Sites in the Visayas,GAA 2022,,,,,2022 DepEd - GAA
07,Department of Education (DepEd),004,National Museum of the Philippines,3101,310100200035,"Rehabilitation of Former United States Air Force (USAF) Hospital in Clark Freeport, Pampanga, and Conversion to National Museum of the Philippines Central Luzon, Phase II",GAA 2022,,,,,2022 DepEd - GAA
07,Department of Education (DepEd),004,National Museum of the Philippines,3101,310100200036,"Completion of Restoration of Our Lady of Caysasay Church and Associated Structures in Taal, Batangas City",GAA 2022,,,,,2022 DepEd - GAA
07,Department of Education (DepEd),004,National Museum of the Philippines,3101,310100200037,"Rehabilitation of National Museum of the Philippines Kabayan Burial Caves Site Museum and Satellite Office in Kabayan, Benguet, Phase II",GAA 2022,,,,,2022 DepEd - GAA
07,Department of Education (DepEd),004,National Museum of the Philippines,3101,310100200038,Completion of the Development of the National Museum Complex in Manila,GAA 2022,,,,,2022 DepEd - GAA
07,Department of Education (DepEd),004,National Museum of the Philippines,3101,310100200039,"Continuation of the Development of NMP-General Aniceto Lacson Ancestral House in Talisay City, Negros Occidental",GAA 2022,,,,,2022 DepEd - GAA
07,Department of Education (DepEd),004,National Museum of the Philippines,3101,310100200040,Rehabilitation of the Sewerage System of the National Museum of Fine Arts (Old Legislative Building),GAA 2022,,,,,2022 DepEd - GAA
07,Department of Education (DepEd),004,National Museum of the Philippines,3101,310100200041,"Development of NMP-Kalibo, Aklan (Phase 1)",GAA 2022,,,,,2022 DepEd - GAA
07,Department of Education (DepEd),004,National Museum of the Philippines,3101,310100200042,"Development of NMP-Koronadal and Lake Sebu, South Cotabato (Phase 1)",GAA 2022,,,,,2022 DepEd - GAA
07,Department of Education (DepEd),004,National Museum of the Philippines,3101,310100200043,"Repair and Restoration of Boljoon Church Complex, Boljoon, Cebu and Development of NMP-Boljoon, Cebu (Phase 1)",GAA 2022,,,,,2022 DepEd - GAA
07,Department of Education (DepEd),004,National Museum of the Philippines,3101,310100200044,"Development of NMP-Paoay, Paoay, Ilocos Norte",GAA 2022,,,,,2022 DepEd - GAA
07,Department of Education (DepEd),004,National Museum of the Philippines,3101,310100200045,"Development of NMP General Ancieto Lacson Ancestral House, Talisay City, Negros Occidental (Phase 2)",GAA 2022,,,,,2022 DepEd - GAA
07,Department of Education (DepEd),004,National Museum of the Philippines,3101,310100200046,"Development of NMP Kalibo, Aklan (Phase 2)",GAA 2022,,,,,2022 DepEd - GAA
07,Department of Education (DepEd),004,National Museum of the Philippines,3101,310100200047,"Development of NMP Koronadal and Lake Sebu, South Cotabato (Phase 2)",GAA 2022,,,,,2022 DepEd - GAA
07,Department of Education (DepEd),004,National Museum of the Philippines,3101,310100200048,Exhibitions and Fit-out of Various National Museum of the Philippines - Central and Regional Sites - Northern Luzon National Museums,GAA 2022,,,,,2022 DepEd - GAA
07,Department of Education (DepEd),005,Philippine High School for the Arts,1000,100000100001,General Management and Supervision,GAA 2022,15788000.0,30746000.0,2957000.0,49491000.0,2022 DepEd - GAA
07,Department of Education (DepEd),005,Philippine High School for the Arts,1000,100000100002,Administration of Personnel Benefits,GAA 2022,4699000.0,0.0,0.0,4699000.0,2022 DepEd - GAA
07,Department of Education (DepEd),005,Philippine High School for the Arts,3101,310100100001,"Operation of Philippine High School for the Arts Including Outreach, Screening, Student Exchange Program with Other Countries and Production Activities",GAA 2022,15603000.0,33141000.0,1000000.0,49744000.0,2022 DepEd - GAA
07,Department of Education (DepEd),006,Early Childhood Care and Development Council,1000,100000100001,General Management and Supervision,GAA 2022,15681000.0,17217000.0,1380000.0,34278000.0,2022 DepEd - GAA
07,Department of Education (DepEd),006,Early Childhood Care and Development Council,1000,100000100002,Administration of Personnel Benefits,GAA 2022,,,,,2022 DepEd - GAA
07,Department of Education (DepEd),006,Early Childhood Care and Development Council,3101,310100100001,"Development of Policies, Standards and Guidelines",GAA 2022,0.0,3118000.0,0.0,3118000.0,2022 DepEd - GAA
07,Department of Education (DepEd),006,Early Childhood Care and Development Council,3101,310100100002,Capacity-Building and Institutional Development of Intermediaries and Other Partners,GAA 2022,0.0,22908000.0,0.0,22908000.0,2022 DepEd - GAA
07,Department of Education (DepEd),006,Early Childhood Care and Development Council,3101,310100100003,Accreditation of ECCD Service Providers,GAA 2022,0.0,96000.0,0.0,96000.0,2022 DepEd - GAA
07,Department of Education (DepEd),006,Early Childhood Care and Development Council,3101,310100100004,Establishment of National Child Development Centers,GAA 2022,0.0,182383000.0,0.0,182383000.0,2022 DepEd - GAA
07,Department of Education (DepEd),007,National Academy of Sports,1000,100000100001,General Management and Supervision,GAA 2022,17691000.0,131555000.0,0.0,149246000.0,2022 DepEd - GAA
07,Department of Education (DepEd),007,National Academy of Sports,1000,100000100002,Administration of Personnel Benefits,GAA 2022,,,,,2022 DepEd - GAA
07,Department of Education (DepEd),007,National Academy of Sports,3101,310100100001,"Promotion, Development, and Implementation of Quality and Enhanced Sports-Integrated Secondary Education Program",GAA 2022,43125000.0,145594000.0,0.0,188719000.0,2022 DepEd - GAA
07,Department of Education (DepEd),008,Teacher Education Council,1000,100000100001,General Management and Supervision,GAA 2022,,,,,2022 DepEd - GAA
07,Department of Education (DepEd),008,Teacher Education Council,3101,310100100001,Quality Teacher Education Services,GAA 2022,,,,,2022 DepEd - GAA
07,Department of Education (DepEd),001,Office of the Secretary,1000,100000100001,General Administration and Support,Authorized Appropriations 2022,6376549000.0,7635066000.0,88750000.0,14100365000,2022 DepEd - Authorized Appro
07,Department of Education (DepEd),001,Office of the Secretary,1000,100000100002,Administration of Personnel Benefits,Authorized Appropriations 2022,1164425000.0,0.0,0.0,1164425000,2022 DepEd - Authorized Appro
07,Department of Education (DepEd),001,Office of the Secretary,2000,200000100001,Physical Fitness and School Sports,Authorized Appropriations 2022,8210000.0,268815000.0,0.0,277025000,2022 DepEd - Authorized Appro
07,Department of Education (DepEd),001,Office of the Secretary,2000,200000100002,Development and Management of Bilateral and Multilateral Education Projects,Authorized Appropriations 2022,19577000.0,62660000.0,0.0,82237000,2022 DepEd - Authorized Appro
07,Department of Education (DepEd),001,Office of the Secretary,2000,200000100003,Management and Administration of Learning Resources,Authorized Appropriations 2022,49334000.0,9577000.0,0.0,58911000,2022 DepEd - Authorized Appro
07,Department of Education (DepEd),001,Office of the Secretary,2000,200000100004,Planning and Management Information Systems,Authorized Appropriations 2022,122790000.0,38087000.0,0.0,160877000,2022 DepEd - Authorized Appro
07,Department of Education (DepEd),001,Office of the Secretary,2000,200000100005,Education Information and Communication Services,Authorized Appropriations 2022,16681000.0,3357000.0,0.0,20038000,2022 DepEd - Authorized Appro
07,Department of Education (DepEd),001,Office of the Secretary,2000,200000100006,Learner Support Programs,Authorized Appropriations 2022,2242234000.0,121315000.0,0.0,2363549000,2022 DepEd - Authorized Appro
07,Department of Education (DepEd),001,Office of the Secretary,2000,200000100007,Building Partnerships and Linkages Program,Authorized Appropriations 2022,6657000.0,114152000.0,0.0,120809000,2022 DepEd - Authorized Appro
07,Department of Education (DepEd),001,Office of the Secretary,2000,200000100008,Legal Services and Development of Education-Related Laws and Rules,Authorized Appropriations 2022,18491000.0,18716000.0,0.0,37207000,2022 DepEd - Authorized Appro
07,Department of Education (DepEd),001,Office of the Secretary,2000,200000100009,Child Protection Program,Authorized Appropriations 2022,0.0,26725000.0,0.0,26725000,2022 DepEd - Authorized Appro
07,Department of Education (DepEd),001,Office of the Secretary,2000,200000100010,Disaster Preparedness and Response Program,Authorized Appropriations 2022,7072000.0,124890000.0,0.0,131962000,2022 DepEd - Authorized Appro
07,Department of Education (DepEd),001,Office of the Secretary,2000,200000100011,Organizational and Professional Development for Non-Teaching Personnel,Authorized Appropriations 2022,165798000.0,107425000.0,0.0,273223000,2022 DepEd - Authorized Appro
07,Department of Education (DepEd),001,Office of the Secretary,2000,200000100012,Operational Expenses of the DepEd Task Force on the 2022 National and Local Elections,Authorized Appropriations 2022,0.0,10000000.0,0.0,10000000,2022 DepEd - Authorized Appro
07,Department of Education (DepEd),001,Office of the Secretary,2000,200000100013,Operational Expenses of the DepEd - Election Task Force,Authorized Appropriations 2022,,,,0,2022 DepEd - Authorized Appro
07,Department of Education (DepEd),001,Office of the Secretary,3101,310100100001,National Assessment Systems for Basic Education,Authorized Appropriations 2022,24719000.0,123901000.0,0.0,148620000,2022 DepEd - Authorized Appro
07,Department of Education (DepEd),001,Office of the Secretary,3101,310100100002,Policy and Research Program,Authorized Appropriations 2022,2000352000.0,33543000.0,0.0,2033895000,2022 DepEd - Authorized Appro
07,Department of Education (DepEd),001,Office of the Secretary,3101,310100100003,Basic Education Curriculum,Authorized Appropriations 2022,115552000.0,73165000.0,0.0,188717000,2022 DepEd - Authorized Appro
07,Department of Education (DepEd),001,Office of the Secretary,3101,310100100004,"Curriculum Programs, Learning Management Models, Standards and Strategy Development",Authorized Appropriations 2022,6565582000.0,1500000.0,0.0,6567082000,2022 DepEd - Authorized Appro
07,Department of Education (DepEd),001,Office of the Secretary,3101,310100100005,Development and Promotion of Campus Journalism,Authorized Appropriations 2022,0.0,1984000.0,0.0,1984000,2022 DepEd - Authorized Appro
07,Department of Education (DepEd),001,Office of the Secretary,3101,310100100006,National Literacy Policies and Programs,Authorized Appropriations 2022,3952000.0,7439000.0,0.0,11391000,2022 DepEd - Authorized Appro
07,Department of Education (DepEd),001,Office of the Secretary,3101,310100100007,Early Language Literacy and Numeracy,Authorized Appropriations 2022,0.0,22794000.0,0.0,22794000,2022 DepEd - Authorized Appro
07,Department of Education (DepEd),001,Office of the Secretary,3102,310200100001,Improvement and Acquisition of School Sites,Authorized Appropriations 2022,0.0,80227000.0,65000000.0,145227000,2022 DepEd - Authorized Appro
07,Department of Education (DepEd),001,Office of the Secretary,3102,310200100002,New School Personnel Positions,Authorized Appropriations 2022,19988504000.0,137482000.0,0.0,20125986000,2022 DepEd - Authorized Appro
07,Department of Education (DepEd),001,Office of the Secretary,3102,310200100003,Learning Tools and Equipment,Authorized Appropriations 2022,0.0,2319133000.0,405050000.0,2724183000,2022 DepEd - Authorized Appro
07,Department of Education (DepEd),001,Office of the Secretary,3102,310200100004,Textbooks and Other Instructional Materials,Authorized Appropriations 2022,0.0,963257000.0,0.0,963257000,2022 DepEd - Authorized Appro
07,Department of Education (DepEd),001,Office of the Secretary,3102,310200100005,Computerization Program,Authorized Appropriations 2022,20497000.0,424826000.0,11317307000.0,11762630000,2022 DepEd - Authorized Appro
07,Department of Education (DepEd),001,Office of the Secretary,3102,310200100006,Basic Education Facilities,Authorized Appropriations 2022,0.0,1115744000.0,4833706187.0,5949450187,2022 DepEd - Authorized Appro
07,Department of Education (DepEd),001,Office of the Secretary,3102,310200100007,Conservation and Restoration of Gabaldon and Other Heritage School Buildings,Authorized Appropriations 2022,0.0,0.0,97958000.0,97958000,2022 DepEd - Authorized Appro
07,Department of Education (DepEd),001,Office of the Secretary,3102,310200100010,Quick Response Fund,Authorized Appropriations 2022,0.0,0.0,2000000000.0,2000000000,2022 DepEd - Authorized Appro
07,Department of Education (DepEd),001,Office of the Secretary,3102,310200100011,Last Mile Schools Program,Authorized Appropriations 2022,0.0,0.0,1510000000.0,1510000000,2022 DepEd - Authorized Appro
07,Department of Education (DepEd),001,Office of the Secretary,3102,310200100012,Public Schools Infrastructure Program (PSIP),Authorized Appropriations 2022,,,,0,2022 DepEd - Authorized Appro
07,Department of Education (DepEd),001,Office of the Secretary,3102,310200200001,Connectivity Enhancement Program for e-Learning in Public Schools,Authorized Appropriations 2022,,,,0,2022 DepEd - Authorized Appro
07,Department of Education (DepEd),001,Office of the Secretary,3102,310200300001,Infrastructure for Safer and Resilient Schools (ISRS) Project WB Loan No. 9704-PH,Authorized Appropriations 2022,,,,0,2022 DepEd - Authorized Appro
07,Department of Education (DepEd),001,Office of the Secretary,3103,310300100001,Multigrade Education,Authorized Appropriations 2022,0.0,22266000.0,0.0,22266000,2022 DepEd - Authorized Appro
07,Department of Education (DepEd),001,Office of the Secretary,3103,310300100002,Indigenous Peoples Education (IPEd) Program,Authorized Appropriations 2022,0.0,144306000.0,0.0,144306000,2022 DepEd - Authorized Appro
07,Department of Education (DepEd),001,Office of the Secretary,3103,310300100003,Flexible Learning Options (ADM/ALS/EiE),Authorized Appropriations 2022,0.0,15568092000.0,0.0,15568092000,2022 DepEd - Authorized Appro
07,Department of Education (DepEd),001,Office of the Secretary,3103,310300100004,Madrasah Education Program,Authorized Appropriations 2022,0.0,356830000.0,0.0,356830000,2022 DepEd - Authorized Appro
07,Department of Education (DepEd),001,Office of the Secretary,3103,310300100005,Special Needs Education Program,Authorized Appropriations 2022,0.0,496203000.0,64000000.0,560203000,2022 DepEd - Authorized Appro
07,Department of Education (DepEd),001,Office of the Secretary,3104,310400100001,School-Based Feeding Program (SBFP),Authorized Appropriations 2022,0.0,3321709000.0,0.0,3321709000,2022 DepEd - Authorized Appro
07,Department of Education (DepEd),001,Office of the Secretary,3104,310400100002,Operation of Schools - Elementary (Kinder to Grade 6),Authorized Appropriations 2022,277584795000.0,15497928000.0,0.0,293082723000,2022 DepEd - Authorized Appro
07,Department of Education (DepEd),001,Office of the Secretary,3104,310400100003,Operation of Schools - Junior High School (Grade 7 to Grade 10),Authorized Appropriations 2022,151987276000.0,10605086000.0,0.0,162592362000,2022 DepEd - Authorized Appro
07,Department of Education (DepEd),001,Office of the Secretary,3104,310400100004,Operation of Schools - Senior High School (Grade 11 to Grade 12),Authorized Appropriations 2022,40632025000.0,3924958000.0,0.0,44556983000,2022 DepEd - Authorized Appro
07,Department of Education (DepEd),001,Office of the Secretary,3104,310400100005,Government Assistance and Subsidies - Educational Service Contracting (ESC) Program for Private Junior High School (per RA No. 8545),Authorized Appropriations 2022,0.0,11236101000.0,0.0,11236101000,2022 DepEd - Authorized Appro
07,Department of Education (DepEd),001,Office of the Secretary,3104,310400100006,Government Assistance and Subsidies - Voucher Program for Private Senior High School (per RA No. 10533),Authorized Appropriations 2022,0.0,0.0,0.0,0,2022 DepEd - Authorized Appro
07,Department of Education (DepEd),001,Office of the Secretary,3104,310400100007,Government Assistance and Subsidies - Voucher Program for Non-DepEd Public High School (per RA No. 10533),Authorized Appropriations 2022,0.0,16534202000.0,0.0,16534202000,2022 DepEd - Authorized Appro
07,Department of Education (DepEd),001,Office of the Secretary,3104,310400100008,Joint Delivery Voucher for Senior High School Technical Vocational and Livelihood Specializations,Authorized Appropriations 2022,0.0,1159960000.0,0.0,1159960000,2022 DepEd - Authorized Appro
07,Department of Education (DepEd),001,Office of the Secretary,3104,310400100009,Operational Requirements of Sports Academy and Training Centers,Authorized Appropriations 2022,,,,0,2022 DepEd - Authorized Appro
07,Department of Education (DepEd),001,Office of the Secretary,3104,310400100010,"Implementation of the Grant of Cash Allowance, Hardship Pay, and Reclassification of Positions",Authorized Appropriations 2022,3406511000.0,4368525000.0,0.0,7775036000,2022 DepEd - Authorized Appro
07,Department of Education (DepEd),001,Office of the Secretary,3104,310400100011,School Dental Health Care Program,Authorized Appropriations 2022,,,,0,2022 DepEd - Authorized Appro
07,Department of Education (DepEd),001,Office of the Secretary,3104,310400100013,World Teachers' Day Incentive Benefits,Authorized Appropriations 2022,925178000.0,0.0,0.0,925178000,2022 DepEd - Authorized Appro
07,Department of Education (DepEd),001,Office of the Secretary,3104,310400100014,Establishment and Operational Requirement of the National Academy of Sports,Authorized Appropriations 2022,0.0,163455925.0,0.0,163455925,2022 DepEd - Authorized Appro
07,Department of Education (DepEd),001,Office of the Secretary,3104,310400100015,Government Assistance and Subsidies - Educational Service Contracting (ESC) Program for Private Junior High School (per R.A. No. 8545),Authorized Appropriations 2022,0.0,11236101000.0,0.0,11236101000,2022 DepEd - Authorized Appro
07,Department of Education (DepEd),001,Office of the Secretary,3104,310400100016,Government Assistance and Subsidies - Senior High School Voucher Program,Authorized Appropriations 2022,,,,0,2022 DepEd - Authorized Appro
07,Department of Education (DepEd),001,Office of the Secretary,3104,310400100017,Subsidies - Senior High School Voucher Program,Authorized Appropriations 2022,0.0,16534202000.0,0.0,16534202000,2022 DepEd - Authorized Appro
07,Department of Education (DepEd),001,Office of the Secretary,3104,310400100018,"Government Assistance and Subsidies - Training and Upgrading Knowledge for Learners, Teachers, and Achievers in Schools (GAS-TUKLAS)",Authorized Appropriations 2022,,,,0,2022 DepEd - Authorized Appro
07,Department of Education (DepEd),001,Office of the Secretary,3104,310400100019,School Innovation and Improvement Fund (SIIF) to all DepEd Public Schools,Authorized Appropriations 2022,,,,0,2022 DepEd - Authorized Appro
07,Department of Education (DepEd),001,Office of the Secretary,3105,310500100001,Human Resource Development for Personnel in Schools and Learning Centers,Authorized Appropriations 2022,24187000.0,1818572000.0,59700000.0,1902459000,2022 DepEd - Authorized Appro
07,Department of Education (DepEd),001,Office of the Secretary,3105,310500100002,Teacher Quality and Development Program,Authorized Appropriations 2022,4096000.0,620000.0,0.0,4716000,2022 DepEd - Authorized Appro
07,Department of Education (DepEd),001,Office of the Secretary,3105,310500300001,Teacher Effectiveness and Competencies Enhancement Project (TEACEP) WB Loan No. 9481-PH,Authorized Appropriations 2022,,,,0,2022 DepEd - Authorized Appro
07,Department of Education (DepEd),002,National Book Development Board,1000,100000100001,General Management and Supervision,Authorized Appropriations 2022,,,,0,2022 DepEd - Authorized Appro
07,Department of Education (DepEd),002,National Book Development Board,1000,100000100002,Administration of Personnel Benefits,Authorized Appropriations 2022,,,,0,2022 DepEd - Authorized Appro
07,Department of Education (DepEd),002,National Book Development Board,3101,310100100001,Capacity Building and Trade Promotion Incentives,Authorized Appropriations 2022,,,,0,2022 DepEd - Authorized Appro
07,Department of Education (DepEd),002,National Book Development Board,3101,310100100002,"Administration of Awards, Grants, and Incentives",Authorized Appropriations 2022,,,,0,2022 DepEd - Authorized Appro
07,Department of Education (DepEd),002,National Book Development Board,3101,310100100003,"Policy Development, Research, Information System Management, and Information Campaign",Authorized Appropriations 2022,,,,0,2022 DepEd - Authorized Appro
07,Department of Education (DepEd),003,National Council for Children's Television,1000,100000100001,General Management and Supervision,Authorized Appropriations 2022,,,,0,2022 DepEd - Authorized Appro
07,Department of Education (DepEd),003,National Council for Children's Television,3101,310100100001,Child-Friendly Television Development Services,Authorized Appropriations 2022,,,,0,2022 DepEd - Authorized Appro
07,Department of Education (DepEd),004,National Museum of the Philippines,1000,100000100001,General Management and Supervision,Authorized Appropriations 2022,,,,0,2022 DepEd - Authorized Appro
07,Department of Education (DepEd),004,National Museum of the Philippines,1000,100000100002,Administration of Personnel Benefits,Authorized Appropriations 2022,,,,0,2022 DepEd - Authorized Appro
07,Department of Education (DepEd),004,National Museum of the Philippines,2000,200000100001,Project Monitoring and Evaluation Services,Authorized Appropriations 2022,,,,0,2022 DepEd - Authorized Appro
07,Department of Education (DepEd),004,National Museum of the Philippines,3101,310100100001,Management and Development of the National Collections and Related Knowledge Resources (Including Participation to International Meetings and Conferences),Authorized Appropriations 2022,,,,0,2022 DepEd - Authorized Appro
07,Department of Education (DepEd),004,National Museum of the Philippines,3101,310100100002,"Restoration, Preservation, Protection and Development of Cultural Property",Authorized Appropriations 2022,,,,0,2022 DepEd - Authorized Appro
07,Department of Education (DepEd),004,National Museum of the Philippines,3101,310100200015,"Restoration of Malacanang sa Sugbo, Cebu City and Converrsion to National Museum Cebu",Authorized Appropriations 2022,,,,0,2022 DepEd - Authorized Appro
07,Department of Education (DepEd),004,National Museum of the Philippines,3101,310100200016,Development of the National Museum Complex in Manila - Phase 1 (to implement Republic Act No. 11333),Authorized Appropriations 2022,,,,0,2022 DepEd - Authorized Appro
07,Department of Education (DepEd),004,National Museum of the Philippines,3101,310100200017,"Nightly repair of the Church of Our Lady of Caysasay and associated structures, a declared national cultural treasure in Taal, Batangas",Authorized Appropriations 2022,,,,0,2022 DepEd - Authorized Appro
07,Department of Education (DepEd),004,National Museum of the Philippines,3101,310100200018,Continuation of Construction of National Museum Building in Davao City,Authorized Appropriations 2022,,,,0,2022 DepEd - Authorized Appro
07,Department of Education (DepEd),004,National Museum of the Philippines,3101,310100200019,Development of the National Museum Complex in Rizal Park - Manila Phase II,Authorized Appropriations 2022,,,,0,2022 DepEd - Authorized Appro
07,Department of Education (DepEd),004,National Museum of the Philippines,3101,310100200020,Development of Information Management Systems,Authorized Appropriations 2022,,,,0,2022 DepEd - Authorized Appro
07,Department of Education (DepEd),004,National Museum of the Philippines,3101,310100200021,"Restoration and Continued Repair of Our Lady of Caysasay Church and Associated Structures (National Cultural Treasure) in Taal, Batangas",Authorized Appropriations 2022,,,,0,2022 DepEd - Authorized Appro
07,Department of Education (DepEd),004,National Museum of the Philippines,3101,310100200022,"Restoration of the Old Municipal Hall and the Municipal Plaza (Important Cultural Properties) in Balilihan, Bohol",Authorized Appropriations 2022,,,,0,2022 DepEd - Authorized Appro
07,Department of Education (DepEd),004,National Museum of the Philippines,3101,310100200023,"Development of National Museum Complex, Manila, Phase 3",Authorized Appropriations 2022,,,,0,2022 DepEd - Authorized Appro
07,Department of Education (DepEd),004,National Museum of the Philippines,3101,310100200024,"Continued Restoration and Site Development of Our Lady of Caysasay Church and Associated Structures in Taal, Batangas, Phase 3",Authorized Appropriations 2022,,,,0,2022 DepEd - Authorized Appro
07,Department of Education (DepEd),004,National Museum of the Philippines,3101,310100200025,"Rehabilitation of Former United States Air Force (USAF) Hospital in Clark Freeport, Pampanga and Conversion to National Museum of the Philippines Central Luzon, Phase 1",Authorized Appropriations 2022,,,,0,2022 DepEd - Authorized Appro
07,Department of Education (DepEd),004,National Museum of the Philippines,3101,310100200026,"Construction of National Museum of the Philippines-Baler in Baler, Aurora",Authorized Appropriations 2022,,,,0,2022 DepEd - Authorized Appro
07,Department of Education (DepEd),004,National Museum of the Philippines,3101,310100200027,Exhibitions and Fit-Out of Various National Museum of the Philippines - Central and Regional Sites,Authorized Appropriations 2022,,,,0,2022 DepEd - Authorized Appro
07,Department of Education (DepEd),004,National Museum of the Philippines,3101,310100200028,"Rehabilitation of National Museum of the Philippines-Kabayan Burial Cave Site Museum and Satellite Office in Kabayan, Benguet",Authorized Appropriations 2022,,,,0,2022 DepEd - Authorized Appro
07,Department of Education (DepEd),004,National Museum of the Philippines,3101,310100200029,"Improvement of Rocha House in Sitio Ubos in Tagbilaran City, Bohol (Declared Important Cultural Property)",Authorized Appropriations 2022,,,,0,2022 DepEd - Authorized Appro
07,Department of Education (DepEd),004,National Museum of the Philippines,3101,310100200030,"Development of National Museum Complex, Manila, Phase IV",Authorized Appropriations 2022,,,,0,2022 DepEd - Authorized Appro
07,Department of Education (DepEd),004,National Museum of the Philippines,3101,310100200031,"Construction of National Museum of the Philippines-Baler in Baler, Aurora (Phase II)",Authorized Appropriations 2022,,,,0,2022 DepEd - Authorized Appro
07,Department of Education (DepEd),004,National Museum of the Philippines,3101,310100200032,"Continued Restoration and Site Development of Our Lady of Caysasay Church and Associated Structures in Taal, Batangas, Phase IV",Authorized Appropriations 2022,,,,0,2022 DepEd - Authorized Appro
07,Department of Education (DepEd),004,National Museum of the Philippines,3101,310100200033,"Repair and Preventive Conservation Maintenance of Casa Rocha (Important Cultural Property) in Tagbilaran City, Bohol",Authorized Appropriations 2022,,,,0,2022 DepEd - Authorized Appro
07,Department of Education (DepEd),004,National Museum of the Philippines,3101,310100200034,Restoration and Development of NMP Museums and Declared/Associated Heritage Sites in the Visayas,Authorized Appropriations 2022,,,,0,2022 DepEd - Authorized Appro
07,Department of Education (DepEd),004,National Museum of the Philippines,3101,310100200035,"Rehabilitation of Former United States Air Force (USAF) Hospital in Clark Freeport, Pampanga, and Conversion to National Museum of the Philippines Central Luzon, Phase II",Authorized Appropriations 2022,,,,0,2022 DepEd - Authorized Appro
07,Department of Education (DepEd),004,National Museum of the Philippines,3101,310100200036,"Completion of Restoration of Our Lady of Caysasay Church and Associated Structures in Taal, Batangas City",Authorized Appropriations 2022,,,,0,2022 DepEd - Authorized Appro
07,Department of Education (DepEd),004,National Museum of the Philippines,3101,310100200037,"Rehabilitation of National Museum of the Philippines Kabayan Burial Caves Site Museum and Satellite Office in Kabayan, Benguet, Phase II",Authorized Appropriations 2022,,,,0,2022 DepEd - Authorized Appro
07,Department of Education (DepEd),004,National Museum of the Philippines,3101,310100200038,Completion of the Development of the National Museum Complex in Manila,Authorized Appropriations 2022,,,,0,2022 DepEd - Authorized Appro
07,Department of Education (DepEd),004,National Museum of the Philippines,3101,310100200039,"Continuation of the Development of NMP-General Aniceto Lacson Ancestral House in Talisay City, Negros Occidental",Authorized Appropriations 2022,,,,0,2022 DepEd - Authorized Appro
07,Department of Education (DepEd),004,National Museum of the Philippines,3101,310100200040,Rehabilitation of the Sewerage System of the National Museum of Fine Arts (Old Legislative Building),Authorized Appropriations 2022,,,,0,2022 DepEd - Authorized Appro
07,Department of Education (DepEd),004,National Museum of the Philippines,3101,310100200041,"Development of NMP-Kalibo, Aklan (Phase 1)",Authorized Appropriations 2022,,,,0,2022 DepEd - Authorized Appro
07,Department of Education (DepEd),004,National Museum of the Philippines,3101,310100200042,"Development of NMP-Koronadal and Lake Sebu, South Cotabato (Phase 1)",Authorized Appropriations 2022,,,,0,2022 DepEd - Authorized Appro
07,Department of Education (DepEd),004,National Museum of the Philippines,3101,310100200043,"Repair and Restoration of Boljoon Church Complex, Boljoon, Cebu and Development of NMP-Boljoon, Cebu (Phase 1)",Authorized Appropriations 2022,,,,0,2022 DepEd - Authorized Appro
07,Department of Education (DepEd),004,National Museum of the Philippines,3101,310100200044,"Development of NMP-Paoay, Paoay, Ilocos Norte",Authorized Appropriations 2022,,,,0,2022 DepEd - Authorized Appro
07,Department of Education (DepEd),004,National Museum of the Philippines,3101,310100200045,"Development of NMP General Ancieto Lacson Ancestral House, Talisay City, Negros Occidental (Phase 2)",Authorized Appropriations 2022,,,,0,2022 DepEd - Authorized Appro
07,Department of Education (DepEd),004,National Museum of the Philippines,3101,310100200046,"Development of NMP Kalibo, Aklan (Phase 2)",Authorized Appropriations 2022,,,,0,2022 DepEd - Authorized Appro
07,Department of Education (DepEd),004,National Museum of the Philippines,3101,310100200047,"Development of NMP Koronadal and Lake Sebu, South Cotabato (Phase 2)",Authorized Appropriations 2022,,,,0,2022 DepEd - Authorized Appro
07,Department of Education (DepEd),004,National Museum of the Philippines,3101,310100200048,Exhibitions and Fit-out of Various National Museum of the Philippines - Central and Regional Sites - Northern Luzon National Museums,Authorized Appropriations 2022,,,,0,2022 DepEd - Authorized Appro
07,Department of Education (DepEd),005,Philippine High School for the Arts,1000,100000100001,General Management and Supervision,Authorized Appropriations 2022,,,,0,2022 DepEd - Authorized Appro
07,Department of Education (DepEd),005,Philippine High School for the Arts,1000,100000100002,Administration of Personnel Benefits,Authorized Appropriations 2022,,,,0,2022 DepEd - Authorized Appro
07,Department of Education (DepEd),005,Philippine High School for the Arts,3101,310100100001,"Operation of Philippine High School for the Arts Including Outreach, Screening, Student Exchange Program with Other Countries and Production Activities",Authorized Appropriations 2022,,,,0,2022 DepEd - Authorized Appro
07,Department of Education (DepEd),006,Early Childhood Care and Development Council,1000,100000100001,General Management and Supervision,Authorized Appropriations 2022,,,,0,2022 DepEd - Authorized Appro
07,Department of Education (DepEd),006,Early Childhood Care and Development Council,1000,100000100002,Administration of Personnel Benefits,Authorized Appropriations 2022,,,,0,2022 DepEd - Authorized Appro
07,Department of Education (DepEd),006,Early Childhood Care and Development Council,3101,310100100001,"Development of Policies, Standards and Guidelines",Authorized Appropriations 2022,,,,0,2022 DepEd - Authorized Appro
07,Department of Education (DepEd),006,Early Childhood Care and Development Council,3101,310100100002,Capacity-Building and Institutional Development of Intermediaries and Other Partners,Authorized Appropriations 2022,,,,0,2022 DepEd - Authorized Appro
07,Department of Education (DepEd),006,Early Childhood Care and Development Council,3101,310100100003,Accreditation of ECCD Service Providers,Authorized Appropriations 2022,,,,0,2022 DepEd - Authorized Appro
07,Department of Education (DepEd),006,Early Childhood Care and Development Council,3101,310100100004,Establishment of National Child Development Centers,Authorized Appropriations 2022,,,,0,2022 DepEd - Authorized Appro
07,Department of Education (DepEd),007,National Academy of Sports,1000,100000100001,General Management and Supervision,Authorized Appropriations 2022,,,,0,2022 DepEd - Authorized Appro
07,Department of Education (DepEd),007,National Academy of Sports,1000,100000100002,Administration of Personnel Benefits,Authorized Appropriations 2022,,,,0,2022 DepEd - Authorized Appro
07,Department of Education (DepEd),007,National Academy of Sports,3101,310100100001,"Promotion, Development, and Implementation of Quality and Enhanced Sports-Integrated Secondary Education Program",Authorized Appropriations 2022,,,,0,2022 DepEd - Authorized Appro
07,Department of Education (DepEd),008,Teacher Education Council,1000,100000100001,General Management and Supervision,Authorized Appropriations 2022,,,,0,2022 DepEd - Authorized Appro
07,Department of Education (DepEd),008,Teacher Education Council,3101,310100100001,Quality Teacher Education Services,Authorized Appropriations 2022,,,,0,2022 DepEd - Authorized Appro
07,Department of Education (DepEd),001,Office of the Secretary,1000,100000100001,General Administration and Support,Adjusted Appropriations 2022,13015927580.12,8276420783.56,328382862.29,21620731226,2022 DepEd - Adjusted Appro
07,Department of Education (DepEd),001,Office of the Secretary,1000,100000100002,Administration of Personnel Benefits,Adjusted Appropriations 2022,1162262777.55,0.0,0.0,1162262778,2022 DepEd - Adjusted Appro
07,Department of Education (DepEd),001,Office of the Secretary,2000,200000100001,Physical Fitness and School Sports,Adjusted Appropriations 2022,8364901.8,525294017.09,0.0,533658918.9,2022 DepEd - Adjusted Appro
07,Department of Education (DepEd),001,Office of the Secretary,2000,200000100002,Development and Management of Bilateral and Multilateral Education Projects,Adjusted Appropriations 2022,19413697.43,65858393.32,0.0,85272090.75,2022 DepEd - Adjusted Appro
07,Department of Education (DepEd),001,Office of the Secretary,2000,200000100003,Management and Administration of Learning Resources,Adjusted Appropriations 2022,49244455.28,12335737.47,0.0,61580192.75,2022 DepEd - Adjusted Appro
07,Department of Education (DepEd),001,Office of the Secretary,2000,200000100004,Planning and Management Information Systems,Adjusted Appropriations 2022,127363921.91,63326996.71,0.0,190690918.6,2022 DepEd - Adjusted Appro
07,Department of Education (DepEd),001,Office of the Secretary,2000,200000100005,Education Information and Communication Services,Adjusted Appropriations 2022,19912399.26,5280890.06,0.0,25193289.32,2022 DepEd - Adjusted Appro
07,Department of Education (DepEd),001,Office of the Secretary,2000,200000100006,Learner Support Programs,Adjusted Appropriations 2022,2217129782.72,126106806.81,0.0,2343236590,2022 DepEd - Adjusted Appro
07,Department of Education (DepEd),001,Office of the Secretary,2000,200000100007,Building Partnerships and Linkages Program,Adjusted Appropriations 2022,8847869.97,142693272.77,0.0,151541142.7,2022 DepEd - Adjusted Appro
07,Department of Education (DepEd),001,Office of the Secretary,2000,200000100008,Legal Services and Development of Education-Related Laws and Rules,Adjusted Appropriations 2022,21251778.24,42683889.73,0.0,63935667.97,2022 DepEd - Adjusted Appro
07,Department of Education (DepEd),001,Office of the Secretary,2000,200000100009,Child Protection Program,Adjusted Appropriations 2022,0.0,16254658.37,0.0,16254658.37,2022 DepEd - Adjusted Appro
07,Department of Education (DepEd),001,Office of the Secretary,2000,200000100010,Disaster Preparedness and Response Program,Adjusted Appropriations 2022,8657935.31,151105845.88,0.0,159763781.2,2022 DepEd - Adjusted Appro
07,Department of Education (DepEd),001,Office of the Secretary,2000,200000100011,Organizational and Professional Development for Non-Teaching Personnel,Adjusted Appropriations 2022,167612805.52,143844800.55,0.0,311457606.1,2022 DepEd - Adjusted Appro
07,Department of Education (DepEd),001,Office of the Secretary,2000,200000100012,Operational Expenses of the DepEd Task Force on the 2022 National and Local Elections,Adjusted Appropriations 2022,0.0,9989000.0,0.0,9989000,2022 DepEd - Adjusted Appro
07,Department of Education (DepEd),001,Office of the Secretary,2000,200000100013,Operational Expenses of the DepEd - Election Task Force,Adjusted Appropriations 2022,,,,0,2022 DepEd - Adjusted Appro
07,Department of Education (DepEd),001,Office of the Secretary,3101,310100100001,National Assessment Systems for Basic Education,Adjusted Appropriations 2022,27201993.32,200435252.13,0.0,227637245.5,2022 DepEd - Adjusted Appro
07,Department of Education (DepEd),001,Office of the Secretary,3101,310100100002,Policy and Research Program,Adjusted Appropriations 2022,1978545534.15,52133911.57,0.0,2030679446,2022 DepEd - Adjusted Appro
07,Department of Education (DepEd),001,Office of the Secretary,3101,310100100003,Basic Education Curriculum,Adjusted Appropriations 2022,119855027.66,84357633.45,0.0,204212661.1,2022 DepEd - Adjusted Appro
07,Department of Education (DepEd),001,Office of the Secretary,3101,310100100004,"Curriculum Programs, Learning Management Models, Standards and Strategy Development",Adjusted Appropriations 2022,6525891100.63,1500000.0,0.0,6527391101,2022 DepEd - Adjusted Appro
07,Department of Education (DepEd),001,Office of the Secretary,3101,310100100005,Development and Promotion of Campus Journalism,Adjusted Appropriations 2022,0.0,3192170.0,0.0,3192170,2022 DepEd - Adjusted Appro
07,Department of Education (DepEd),001,Office of the Secretary,3101,310100100006,National Literacy Policies and Programs,Adjusted Appropriations 2022,3926122.48,8921451.51,0.0,12847573.99,2022 DepEd - Adjusted Appro
07,Department of Education (DepEd),001,Office of the Secretary,3101,310100100007,Early Language Literacy and Numeracy,Adjusted Appropriations 2022,0.0,31567157.71,0.0,31567157.71,2022 DepEd - Adjusted Appro
07,Department of Education (DepEd),001,Office of the Secretary,3102,310200100001,Improvement and Acquisition of School Sites,Adjusted Appropriations 2022,0.0,89788437.9,130000000.0,219788437.9,2022 DepEd - Adjusted Appro
07,Department of Education (DepEd),001,Office of the Secretary,3102,310200100002,New School Personnel Positions,Adjusted Appropriations 2022,20546086159.89,137482000.0,0.0,20683568160,2022 DepEd - Adjusted Appro
07,Department of Education (DepEd),001,Office of the Secretary,3102,310200100003,Learning Tools and Equipment,Adjusted Appropriations 2022,0.0,3266448296.9,531964181.82,3798412479,2022 DepEd - Adjusted Appro
07,Department of Education (DepEd),001,Office of the Secretary,3102,310200100004,Textbooks and Other Instructional Materials,Adjusted Appropriations 2022,0.0,1640131130.15,0.0,1640131130,2022 DepEd - Adjusted Appro
07,Department of Education (DepEd),001,Office of the Secretary,3102,310200100005,Computerization Program,Adjusted Appropriations 2022,23847872.3,2529059368.36,10515709121.38,13068616362,2022 DepEd - Adjusted Appro
07,Department of Education (DepEd),001,Office of the Secretary,3102,310200100006,Basic Education Facilities,Adjusted Appropriations 2022,0.0,2827537134.93,1758744308.86,4586281444,2022 DepEd - Adjusted Appro
07,Department of Education (DepEd),001,Office of the Secretary,3102,310200100007,Conservation and Restoration of Gabaldon and Other Heritage School Buildings,Adjusted Appropriations 2022,0.0,0.0,134648898.63,134648898.6,2022 DepEd - Adjusted Appro
07,Department of Education (DepEd),001,Office of the Secretary,3102,310200100010,Quick Response Fund,Adjusted Appropriations 2022,0.0,16313000.0,2053138279.09,2069451279,2022 DepEd - Adjusted Appro
07,Department of Education (DepEd),001,Office of the Secretary,3102,310200100011,Last Mile Schools Program,Adjusted Appropriations 2022,0.0,0.0,3010000000.0,3010000000,2022 DepEd - Adjusted Appro
07,Department of Education (DepEd),001,Office of the Secretary,3102,310200100012,Public Schools Infrastructure Program (PSIP),Adjusted Appropriations 2022,,,,0,2022 DepEd - Adjusted Appro
07,Department of Education (DepEd),001,Office of the Secretary,3102,310200200001,Connectivity Enhancement Program for e-Learning in Public Schools,Adjusted Appropriations 2022,,,,0,2022 DepEd - Adjusted Appro
07,Department of Education (DepEd),001,Office of the Secretary,3102,310200300001,Infrastructure for Safer and Resilient Schools (ISRS) Project WB Loan No. 9704-PH,Adjusted Appropriations 2022,,,,0,2022 DepEd - Adjusted Appro
07,Department of Education (DepEd),001,Office of the Secretary,3103,310300100001,Multigrade Education,Adjusted Appropriations 2022,0.0,31608518.03,0.0,31608518.03,2022 DepEd - Adjusted Appro
07,Department of Education (DepEd),001,Office of the Secretary,3103,310300100002,Indigenous Peoples Education (IPEd) Program,Adjusted Appropriations 2022,0.0,119397915.47,0.0,119397915.5,2022 DepEd - Adjusted Appro
07,Department of Education (DepEd),001,Office of the Secretary,3103,310300100003,Flexible Learning Options (ADM/ALS/EiE),Adjusted Appropriations 2022,0.0,16504936276.01,0.0,16504936276,2022 DepEd - Adjusted Appro
07,Department of Education (DepEd),001,Office of the Secretary,3103,310300100004,Madrasah Education Program,Adjusted Appropriations 2022,0.0,462902947.83,0.0,462902947.8,2022 DepEd - Adjusted Appro
07,Department of Education (DepEd),001,Office of the Secretary,3103,310300100005,Special Needs Education Program,Adjusted Appropriations 2022,0.0,499538846.28,71919377.53,571458223.8,2022 DepEd - Adjusted Appro
07,Department of Education (DepEd),001,Office of the Secretary,3104,310400100001,School-Based Feeding Program (SBFP),Adjusted Appropriations 2022,0.0,3881851370.47,0.0,3881851370,2022 DepEd - Adjusted Appro
07,Department of Education (DepEd),001,Office of the Secretary,3104,310400100002,Operation of Schools - Elementary (Kinder to Grade 6),Adjusted Appropriations 2022,277651499975.84,15864088773.17,0.0,293515588749,2022 DepEd - Adjusted Appro
07,Department of Education (DepEd),001,Office of the Secretary,3104,310400100003,Operation of Schools - Junior High School (Grade 7 to Grade 10),Adjusted Appropriations 2022,151526196727.84,10886063568.86,376840.0,162412637137,2022 DepEd - Adjusted Appro
07,Department of Education (DepEd),001,Office of the Secretary,3104,310400100004,Operation of Schools - Senior High School (Grade 11 to Grade 12),Adjusted Appropriations 2022,40612063839.21,4095818275.01,0.0,44707882114,2022 DepEd - Adjusted Appro
07,Department of Education (DepEd),001,Office of the Secretary,3104,310400100005,Government Assistance and Subsidies - Educational Service Contracting (ESC) Program for Private Junior High School (per RA No. 8545),Adjusted Appropriations 2022,0.0,8836101000.0,0.0,8836101000,2022 DepEd - Adjusted Appro
07,Department of Education (DepEd),001,Office of the Secretary,3104,310400100006,Government Assistance and Subsidies - Voucher Program for Private Senior High School (per RA No. 10533),Adjusted Appropriations 2022,0.0,540000.02,0.0,540000.02,2022 DepEd - Adjusted Appro
07,Department of Education (DepEd),001,Office of the Secretary,3104,310400100007,Government Assistance and Subsidies - Voucher Program for Non-DepEd Public High School (per RA No. 10533),Adjusted Appropriations 2022,0.0,16534202000.0,0.0,16534202000,2022 DepEd - Adjusted Appro
07,Department of Education (DepEd),001,Office of the Secretary,3104,310400100008,Joint Delivery Voucher for Senior High School Technical Vocational and Livelihood Specializations,Adjusted Appropriations 2022,0.0,160470417.31,0.0,160470417.3,2022 DepEd - Adjusted Appro
07,Department of Education (DepEd),001,Office of the Secretary,3104,310400100009,Operational Requirements of Sports Academy and Training Centers,Adjusted Appropriations 2022,,,,0,2022 DepEd - Adjusted Appro
07,Department of Education (DepEd),001,Office of the Secretary,3104,310400100010,"Implementation of the Grant of Cash Allowance, Hardship Pay, and Reclassification of Positions",Adjusted Appropriations 2022,3413068124.31,4643971595.29,0.0,8057039720,2022 DepEd - Adjusted Appro
07,Department of Education (DepEd),001,Office of the Secretary,3104,310400100011,School Dental Health Care Program,Adjusted Appropriations 2022,,,,0,2022 DepEd - Adjusted Appro
07,Department of Education (DepEd),001,Office of the Secretary,3104,310400100013,World Teachers' Day Incentive Benefits,Adjusted Appropriations 2022,920629622.6,0.0,0.0,920629622.6,2022 DepEd - Adjusted Appro
07,Department of Education (DepEd),001,Office of the Secretary,3104,310400100014,Establishment and Operational Requirement of the National Academy of Sports,Adjusted Appropriations 2022,0.0,210165743.2,0.0,210165743.2,2022 DepEd - Adjusted Appro
07,Department of Education (DepEd),001,Office of the Secretary,3104,310400100015,Government Assistance and Subsidies - Educational Service Contracting (ESC) Program for Private Junior High School (per R.A. No. 8545),Adjusted Appropriations 2022,0.0,8836101000.0,0.0,8836101000,2022 DepEd - Adjusted Appro
07,Department of Education (DepEd),001,Office of the Secretary,3104,310400100016,Government Assistance and Subsidies - Senior High School Voucher Program,Adjusted Appropriations 2022,,,,0,2022 DepEd - Adjusted Appro
07,Department of Education (DepEd),001,Office of the Secretary,3104,310400100017,Subsidies - Senior High School Voucher Program,Adjusted Appropriations 2022,0.0,16534202000.0,0.0,16534202000,2022 DepEd - Adjusted Appro
07,Department of Education (DepEd),001,Office of the Secretary,3104,310400100018,"Government Assistance and Subsidies - Training and Upgrading Knowledge for Learners, Teachers, and Achievers in Schools (GAS-TUKLAS)",Adjusted Appropriations 2022,,,,0,2022 DepEd - Adjusted Appro
07,Department of Education (DepEd),001,Office of the Secretary,3104,310400100019,School Innovation and Improvement Fund (SIIF) to all DepEd Public Schools,Adjusted Appropriations 2022,,,,0,2022 DepEd - Adjusted Appro
07,Department of Education (DepEd),001,Office of the Secretary,3105,310500100001,Human Resource Development for Personnel in Schools and Learning Centers,Adjusted Appropriations 2022,35458672.53,1857155258.14,65293052.94,1957906984,2022 DepEd - Adjusted Appro
07,Department of Education (DepEd),001,Office of the Secretary,3105,310500100002,Teacher Quality and Development Program,Adjusted Appropriations 2022,4042573.8,15611036.13,0.0,19653609.93,2022 DepEd - Adjusted Appro
07,Department of Education (DepEd),001,Office of the Secretary,3105,310500300001,Teacher Effectiveness and Competencies Enhancement Project (TEACEP) WB Loan No. 9481-PH,Adjusted Appropriations 2022,,,,0,2022 DepEd - Adjusted Appro
07,Department of Education (DepEd),002,National Book Development Board,1000,100000100001,General Management and Supervision,Adjusted Appropriations 2022,,,,0,2022 DepEd - Adjusted Appro
07,Department of Education (DepEd),002,National Book Development Board,1000,100000100002,Administration of Personnel Benefits,Adjusted Appropriations 2022,,,,0,2022 DepEd - Adjusted Appro
07,Department of Education (DepEd),002,National Book Development Board,3101,310100100001,Capacity Building and Trade Promotion Incentives,Adjusted Appropriations 2022,,,,0,2022 DepEd - Adjusted Appro
07,Department of Education (DepEd),002,National Book Development Board,3101,310100100002,"Administration of Awards, Grants, and Incentives",Adjusted Appropriations 2022,,,,0,2022 DepEd - Adjusted Appro
07,Department of Education (DepEd),002,National Book Development Board,3101,310100100003,"Policy Development, Research, Information System Management, and Information Campaign",Adjusted Appropriations 2022,,,,0,2022 DepEd - Adjusted Appro
07,Department of Education (DepEd),003,National Council for Children's Television,1000,100000100001,General Management and Supervision,Adjusted Appropriations 2022,,,,0,2022 DepEd - Adjusted Appro
07,Department of Education (DepEd),003,National Council for Children's Television,3101,310100100001,Child-Friendly Television Development Services,Adjusted Appropriations 2022,,,,0,2022 DepEd - Adjusted Appro
07,Department of Education (DepEd),004,National Museum of the Philippines,1000,100000100001,General Management and Supervision,Adjusted Appropriations 2022,,,,0,2022 DepEd - Adjusted Appro
07,Department of Education (DepEd),004,National Museum of the Philippines,1000,100000100002,Administration of Personnel Benefits,Adjusted Appropriations 2022,,,,0,2022 DepEd - Adjusted Appro
07,Department of Education (DepEd),004,National Museum of the Philippines,2000,200000100001,Project Monitoring and Evaluation Services,Adjusted Appropriations 2022,,,,0,2022 DepEd - Adjusted Appro
07,Department of Education (DepEd),004,National Museum of the Philippines,3101,310100100001,Management and Development of the National Collections and Related Knowledge Resources (Including Participation to International Meetings and Conferences),Adjusted Appropriations 2022,,,,0,2022 DepEd - Adjusted Appro
07,Department of Education (DepEd),004,National Museum of the Philippines,3101,310100100002,"Restoration, Preservation, Protection and Development of Cultural Property",Adjusted Appropriations 2022,,,,0,2022 DepEd - Adjusted Appro
07,Department of Education (DepEd),004,National Museum of the Philippines,3101,310100200015,"Restoration of Malacanang sa Sugbo, Cebu City and Converrsion to National Museum Cebu",Adjusted Appropriations 2022,,,,0,2022 DepEd - Adjusted Appro
07,Department of Education (DepEd),004,National Museum of the Philippines,3101,310100200016,Development of the National Museum Complex in Manila - Phase 1 (to implement Republic Act No. 11333),Adjusted Appropriations 2022,,,,0,2022 DepEd - Adjusted Appro
07,Department of Education (DepEd),004,National Museum of the Philippines,3101,310100200017,"Nightly repair of the Church of Our Lady of Caysasay and associated structures, a declared national cultural treasure in Taal, Batangas",Adjusted Appropriations 2022,,,,0,2022 DepEd - Adjusted Appro
07,Department of Education (DepEd),004,National Museum of the Philippines,3101,310100200018,Continuation of Construction of National Museum Building in Davao City,Adjusted Appropriations 2022,,,,0,2022 DepEd - Adjusted Appro
07,Department of Education (DepEd),004,National Museum of the Philippines,3101,310100200019,Development of the National Museum Complex in Rizal Park - Manila Phase II,Adjusted Appropriations 2022,,,,0,2022 DepEd - Adjusted Appro
07,Department of Education (DepEd),004,National Museum of the Philippines,3101,310100200020,Development of Information Management Systems,Adjusted Appropriations 2022,,,,0,2022 DepEd - Adjusted Appro
07,Department of Education (DepEd),004,National Museum of the Philippines,3101,310100200021,"Restoration and Continued Repair of Our Lady of Caysasay Church and Associated Structures (National Cultural Treasure) in Taal, Batangas",Adjusted Appropriations 2022,,,,0,2022 DepEd - Adjusted Appro
07,Department of Education (DepEd),004,National Museum of the Philippines,3101,310100200022,"Restoration of the Old Municipal Hall and the Municipal Plaza (Important Cultural Properties) in Balilihan, Bohol",Adjusted Appropriations 2022,,,,0,2022 DepEd - Adjusted Appro
07,Department of Education (DepEd),004,National Museum of the Philippines,3101,310100200023,"Development of National Museum Complex, Manila, Phase 3",Adjusted Appropriations 2022,,,,0,2022 DepEd - Adjusted Appro
07,Department of Education (DepEd),004,National Museum of the Philippines,3101,310100200024,"Continued Restoration and Site Development of Our Lady of Caysasay Church and Associated Structures in Taal, Batangas, Phase 3",Adjusted Appropriations 2022,,,,0,2022 DepEd - Adjusted Appro
07,Department of Education (DepEd),004,National Museum of the Philippines,3101,310100200025,"Rehabilitation of Former United States Air Force (USAF) Hospital in Clark Freeport, Pampanga and Conversion to National Museum of the Philippines Central Luzon, Phase 1",Adjusted Appropriations 2022,,,,0,2022 DepEd - Adjusted Appro
07,Department of Education (DepEd),004,National Museum of the Philippines,3101,310100200026,"Construction of National Museum of the Philippines-Baler in Baler, Aurora",Adjusted Appropriations 2022,,,,0,2022 DepEd - Adjusted Appro
07,Department of Education (DepEd),004,National Museum of the Philippines,3101,310100200027,Exhibitions and Fit-Out of Various National Museum of the Philippines - Central and Regional Sites,Adjusted Appropriations 2022,,,,0,2022 DepEd - Adjusted Appro
07,Department of Education (DepEd),004,National Museum of the Philippines,3101,310100200028,"Rehabilitation of National Museum of the Philippines-Kabayan Burial Cave Site Museum and Satellite Office in Kabayan, Benguet",Adjusted Appropriations 2022,,,,0,2022 DepEd - Adjusted Appro
07,Department of Education (DepEd),004,National Museum of the Philippines,3101,310100200029,"Improvement of Rocha House in Sitio Ubos in Tagbilaran City, Bohol (Declared Important Cultural Property)",Adjusted Appropriations 2022,,,,0,2022 DepEd - Adjusted Appro
07,Department of Education (DepEd),004,National Museum of the Philippines,3101,310100200030,"Development of National Museum Complex, Manila, Phase IV",Adjusted Appropriations 2022,,,,0,2022 DepEd - Adjusted Appro
07,Department of Education (DepEd),004,National Museum of the Philippines,3101,310100200031,"Construction of National Museum of the Philippines-Baler in Baler, Aurora (Phase II)",Adjusted Appropriations 2022,,,,0,2022 DepEd - Adjusted Appro
07,Department of Education (DepEd),004,National Museum of the Philippines,3101,310100200032,"Continued Restoration and Site Development of Our Lady of Caysasay Church and Associated Structures in Taal, Batangas, Phase IV",Adjusted Appropriations 2022,,,,0,2022 DepEd - Adjusted Appro
07,Department of Education (DepEd),004,National Museum of the Philippines,3101,310100200033,"Repair and Preventive Conservation Maintenance of Casa Rocha (Important Cultural Property) in Tagbilaran City, Bohol",Adjusted Appropriations 2022,,,,0,2022 DepEd - Adjusted Appro
07,Department of Education (DepEd),004,National Museum of the Philippines,3101,310100200034,Restoration and Development of NMP Museums and Declared/Associated Heritage Sites in the Visayas,Adjusted Appropriations 2022,,,,0,2022 DepEd - Adjusted Appro
07,Department of Education (DepEd),004,National Museum of the Philippines,3101,310100200035,"Rehabilitation of Former United States Air Force (USAF) Hospital in Clark Freeport, Pampanga, and Conversion to National Museum of the Philippines Central Luzon, Phase II",Adjusted Appropriations 2022,,,,0,2022 DepEd - Adjusted Appro
07,Department of Education (DepEd),004,National Museum of the Philippines,3101,310100200036,"Completion of Restoration of Our Lady of Caysasay Church and Associated Structures in Taal, Batangas City",Adjusted Appropriations 2022,,,,0,2022 DepEd - Adjusted Appro
07,Department of Education (DepEd),004,National Museum of the Philippines,3101,310100200037,"Rehabilitation of National Museum of the Philippines Kabayan Burial Caves Site Museum and Satellite Office in Kabayan, Benguet, Phase II",Adjusted Appropriations 2022,,,,0,2022 DepEd - Adjusted Appro
07,Department of Education (DepEd),004,National Museum of the Philippines,3101,310100200038,Completion of the Development of the National Museum Complex in Manila,Adjusted Appropriations 2022,,,,0,2022 DepEd - Adjusted Appro
07,Department of Education (DepEd),004,National Museum of the Philippines,3101,310100200039,"Continuation of the Development of NMP-General Aniceto Lacson Ancestral House in Talisay City, Negros Occidental",Adjusted Appropriations 2022,,,,0,2022 DepEd - Adjusted Appro
07,Department of Education (DepEd),004,National Museum of the Philippines,3101,310100200040,Rehabilitation of the Sewerage System of the National Museum of Fine Arts (Old Legislative Building),Adjusted Appropriations 2022,,,,0,2022 DepEd - Adjusted Appro
07,Department of Education (DepEd),004,National Museum of the Philippines,3101,310100200041,"Development of NMP-Kalibo, Aklan (Phase 1)",Adjusted Appropriations 2022,,,,0,2022 DepEd - Adjusted Appro
07,Department of Education (DepEd),004,National Museum of the Philippines,3101,310100200042,"Development of NMP-Koronadal and Lake Sebu, South Cotabato (Phase 1)",Adjusted Appropriations 2022,,,,0,2022 DepEd - Adjusted Appro
07,Department of Education (DepEd),004,National Museum of the Philippines,3101,310100200043,"Repair and Restoration of Boljoon Church Complex, Boljoon, Cebu and Development of NMP-Boljoon, Cebu (Phase 1)",Adjusted Appropriations 2022,,,,0,2022 DepEd - Adjusted Appro
07,Department of Education (DepEd),004,National Museum of the Philippines,3101,310100200044,"Development of NMP-Paoay, Paoay, Ilocos Norte",Adjusted Appropriations 2022,,,,0,2022 DepEd - Adjusted Appro
07,Department of Education (DepEd),004,National Museum of the Philippines,3101,310100200045,"Development of NMP General Ancieto Lacson Ancestral House, Talisay City, Negros Occidental (Phase 2)",Adjusted Appropriations 2022,,,,0,2022 DepEd - Adjusted Appro
07,Department of Education (DepEd),004,National Museum of the Philippines,3101,310100200046,"Development of NMP Kalibo, Aklan (Phase 2)",Adjusted Appropriations 2022,,,,0,2022 DepEd - Adjusted Appro
07,Department of Education (DepEd),004,National Museum of the Philippines,3101,310100200047,"Development of NMP Koronadal and Lake Sebu, South Cotabato (Phase 2)",Adjusted Appropriations 2022,,,,0,2022 DepEd - Adjusted Appro
07,Department of Education (DepEd),004,National Museum of the Philippines,3101,310100200048,Exhibitions and Fit-out of Various National Museum of the Philippines - Central and Regional Sites - Northern Luzon National Museums,Adjusted Appropriations 2022,,,,0,2022 DepEd - Adjusted Appro
07,Department of Education (DepEd),005,Philippine High School for the Arts,1000,100000100001,General Management and Supervision,Adjusted Appropriations 2022,,,,0,2022 DepEd - Adjusted Appro
07,Department of Education (DepEd),005,Philippine High School for the Arts,1000,100000100002,Administration of Personnel Benefits,Adjusted Appropriations 2022,,,,0,2022 DepEd - Adjusted Appro
07,Department of Education (DepEd),005,Philippine High School for the Arts,3101,310100100001,"Operation of Philippine High School for the Arts Including Outreach, Screening, Student Exchange Program with Other Countries and Production Activities",Adjusted Appropriations 2022,,,,0,2022 DepEd - Adjusted Appro
07,Department of Education (DepEd),006,Early Childhood Care and Development Council,1000,100000100001,General Management and Supervision,Adjusted Appropriations 2022,,,,0,2022 DepEd - Adjusted Appro
07,Department of Education (DepEd),006,Early Childhood Care and Development Council,1000,100000100002,Administration of Personnel Benefits,Adjusted Appropriations 2022,,,,0,2022 DepEd - Adjusted Appro
07,Department of Education (DepEd),006,Early Childhood Care and Development Council,3101,310100100001,"Development of Policies, Standards and Guidelines",Adjusted Appropriations 2022,,,,0,2022 DepEd - Adjusted Appro
07,Department of Education (DepEd),006,Early Childhood Care and Development Council,3101,310100100002,Capacity-Building and Institutional Development of Intermediaries and Other Partners,Adjusted Appropriations 2022,,,,0,2022 DepEd - Adjusted Appro
07,Department of Education (DepEd),006,Early Childhood Care and Development Council,3101,310100100003,Accreditation of ECCD Service Providers,Adjusted Appropriations 2022,,,,0,2022 DepEd - Adjusted Appro
07,Department of Education (DepEd),006,Early Childhood Care and Development Council,3101,310100100004,Establishment of National Child Development Centers,Adjusted Appropriations 2022,,,,0,2022 DepEd - Adjusted Appro
07,Department of Education (DepEd),007,National Academy of Sports,1000,100000100001,General Management and Supervision,Adjusted Appropriations 2022,,,,0,2022 DepEd - Adjusted Appro
07,Department of Education (DepEd),007,National Academy of Sports,1000,100000100002,Administration of Personnel Benefits,Adjusted Appropriations 2022,,,,0,2022 DepEd - Adjusted Appro
07,Department of Education (DepEd),007,National Academy of Sports,3101,310100100001,"Promotion, Development, and Implementation of Quality and Enhanced Sports-Integrated Secondary Education Program",Adjusted Appropriations 2022,,,,0,2022 DepEd - Adjusted Appro
07,Department of Education (DepEd),008,Teacher Education Council,1000,100000100001,General Management and Supervision,Adjusted Appropriations 2022,,,,0,2022 DepEd - Adjusted Appro
07,Department of Education (DepEd),008,Teacher Education Council,3101,310100100001,Quality Teacher Education Services,Adjusted Appropriations 2022,,,,0,2022 DepEd - Adjusted Appro
07,Department of Education (DepEd),001,Office of the Secretary,1000,100000100001,General Administration and Support,Adjusted Total Allotments 2022,13015927580.12,8276420783.56,328382862.29,21620731226,2022 DepEd - Adjusted Total All
07,Department of Education (DepEd),001,Office of the Secretary,1000,100000100002,Administration of Personnel Benefits,Adjusted Total Allotments 2022,1162262777.55,0.0,0.0,1162262778,2022 DepEd - Adjusted Total All
07,Department of Education (DepEd),001,Office of the Secretary,2000,200000100001,Physical Fitness and School Sports,Adjusted Total Allotments 2022,8364901.8,525294017.09,0.0,533658918.9,2022 DepEd - Adjusted Total All
07,Department of Education (DepEd),001,Office of the Secretary,2000,200000100002,Development and Management of Bilateral and Multilateral Education Projects,Adjusted Total Allotments 2022,19413697.43,15858393.32,0.0,35272090.75,2022 DepEd - Adjusted Total All
07,Department of Education (DepEd),001,Office of the Secretary,2000,200000100003,Management and Administration of Learning Resources,Adjusted Total Allotments 2022,49244455.28,12335737.47,0.0,61580192.75,2022 DepEd - Adjusted Total All
07,Department of Education (DepEd),001,Office of the Secretary,2000,200000100004,Planning and Management Information Systems,Adjusted Total Allotments 2022,127363921.91,63326996.71,0.0,190690918.6,2022 DepEd - Adjusted Total All
07,Department of Education (DepEd),001,Office of the Secretary,2000,200000100005,Education Information and Communication Services,Adjusted Total Allotments 2022,19912399.26,5280890.06,0.0,25193289.32,2022 DepEd - Adjusted Total All
07,Department of Education (DepEd),001,Office of the Secretary,2000,200000100006,Learner Support Programs,Adjusted Total Allotments 2022,2217129782.72,126106806.81,0.0,2343236590,2022 DepEd - Adjusted Total All
07,Department of Education (DepEd),001,Office of the Secretary,2000,200000100007,Building Partnerships and Linkages Program,Adjusted Total Allotments 2022,8847869.97,142693272.77,0.0,151541142.7,2022 DepEd - Adjusted Total All
07,Department of Education (DepEd),001,Office of the Secretary,2000,200000100008,Legal Services and Development of Education-Related Laws and Rules,Adjusted Total Allotments 2022,21251778.24,42683889.73,0.0,63935667.97,2022 DepEd - Adjusted Total All
07,Department of Education (DepEd),001,Office of the Secretary,2000,200000100009,Child Protection Program,Adjusted Total Allotments 2022,0.0,16254658.37,0.0,16254658.37,2022 DepEd - Adjusted Total All
07,Department of Education (DepEd),001,Office of the Secretary,2000,200000100010,Disaster Preparedness and Response Program,Adjusted Total Allotments 2022,8657935.31,151105845.88,0.0,159763781.2,2022 DepEd - Adjusted Total All
07,Department of Education (DepEd),001,Office of the Secretary,2000,200000100011,Organizational and Professional Development for Non-Teaching Personnel,Adjusted Total Allotments 2022,167612805.52,143844800.55,0.0,311457606.1,2022 DepEd - Adjusted Total All
07,Department of Education (DepEd),001,Office of the Secretary,2000,200000100012,Operational Expenses of the DepEd Task Force on the 2022 National and Local Elections,Adjusted Total Allotments 2022,0.0,9794000.0,0.0,9794000,2022 DepEd - Adjusted Total All
07,Department of Education (DepEd),001,Office of the Secretary,2000,200000100013,Operational Expenses of the DepEd - Election Task Force,Adjusted Total Allotments 2022,,,,0,2022 DepEd - Adjusted Total All
07,Department of Education (DepEd),001,Office of the Secretary,3101,310100100001,National Assessment Systems for Basic Education,Adjusted Total Allotments 2022,27201993.32,200435252.13,0.0,227637245.5,2022 DepEd - Adjusted Total All
07,Department of Education (DepEd),001,Office of the Secretary,3101,310100100002,Policy and Research Program,Adjusted Total Allotments 2022,1978545534.15,52133911.57,0.0,2030679446,2022 DepEd - Adjusted Total All
07,Department of Education (DepEd),001,Office of the Secretary,3101,310100100003,Basic Education Curriculum,Adjusted Total Allotments 2022,119855027.66,84357633.45,0.0,204212661.1,2022 DepEd - Adjusted Total All
07,Department of Education (DepEd),001,Office of the Secretary,3101,310100100004,"Curriculum Programs, Learning Management Models, Standards and Strategy Development",Adjusted Total Allotments 2022,6525891100.63,1500000.0,0.0,6527391101,2022 DepEd - Adjusted Total All
07,Department of Education (DepEd),001,Office of the Secretary,3101,310100100005,Development and Promotion of Campus Journalism,Adjusted Total Allotments 2022,0.0,3192170.0,0.0,3192170,2022 DepEd - Adjusted Total All
07,Department of Education (DepEd),001,Office of the Secretary,3101,310100100006,National Literacy Policies and Programs,Adjusted Total Allotments 2022,3926122.48,8921451.51,0.0,12847573.99,2022 DepEd - Adjusted Total All
07,Department of Education (DepEd),001,Office of the Secretary,3101,310100100007,Early Language Literacy and Numeracy,Adjusted Total Allotments 2022,0.0,31567157.71,0.0,31567157.71,2022 DepEd - Adjusted Total All
07,Department of Education (DepEd),001,Office of the Secretary,3102,310200100001,Improvement and Acquisition of School Sites,Adjusted Total Allotments 2022,0.0,89788437.9,130000000.0,219788437.9,2022 DepEd - Adjusted Total All
07,Department of Education (DepEd),001,Office of the Secretary,3102,310200100002,New School Personnel Positions,Adjusted Total Allotments 2022,20545277932.89,0.0,0.0,20545277933,2022 DepEd - Adjusted Total All
07,Department of Education (DepEd),001,Office of the Secretary,3102,310200100003,Learning Tools and Equipment,Adjusted Total Allotments 2022,0.0,3266448296.9,531964181.82,3798412479,2022 DepEd - Adjusted Total All
07,Department of Education (DepEd),001,Office of the Secretary,3102,310200100004,Textbooks and Other Instructional Materials,Adjusted Total Allotments 2022,0.0,1640131130.15,0.0,1640131130,2022 DepEd - Adjusted Total All
07,Department of Education (DepEd),001,Office of the Secretary,3102,310200100005,Computerization Program,Adjusted Total Allotments 2022,23847872.3,2529059368.36,10515709121.38,13068616362,2022 DepEd - Adjusted Total All
07,Department of Education (DepEd),001,Office of the Secretary,3102,310200100006,Basic Education Facilities,Adjusted Total Allotments 2022,0.0,2827537134.93,1682713071.86,4510250207,2022 DepEd - Adjusted Total All
07,Department of Education (DepEd),001,Office of the Secretary,3102,310200100007,Conservation and Restoration of Gabaldon and Other Heritage School Buildings,Adjusted Total Allotments 2022,0.0,0.0,134648898.63,134648898.6,2022 DepEd - Adjusted Total All
07,Department of Education (DepEd),001,Office of the Secretary,3102,310200100010,Quick Response Fund,Adjusted Total Allotments 2022,0.0,16313000.0,2053138279.09,2069451279,2022 DepEd - Adjusted Total All
07,Department of Education (DepEd),001,Office of the Secretary,3102,310200100011,Last Mile Schools Program,Adjusted Total Allotments 2022,0.0,0.0,3010000000.0,3010000000,2022 DepEd - Adjusted Total All
07,Department of Education (DepEd),001,Office of the Secretary,3102,310200100012,Public Schools Infrastructure Program (PSIP),Adjusted Total Allotments 2022,,,,0,2022 DepEd - Adjusted Total All
07,Department of Education (DepEd),001,Office of the Secretary,3102,310200200001,Connectivity Enhancement Program for e-Learning in Public Schools,Adjusted Total Allotments 2022,,,,0,2022 DepEd - Adjusted Total All
07,Department of Education (DepEd),001,Office of the Secretary,3102,310200300001,Infrastructure for Safer and Resilient Schools (ISRS) Project WB Loan No. 9704-PH,Adjusted Total Allotments 2022,,,,0,2022 DepEd - Adjusted Total All
07,Department of Education (DepEd),001,Office of the Secretary,3103,310300100001,Multigrade Education,Adjusted Total Allotments 2022,0.0,31608518.03,0.0,31608518.03,2022 DepEd - Adjusted Total All
07,Department of Education (DepEd),001,Office of the Secretary,3103,310300100002,Indigenous Peoples Education (IPEd) Program,Adjusted Total Allotments 2022,0.0,119397915.47,0.0,119397915.5,2022 DepEd - Adjusted Total All
07,Department of Education (DepEd),001,Office of the Secretary,3103,310300100003,Flexible Learning Options (ADM/ALS/EiE),Adjusted Total Allotments 2022,0.0,16015383276.01,0.0,16015383276,2022 DepEd - Adjusted Total All
07,Department of Education (DepEd),001,Office of the Secretary,3103,310300100004,Madrasah Education Program,Adjusted Total Allotments 2022,0.0,462902947.83,0.0,462902947.8,2022 DepEd - Adjusted Total All
07,Department of Education (DepEd),001,Office of the Secretary,3103,310300100005,Special Needs Education Program,Adjusted Total Allotments 2022,0.0,499538846.28,71919377.53,571458223.8,2022 DepEd - Adjusted Total All
07,Department of Education (DepEd),001,Office of the Secretary,3104,310400100001,School-Based Feeding Program (SBFP),Adjusted Total Allotments 2022,0.0,3881851370.47,0.0,3881851370,2022 DepEd - Adjusted Total All
07,Department of Education (DepEd),001,Office of the Secretary,3104,310400100002,Operation of Schools - Elementary (Kinder to Grade 6),Adjusted Total Allotments 2022,277651499975.84,15864088773.17,0.0,293515588749,2022 DepEd - Adjusted Total All
07,Department of Education (DepEd),001,Office of the Secretary,3104,310400100003,Operation of Schools - Junior High School (Grade 7 to Grade 10),Adjusted Total Allotments 2022,151526196727.84,10886063568.86,376840.0,162412637137,2022 DepEd - Adjusted Total All
07,Department of Education (DepEd),001,Office of the Secretary,3104,310400100004,Operation of Schools - Senior High School (Grade 11 to Grade 12),Adjusted Total Allotments 2022,40612063839.21,4095818275.01,0.0,44707882114,2022 DepEd - Adjusted Total All
07,Department of Education (DepEd),001,Office of the Secretary,3104,310400100005,Government Assistance and Subsidies - Educational Service Contracting (ESC) Program for Private Junior High School (per RA No. 8545),Adjusted Total Allotments 2022,0.0,8273583000.0,0.0,8273583000,2022 DepEd - Adjusted Total All
07,Department of Education (DepEd),001,Office of the Secretary,3104,310400100006,Government Assistance and Subsidies - Voucher Program for Private Senior High School (per RA No. 10533),Adjusted Total Allotments 2022,0.0,540000.02,0.0,540000.02,2022 DepEd - Adjusted Total All
07,Department of Education (DepEd),001,Office of the Secretary,3104,310400100007,Government Assistance and Subsidies - Voucher Program for Non-DepEd Public High School (per RA No. 10533),Adjusted Total Allotments 2022,0.0,16534202000.0,0.0,16534202000,2022 DepEd - Adjusted Total All
07,Department of Education (DepEd),001,Office of the Secretary,3104,310400100008,Joint Delivery Voucher for Senior High School Technical Vocational and Livelihood Specializations,Adjusted Total Allotments 2022,0.0,160470417.31,0.0,160470417.3,2022 DepEd - Adjusted Total All
07,Department of Education (DepEd),001,Office of the Secretary,3104,310400100009,Operational Requirements of Sports Academy and Training Centers,Adjusted Total Allotments 2022,,,,0,2022 DepEd - Adjusted Total All
07,Department of Education (DepEd),001,Office of the Secretary,3104,310400100010,"Implementation of the Grant of Cash Allowance, Hardship Pay, and Reclassification of Positions",Adjusted Total Allotments 2022,3413068124.31,4643971595.29,0.0,8057039720,2022 DepEd - Adjusted Total All
07,Department of Education (DepEd),001,Office of the Secretary,3104,310400100011,School Dental Health Care Program,Adjusted Total Allotments 2022,,,,0,2022 DepEd - Adjusted Total All
07,Department of Education (DepEd),001,Office of the Secretary,3104,310400100013,World Teachers' Day Incentive Benefits,Adjusted Total Allotments 2022,920629622.6,0.0,0.0,920629622.6,2022 DepEd - Adjusted Total All
07,Department of Education (DepEd),001,Office of the Secretary,3104,310400100014,Establishment and Operational Requirement of the National Academy of Sports,Adjusted Total Allotments 2022,0.0,46709818.2,0.0,46709818.2,2022 DepEd - Adjusted Total All
07,Department of Education (DepEd),001,Office of the Secretary,3104,310400100015,Government Assistance and Subsidies - Educational Service Contracting (ESC) Program for Private Junior High School (per R.A. No. 8545),Adjusted Total Allotments 2022,0.0,8273583000.0,0.0,8273583000,2022 DepEd - Adjusted Total All
07,Department of Education (DepEd),001,Office of the Secretary,3104,310400100016,Government Assistance and Subsidies - Senior High School Voucher Program,Adjusted Total Allotments 2022,,,,0,2022 DepEd - Adjusted Total All
07,Department of Education (DepEd),001,Office of the Secretary,3104,310400100017,Subsidies - Senior High School Voucher Program,Adjusted Total Allotments 2022,0.0,16534202000.0,0.0,16534202000,2022 DepEd - Adjusted Total All
07,Department of Education (DepEd),001,Office of the Secretary,3104,310400100018,"Government Assistance and Subsidies - Training and Upgrading Knowledge for Learners, Teachers, and Achievers in Schools (GAS-TUKLAS)",Adjusted Total Allotments 2022,,,,0,2022 DepEd - Adjusted Total All
07,Department of Education (DepEd),001,Office of the Secretary,3104,310400100019,School Innovation and Improvement Fund (SIIF) to all DepEd Public Schools,Adjusted Total Allotments 2022,,,,0,2022 DepEd - Adjusted Total All
07,Department of Education (DepEd),001,Office of the Secretary,3105,310500100001,Human Resource Development for Personnel in Schools and Learning Centers,Adjusted Total Allotments 2022,35458672.53,1857155258.14,65293052.94,1957906984,2022 DepEd - Adjusted Total All
07,Department of Education (DepEd),001,Office of the Secretary,3105,310500100002,Teacher Quality and Development Program,Adjusted Total Allotments 2022,4042573.8,15611036.13,0.0,19653609.93,2022 DepEd - Adjusted Total All
07,Department of Education (DepEd),001,Office of the Secretary,3105,310500300001,Teacher Effectiveness and Competencies Enhancement Project (TEACEP) WB Loan No. 9481-PH,Adjusted Total Allotments 2022,,,,0,2022 DepEd - Adjusted Total All
07,Department of Education (DepEd),002,National Book Development Board,1000,100000100001,General Management and Supervision,Adjusted Total Allotments 2022,,,,0,2022 DepEd - Adjusted Total All
07,Department of Education (DepEd),002,National Book Development Board,1000,100000100002,Administration of Personnel Benefits,Adjusted Total Allotments 2022,,,,0,2022 DepEd - Adjusted Total All
07,Department of Education (DepEd),002,National Book Development Board,3101,310100100001,Capacity Building and Trade Promotion Incentives,Adjusted Total Allotments 2022,,,,0,2022 DepEd - Adjusted Total All
07,Department of Education (DepEd),002,National Book Development Board,3101,310100100002,"Administration of Awards, Grants, and Incentives",Adjusted Total Allotments 2022,,,,0,2022 DepEd - Adjusted Total All
07,Department of Education (DepEd),002,National Book Development Board,3101,310100100003,"Policy Development, Research, Information System Management, and Information Campaign",Adjusted Total Allotments 2022,,,,0,2022 DepEd - Adjusted Total All
07,Department of Education (DepEd),003,National Council for Children's Television,1000,100000100001,General Management and Supervision,Adjusted Total Allotments 2022,,,,0,2022 DepEd - Adjusted Total All
07,Department of Education (DepEd),003,National Council for Children's Television,3101,310100100001,Child-Friendly Television Development Services,Adjusted Total Allotments 2022,,,,0,2022 DepEd - Adjusted Total All
07,Department of Education (DepEd),004,National Museum of the Philippines,1000,100000100001,General Management and Supervision,Adjusted Total Allotments 2022,,,,0,2022 DepEd - Adjusted Total All
07,Department of Education (DepEd),004,National Museum of the Philippines,1000,100000100002,Administration of Personnel Benefits,Adjusted Total Allotments 2022,,,,0,2022 DepEd - Adjusted Total All
07,Department of Education (DepEd),004,National Museum of the Philippines,2000,200000100001,Project Monitoring and Evaluation Services,Adjusted Total Allotments 2022,,,,0,2022 DepEd - Adjusted Total All
07,Department of Education (DepEd),004,National Museum of the Philippines,3101,310100100001,Management and Development of the National Collections and Related Knowledge Resources (Including Participation to International Meetings and Conferences),Adjusted Total Allotments 2022,,,,0,2022 DepEd - Adjusted Total All
07,Department of Education (DepEd),004,National Museum of the Philippines,3101,310100100002,"Restoration, Preservation, Protection and Development of Cultural Property",Adjusted Total Allotments 2022,,,,0,2022 DepEd - Adjusted Total All
07,Department of Education (DepEd),004,National Museum of the Philippines,3101,310100200015,"Restoration of Malacanang sa Sugbo, Cebu City and Converrsion to National Museum Cebu",Adjusted Total Allotments 2022,,,,0,2022 DepEd - Adjusted Total All
07,Department of Education (DepEd),004,National Museum of the Philippines,3101,310100200016,Development of the National Museum Complex in Manila - Phase 1 (to implement Republic Act No. 11333),Adjusted Total Allotments 2022,,,,0,2022 DepEd - Adjusted Total All
07,Department of Education (DepEd),004,National Museum of the Philippines,3101,310100200017,"Nightly repair of the Church of Our Lady of Caysasay and associated structures, a declared national cultural treasure in Taal, Batangas",Adjusted Total Allotments 2022,,,,0,2022 DepEd - Adjusted Total All
07,Department of Education (DepEd),004,National Museum of the Philippines,3101,310100200018,Continuation of Construction of National Museum Building in Davao City,Adjusted Total Allotments 2022,,,,0,2022 DepEd - Adjusted Total All
07,Department of Education (DepEd),004,National Museum of the Philippines,3101,310100200019,Development of the National Museum Complex in Rizal Park - Manila Phase II,Adjusted Total Allotments 2022,,,,0,2022 DepEd - Adjusted Total All
07,Department of Education (DepEd),004,National Museum of the Philippines,3101,310100200020,Development of Information Management Systems,Adjusted Total Allotments 2022,,,,0,2022 DepEd - Adjusted Total All
07,Department of Education (DepEd),004,National Museum of the Philippines,3101,310100200021,"Restoration and Continued Repair of Our Lady of Caysasay Church and Associated Structures (National Cultural Treasure) in Taal, Batangas",Adjusted Total Allotments 2022,,,,0,2022 DepEd - Adjusted Total All
07,Department of Education (DepEd),004,National Museum of the Philippines,3101,310100200022,"Restoration of the Old Municipal Hall and the Municipal Plaza (Important Cultural Properties) in Balilihan, Bohol",Adjusted Total Allotments 2022,,,,0,2022 DepEd - Adjusted Total All
07,Department of Education (DepEd),004,National Museum of the Philippines,3101,310100200023,"Development of National Museum Complex, Manila, Phase 3",Adjusted Total Allotments 2022,,,,0,2022 DepEd - Adjusted Total All
07,Department of Education (DepEd),004,National Museum of the Philippines,3101,310100200024,"Continued Restoration and Site Development of Our Lady of Caysasay Church and Associated Structures in Taal, Batangas, Phase 3",Adjusted Total Allotments 2022,,,,0,2022 DepEd - Adjusted Total All
07,Department of Education (DepEd),004,National Museum of the Philippines,3101,310100200025,"Rehabilitation of Former United States Air Force (USAF) Hospital in Clark Freeport, Pampanga and Conversion to National Museum of the Philippines Central Luzon, Phase 1",Adjusted Total Allotments 2022,,,,0,2022 DepEd - Adjusted Total All
07,Department of Education (DepEd),004,National Museum of the Philippines,3101,310100200026,"Construction of National Museum of the Philippines-Baler in Baler, Aurora",Adjusted Total Allotments 2022,,,,0,2022 DepEd - Adjusted Total All
07,Department of Education (DepEd),004,National Museum of the Philippines,3101,310100200027,Exhibitions and Fit-Out of Various National Museum of the Philippines - Central and Regional Sites,Adjusted Total Allotments 2022,,,,0,2022 DepEd - Adjusted Total All
07,Department of Education (DepEd),004,National Museum of the Philippines,3101,310100200028,"Rehabilitation of National Museum of the Philippines-Kabayan Burial Cave Site Museum and Satellite Office in Kabayan, Benguet",Adjusted Total Allotments 2022,,,,0,2022 DepEd - Adjusted Total All
07,Department of Education (DepEd),004,National Museum of the Philippines,3101,310100200029,"Improvement of Rocha House in Sitio Ubos in Tagbilaran City, Bohol (Declared Important Cultural Property)",Adjusted Total Allotments 2022,,,,0,2022 DepEd - Adjusted Total All
07,Department of Education (DepEd),004,National Museum of the Philippines,3101,310100200030,"Development of National Museum Complex, Manila, Phase IV",Adjusted Total Allotments 2022,,,,0,2022 DepEd - Adjusted Total All
07,Department of Education (DepEd),004,National Museum of the Philippines,3101,310100200031,"Construction of National Museum of the Philippines-Baler in Baler, Aurora (Phase II)",Adjusted Total Allotments 2022,,,,0,2022 DepEd - Adjusted Total All
07,Department of Education (DepEd),004,National Museum of the Philippines,3101,310100200032,"Continued Restoration and Site Development of Our Lady of Caysasay Church and Associated Structures in Taal, Batangas, Phase IV",Adjusted Total Allotments 2022,,,,0,2022 DepEd - Adjusted Total All
07,Department of Education (DepEd),004,National Museum of the Philippines,3101,310100200033,"Repair and Preventive Conservation Maintenance of Casa Rocha (Important Cultural Property) in Tagbilaran City, Bohol",Adjusted Total Allotments 2022,,,,0,2022 DepEd - Adjusted Total All
07,Department of Education (DepEd),004,National Museum of the Philippines,3101,310100200034,Restoration and Development of NMP Museums and Declared/Associated Heritage Sites in the Visayas,Adjusted Total Allotments 2022,,,,0,2022 DepEd - Adjusted Total All
07,Department of Education (DepEd),004,National Museum of the Philippines,3101,310100200035,"Rehabilitation of Former United States Air Force (USAF) Hospital in Clark Freeport, Pampanga, and Conversion to National Museum of the Philippines Central Luzon, Phase II",Adjusted Total Allotments 2022,,,,0,2022 DepEd - Adjusted Total All
07,Department of Education (DepEd),004,National Museum of the Philippines,3101,310100200036,"Completion of Restoration of Our Lady of Caysasay Church and Associated Structures in Taal, Batangas City",Adjusted Total Allotments 2022,,,,0,2022 DepEd - Adjusted Total All
07,Department of Education (DepEd),004,National Museum of the Philippines,3101,310100200037,"Rehabilitation of National Museum of the Philippines Kabayan Burial Caves Site Museum and Satellite Office in Kabayan, Benguet, Phase II",Adjusted Total Allotments 2022,,,,0,2022 DepEd - Adjusted Total All
07,Department of Education (DepEd),004,National Museum of the Philippines,3101,310100200038,Completion of the Development of the National Museum Complex in Manila,Adjusted Total Allotments 2022,,,,0,2022 DepEd - Adjusted Total All
07,Department of Education (DepEd),004,National Museum of the Philippines,3101,310100200039,"Continuation of the Development of NMP-General Aniceto Lacson Ancestral House in Talisay City, Negros Occidental",Adjusted Total Allotments 2022,,,,0,2022 DepEd - Adjusted Total All
07,Department of Education (DepEd),004,National Museum of the Philippines,3101,310100200040,Rehabilitation of the Sewerage System of the National Museum of Fine Arts (Old Legislative Building),Adjusted Total Allotments 2022,,,,0,2022 DepEd - Adjusted Total All
07,Department of Education (DepEd),004,National Museum of the Philippines,3101,310100200041,"Development of NMP-Kalibo, Aklan (Phase 1)",Adjusted Total Allotments 2022,,,,0,2022 DepEd - Adjusted Total All
07,Department of Education (DepEd),004,National Museum of the Philippines,3101,310100200042,"Development of NMP-Koronadal and Lake Sebu, South Cotabato (Phase 1)",Adjusted Total Allotments 2022,,,,0,2022 DepEd - Adjusted Total All
07,Department of Education (DepEd),004,National Museum of the Philippines,3101,310100200043,"Repair and Restoration of Boljoon Church Complex, Boljoon, Cebu and Development of NMP-Boljoon, Cebu (Phase 1)",Adjusted Total Allotments 2022,,,,0,2022 DepEd - Adjusted Total All
07,Department of Education (DepEd),004,National Museum of the Philippines,3101,310100200044,"Development of NMP-Paoay, Paoay, Ilocos Norte",Adjusted Total Allotments 2022,,,,0,2022 DepEd - Adjusted Total All
07,Department of Education (DepEd),004,National Museum of the Philippines,3101,310100200045,"Development of NMP General Ancieto Lacson Ancestral House, Talisay City, Negros Occidental (Phase 2)",Adjusted Total Allotments 2022,,,,0,2022 DepEd - Adjusted Total All
07,Department of Education (DepEd),004,National Museum of the Philippines,3101,310100200046,"Development of NMP Kalibo, Aklan (Phase 2)",Adjusted Total Allotments 2022,,,,0,2022 DepEd - Adjusted Total All
07,Department of Education (DepEd),004,National Museum of the Philippines,3101,310100200047,"Development of NMP Koronadal and Lake Sebu, South Cotabato (Phase 2)",Adjusted Total Allotments 2022,,,,0,2022 DepEd - Adjusted Total All
07,Department of Education (DepEd),004,National Museum of the Philippines,3101,310100200048,Exhibitions and Fit-out of Various National Museum of the Philippines - Central and Regional Sites - Northern Luzon National Museums,Adjusted Total Allotments 2022,,,,0,2022 DepEd - Adjusted Total All
07,Department of Education (DepEd),005,Philippine High School for the Arts,1000,100000100001,General Management and Supervision,Adjusted Total Allotments 2022,,,,0,2022 DepEd - Adjusted Total All
07,Department of Education (DepEd),005,Philippine High School for the Arts,1000,100000100002,Administration of Personnel Benefits,Adjusted Total Allotments 2022,,,,0,2022 DepEd - Adjusted Total All
07,Department of Education (DepEd),005,Philippine High School for the Arts,3101,310100100001,"Operation of Philippine High School for the Arts Including Outreach, Screening, Student Exchange Program with Other Countries and Production Activities",Adjusted Total Allotments 2022,,,,0,2022 DepEd - Adjusted Total All
07,Department of Education (DepEd),006,Early Childhood Care and Development Council,1000,100000100001,General Management and Supervision,Adjusted Total Allotments 2022,,,,0,2022 DepEd - Adjusted Total All
07,Department of Education (DepEd),006,Early Childhood Care and Development Council,1000,100000100002,Administration of Personnel Benefits,Adjusted Total Allotments 2022,,,,0,2022 DepEd - Adjusted Total All
07,Department of Education (DepEd),006,Early Childhood Care and Development Council,3101,310100100001,"Development of Policies, Standards and Guidelines",Adjusted Total Allotments 2022,,,,0,2022 DepEd - Adjusted Total All
07,Department of Education (DepEd),006,Early Childhood Care and Development Council,3101,310100100002,Capacity-Building and Institutional Development of Intermediaries and Other Partners,Adjusted Total Allotments 2022,,,,0,2022 DepEd - Adjusted Total All
07,Department of Education (DepEd),006,Early Childhood Care and Development Council,3101,310100100003,Accreditation of ECCD Service Providers,Adjusted Total Allotments 2022,,,,0,2022 DepEd - Adjusted Total All
07,Department of Education (DepEd),006,Early Childhood Care and Development Council,3101,310100100004,Establishment of National Child Development Centers,Adjusted Total Allotments 2022,,,,0,2022 DepEd - Adjusted Total All
07,Department of Education (DepEd),007,National Academy of Sports,1000,100000100001,General Management and Supervision,Adjusted Total Allotments 2022,,,,0,2022 DepEd - Adjusted Total All
07,Department of Education (DepEd),007,National Academy of Sports,1000,100000100002,Administration of Personnel Benefits,Adjusted Total Allotments 2022,,,,0,2022 DepEd - Adjusted Total All
07,Department of Education (DepEd),007,National Academy of Sports,3101,310100100001,"Promotion, Development, and Implementation of Quality and Enhanced Sports-Integrated Secondary Education Program",Adjusted Total Allotments 2022,,,,0,2022 DepEd - Adjusted Total All
07,Department of Education (DepEd),008,Teacher Education Council,1000,100000100001,General Management and Supervision,Adjusted Total Allotments 2022,,,,0,2022 DepEd - Adjusted Total All
07,Department of Education (DepEd),008,Teacher Education Council,3101,310100100001,Quality Teacher Education Services,Adjusted Total Allotments 2022,,,,0,2022 DepEd - Adjusted Total All
07,Department of Education (DepEd),001,Office of the Secretary,1000,100000100001,General Administration and Support,Obligations 2022,12423152260.32,7085606682.74,207391064.35,19716150007,2022 DepEd - Obligations
07,Department of Education (DepEd),001,Office of the Secretary,1000,100000100002,Administration of Personnel Benefits,Obligations 2022,1073124092.3,0.0,0.0,1073124092,2022 DepEd - Obligations
07,Department of Education (DepEd),001,Office of the Secretary,2000,200000100001,Physical Fitness and School Sports,Obligations 2022,8343169.54,238922866.86,0.0,247266036.4,2022 DepEd - Obligations
07,Department of Education (DepEd),001,Office of the Secretary,2000,200000100002,Development and Management of Bilateral and Multilateral Education Projects,Obligations 2022,18126561.48,8429995.11,0.0,26556556.59,2022 DepEd - Obligations
07,Department of Education (DepEd),001,Office of the Secretary,2000,200000100003,Management and Administration of Learning Resources,Obligations 2022,47904833.94,6938255.09,0.0,54843089.03,2022 DepEd - Obligations
07,Department of Education (DepEd),001,Office of the Secretary,2000,200000100004,Planning and Management Information Systems,Obligations 2022,125602073.91,40557365.8,0.0,166159439.7,2022 DepEd - Obligations
07,Department of Education (DepEd),001,Office of the Secretary,2000,200000100005,Education Information and Communication Services,Obligations 2022,19912399.26,2456609.9,0.0,22369009.16,2022 DepEd - Obligations
07,Department of Education (DepEd),001,Office of the Secretary,2000,200000100006,Learner Support Programs,Obligations 2022,2158688687.09,107055399.21,0.0,2265744086,2022 DepEd - Obligations
07,Department of Education (DepEd),001,Office of the Secretary,2000,200000100007,Building Partnerships and Linkages Program,Obligations 2022,8847857.49,104875124.95,0.0,113722982.4,2022 DepEd - Obligations
07,Department of Education (DepEd),001,Office of the Secretary,2000,200000100008,Legal Services and Development of Education-Related Laws and Rules,Obligations 2022,21244288.92,14590838.01,0.0,35835126.93,2022 DepEd - Obligations
07,Department of Education (DepEd),001,Office of the Secretary,2000,200000100009,Child Protection Program,Obligations 2022,0.0,14032615.21,0.0,14032615.21,2022 DepEd - Obligations
07,Department of Education (DepEd),001,Office of the Secretary,2000,200000100010,Disaster Preparedness and Response Program,Obligations 2022,8655533.35,114226281.56,0.0,122881814.9,2022 DepEd - Obligations
07,Department of Education (DepEd),001,Office of the Secretary,2000,200000100011,Organizational and Professional Development for Non-Teaching Personnel,Obligations 2022,161564573.58,97925185.08,0.0,259489758.7,2022 DepEd - Obligations
07,Department of Education (DepEd),001,Office of the Secretary,2000,200000100012,Operational Expenses of the DepEd Task Force on the 2022 National and Local Elections,Obligations 2022,0.0,5962137.78,0.0,5962137.78,2022 DepEd - Obligations
07,Department of Education (DepEd),001,Office of the Secretary,2000,200000100013,Operational Expenses of the DepEd - Election Task Force,Obligations 2022,,,,0,2022 DepEd - Obligations
07,Department of Education (DepEd),001,Office of the Secretary,3101,310100100001,National Assessment Systems for Basic Education,Obligations 2022,27201993.32,36114529.15,0.0,63316522.47,2022 DepEd - Obligations
07,Department of Education (DepEd),001,Office of the Secretary,3101,310100100002,Policy and Research Program,Obligations 2022,1936993001.76,28254386.53,0.0,1965247388,2022 DepEd - Obligations
07,Department of Education (DepEd),001,Office of the Secretary,3101,310100100003,Basic Education Curriculum,Obligations 2022,119845763.79,66067960.0,0.0,185913723.8,2022 DepEd - Obligations
07,Department of Education (DepEd),001,Office of the Secretary,3101,310100100004,"Curriculum Programs, Learning Management Models, Standards and Strategy Development",Obligations 2022,6460862724.17,0.0,0.0,6460862724,2022 DepEd - Obligations
07,Department of Education (DepEd),001,Office of the Secretary,3101,310100100005,Development and Promotion of Campus Journalism,Obligations 2022,0.0,1803852.81,0.0,1803852.81,2022 DepEd - Obligations
07,Department of Education (DepEd),001,Office of the Secretary,3101,310100100006,National Literacy Policies and Programs,Obligations 2022,3719181.6,7943128.06,0.0,11662309.66,2022 DepEd - Obligations
07,Department of Education (DepEd),001,Office of the Secretary,3101,310100100007,Early Language Literacy and Numeracy,Obligations 2022,0.0,27455813.25,0.0,27455813.25,2022 DepEd - Obligations
07,Department of Education (DepEd),001,Office of the Secretary,3102,310200100001,Improvement and Acquisition of School Sites,Obligations 2022,0.0,39499628.33,0.0,39499628.33,2022 DepEd - Obligations
07,Department of Education (DepEd),001,Office of the Secretary,3102,310200100002,New School Personnel Positions,Obligations 2022,18968646537.01,0.0,0.0,18968646537,2022 DepEd - Obligations
07,Department of Education (DepEd),001,Office of the Secretary,3102,310200100003,Learning Tools and Equipment,Obligations 2022,0.0,423132808.97,129191977.44,552324786.4,2022 DepEd - Obligations
07,Department of Education (DepEd),001,Office of the Secretary,3102,310200100004,Textbooks and Other Instructional Materials,Obligations 2022,0.0,169185589.57,0.0,169185589.6,2022 DepEd - Obligations
07,Department of Education (DepEd),001,Office of the Secretary,3102,310200100005,Computerization Program,Obligations 2022,23846533.85,2095175939.05,915342566.77,3034365040,2022 DepEd - Obligations
07,Department of Education (DepEd),001,Office of the Secretary,3102,310200100006,Basic Education Facilities,Obligations 2022,0.0,1499734028.99,1411438029.67,2911172059,2022 DepEd - Obligations
07,Department of Education (DepEd),001,Office of the Secretary,3102,310200100007,Conservation and Restoration of Gabaldon and Other Heritage School Buildings,Obligations 2022,0.0,0.0,119846361.24,119846361.2,2022 DepEd - Obligations
07,Department of Education (DepEd),001,Office of the Secretary,3102,310200100010,Quick Response Fund,Obligations 2022,0.0,8457000.0,1719710962.88,1728167963,2022 DepEd - Obligations
07,Department of Education (DepEd),001,Office of the Secretary,3102,310200100011,Last Mile Schools Program,Obligations 2022,0.0,0.0,2498110959.36,2498110959,2022 DepEd - Obligations
07,Department of Education (DepEd),001,Office of the Secretary,3102,310200100012,Public Schools Infrastructure Program (PSIP),Obligations 2022,,,,0,2022 DepEd - Obligations
07,Department of Education (DepEd),001,Office of the Secretary,3102,310200200001,Connectivity Enhancement Program for e-Learning in Public Schools,Obligations 2022,,,,0,2022 DepEd - Obligations
07,Department of Education (DepEd),001,Office of the Secretary,3102,310200300001,Infrastructure for Safer and Resilient Schools (ISRS) Project WB Loan No. 9704-PH,Obligations 2022,,,,0,2022 DepEd - Obligations
07,Department of Education (DepEd),001,Office of the Secretary,3103,310300100001,Multigrade Education,Obligations 2022,0.0,23952005.64,0.0,23952005.64,2022 DepEd - Obligations
07,Department of Education (DepEd),001,Office of the Secretary,3103,310300100002,Indigenous Peoples Education (IPEd) Program,Obligations 2022,0.0,102102406.82,0.0,102102406.8,2022 DepEd - Obligations
07,Department of Education (DepEd),001,Office of the Secretary,3103,310300100003,Flexible Learning Options (ADM/ALS/EiE),Obligations 2022,0.0,13027150200.63,0.0,13027150201,2022 DepEd - Obligations
07,Department of Education (DepEd),001,Office of the Secretary,3103,310300100004,Madrasah Education Program,Obligations 2022,0.0,318432015.86,0.0,318432015.9,2022 DepEd - Obligations
07,Department of Education (DepEd),001,Office of the Secretary,3103,310300100005,Special Needs Education Program,Obligations 2022,0.0,406159315.65,37070229.45,443229545.1,2022 DepEd - Obligations
07,Department of Education (DepEd),001,Office of the Secretary,3104,310400100001,School-Based Feeding Program (SBFP),Obligations 2022,0.0,3670703127.68,0.0,3670703128,2022 DepEd - Obligations
07,Department of Education (DepEd),001,Office of the Secretary,3104,310400100002,Operation of Schools - Elementary (Kinder to Grade 6),Obligations 2022,276955673457.33,15560019381.36,0.0,292515692839,2022 DepEd - Obligations
07,Department of Education (DepEd),001,Office of the Secretary,3104,310400100003,Operation of Schools - Junior High School (Grade 7 to Grade 10),Obligations 2022,149939553578.1,10635514502.33,274540.0,160575342620,2022 DepEd - Obligations
07,Department of Education (DepEd),001,Office of the Secretary,3104,310400100004,Operation of Schools - Senior High School (Grade 11 to Grade 12),Obligations 2022,40366731161.92,3893050867.62,0.0,44259782030,2022 DepEd - Obligations
07,Department of Education (DepEd),001,Office of the Secretary,3104,310400100005,Government Assistance and Subsidies - Educational Service Contracting (ESC) Program for Private Junior High School (per RA No. 8545),Obligations 2022,0.0,7765944412.81,0.0,7765944413,2022 DepEd - Obligations
07,Department of Education (DepEd),001,Office of the Secretary,3104,310400100006,Government Assistance and Subsidies - Voucher Program for Private Senior High School (per RA No. 10533),Obligations 2022,0.0,532750.0,0.0,532750,2022 DepEd - Obligations
07,Department of Education (DepEd),001,Office of the Secretary,3104,310400100007,Government Assistance and Subsidies - Voucher Program for Non-DepEd Public High School (per RA No. 10533),Obligations 2022,0.0,16533609169.5,0.0,16533609170,2022 DepEd - Obligations
07,Department of Education (DepEd),001,Office of the Secretary,3104,310400100008,Joint Delivery Voucher for Senior High School Technical Vocational and Livelihood Specializations,Obligations 2022,0.0,3333806.64,0.0,3333806.64,2022 DepEd - Obligations
07,Department of Education (DepEd),001,Office of the Secretary,3104,310400100009,Operational Requirements of Sports Academy and Training Centers,Obligations 2022,,,,0,2022 DepEd - Obligations
07,Department of Education (DepEd),001,Office of the Secretary,3104,310400100010,"Implementation of the Grant of Cash Allowance, Hardship Pay, and Reclassification of Positions",Obligations 2022,3113091773.71,4252634318.19,0.0,7365726092,2022 DepEd - Obligations
07,Department of Education (DepEd),001,Office of the Secretary,3104,310400100011,School Dental Health Care Program,Obligations 2022,,,,0,2022 DepEd - Obligations
07,Department of Education (DepEd),001,Office of the Secretary,3104,310400100013,World Teachers' Day Incentive Benefits,Obligations 2022,894257648.44,0.0,0.0,894257648.4,2022 DepEd - Obligations
07,Department of Education (DepEd),001,Office of the Secretary,3104,310400100014,Establishment and Operational Requirement of the National Academy of Sports,Obligations 2022,0.0,1372830.59,0.0,1372830.59,2022 DepEd - Obligations
07,Department of Education (DepEd),001,Office of the Secretary,3104,310400100015,Government Assistance and Subsidies - Educational Service Contracting (ESC) Program for Private Junior High School (per R.A. No. 8545),Obligations 2022,0.0,7765944412.81,0.0,7765944413,2022 DepEd - Obligations
07,Department of Education (DepEd),001,Office of the Secretary,3104,310400100016,Government Assistance and Subsidies - Senior High School Voucher Program,Obligations 2022,,,,0,2022 DepEd - Obligations
07,Department of Education (DepEd),001,Office of the Secretary,3104,310400100017,Subsidies - Senior High School Voucher Program,Obligations 2022,0.0,16533609169.5,0.0,16533609170,2022 DepEd - Obligations
07,Department of Education (DepEd),001,Office of the Secretary,3104,310400100018,"Government Assistance and Subsidies - Training and Upgrading Knowledge for Learners, Teachers, and Achievers in Schools (GAS-TUKLAS)",Obligations 2022,,,,0,2022 DepEd - Obligations
07,Department of Education (DepEd),001,Office of the Secretary,3104,310400100019,School Innovation and Improvement Fund (SIIF) to all DepEd Public Schools,Obligations 2022,,,,0,2022 DepEd - Obligations
07,Department of Education (DepEd),001,Office of the Secretary,3105,310500100001,Human Resource Development for Personnel in Schools and Learning Centers,Obligations 2022,35458655.7,1443363295.16,50179451.01,1529001402,2022 DepEd - Obligations
07,Department of Education (DepEd),001,Office of the Secretary,3105,310500100002,Teacher Quality and Development Program,Obligations 2022,3589489.25,6792246.09,0.0,10381735.34,2022 DepEd - Obligations
07,Department of Education (DepEd),001,Office of the Secretary,3105,310500300001,Teacher Effectiveness and Competencies Enhancement Project (TEACEP) WB Loan No. 9481-PH,Obligations 2022,,,,0,2022 DepEd - Obligations
07,Department of Education (DepEd),002,National Book Development Board,1000,100000100001,General Management and Supervision,Obligations 2022,,,,0,2022 DepEd - Obligations
07,Department of Education (DepEd),002,National Book Development Board,1000,100000100002,Administration of Personnel Benefits,Obligations 2022,,,,0,2022 DepEd - Obligations
07,Department of Education (DepEd),002,National Book Development Board,3101,310100100001,Capacity Building and Trade Promotion Incentives,Obligations 2022,,,,0,2022 DepEd - Obligations
07,Department of Education (DepEd),002,National Book Development Board,3101,310100100002,"Administration of Awards, Grants, and Incentives",Obligations 2022,,,,0,2022 DepEd - Obligations
07,Department of Education (DepEd),002,National Book Development Board,3101,310100100003,"Policy Development, Research, Information System Management, and Information Campaign",Obligations 2022,,,,0,2022 DepEd - Obligations
07,Department of Education (DepEd),003,National Council for Children's Television,1000,100000100001,General Management and Supervision,Obligations 2022,,,,0,2022 DepEd - Obligations
07,Department of Education (DepEd),003,National Council for Children's Television,3101,310100100001,Child-Friendly Television Development Services,Obligations 2022,,,,0,2022 DepEd - Obligations
07,Department of Education (DepEd),004,National Museum of the Philippines,1000,100000100001,General Management and Supervision,Obligations 2022,,,,0,2022 DepEd - Obligations
07,Department of Education (DepEd),004,National Museum of the Philippines,1000,100000100002,Administration of Personnel Benefits,Obligations 2022,,,,0,2022 DepEd - Obligations
07,Department of Education (DepEd),004,National Museum of the Philippines,2000,200000100001,Project Monitoring and Evaluation Services,Obligations 2022,,,,0,2022 DepEd - Obligations
07,Department of Education (DepEd),004,National Museum of the Philippines,3101,310100100001,Management and Development of the National Collections and Related Knowledge Resources (Including Participation to International Meetings and Conferences),Obligations 2022,,,,0,2022 DepEd - Obligations
07,Department of Education (DepEd),004,National Museum of the Philippines,3101,310100100002,"Restoration, Preservation, Protection and Development of Cultural Property",Obligations 2022,,,,0,2022 DepEd - Obligations
07,Department of Education (DepEd),004,National Museum of the Philippines,3101,310100200015,"Restoration of Malacanang sa Sugbo, Cebu City and Converrsion to National Museum Cebu",Obligations 2022,,,,0,2022 DepEd - Obligations
07,Department of Education (DepEd),004,National Museum of the Philippines,3101,310100200016,Development of the National Museum Complex in Manila - Phase 1 (to implement Republic Act No. 11333),Obligations 2022,,,,0,2022 DepEd - Obligations
07,Department of Education (DepEd),004,National Museum of the Philippines,3101,310100200017,"Nightly repair of the Church of Our Lady of Caysasay and associated structures, a declared national cultural treasure in Taal, Batangas",Obligations 2022,,,,0,2022 DepEd - Obligations
07,Department of Education (DepEd),004,National Museum of the Philippines,3101,310100200018,Continuation of Construction of National Museum Building in Davao City,Obligations 2022,,,,0,2022 DepEd - Obligations
07,Department of Education (DepEd),004,National Museum of the Philippines,3101,310100200019,Development of the National Museum Complex in Rizal Park - Manila Phase II,Obligations 2022,,,,0,2022 DepEd - Obligations
07,Department of Education (DepEd),004,National Museum of the Philippines,3101,310100200020,Development of Information Management Systems,Obligations 2022,,,,0,2022 DepEd - Obligations
07,Department of Education (DepEd),004,National Museum of the Philippines,3101,310100200021,"Restoration and Continued Repair of Our Lady of Caysasay Church and Associated Structures (National Cultural Treasure) in Taal, Batangas",Obligations 2022,,,,0,2022 DepEd - Obligations
07,Department of Education (DepEd),004,National Museum of the Philippines,3101,310100200022,"Restoration of the Old Municipal Hall and the Municipal Plaza (Important Cultural Properties) in Balilihan, Bohol",Obligations 2022,,,,0,2022 DepEd - Obligations
07,Department of Education (DepEd),004,National Museum of the Philippines,3101,310100200023,"Development of National Museum Complex, Manila, Phase 3",Obligations 2022,,,,0,2022 DepEd - Obligations
07,Department of Education (DepEd),004,National Museum of the Philippines,3101,310100200024,"Continued Restoration and Site Development of Our Lady of Caysasay Church and Associated Structures in Taal, Batangas, Phase 3",Obligations 2022,,,,0,2022 DepEd - Obligations
07,Department of Education (DepEd),004,National Museum of the Philippines,3101,310100200025,"Rehabilitation of Former United States Air Force (USAF) Hospital in Clark Freeport, Pampanga and Conversion to National Museum of the Philippines Central Luzon, Phase 1",Obligations 2022,,,,0,2022 DepEd - Obligations
07,Department of Education (DepEd),004,National Museum of the Philippines,3101,310100200026,"Construction of National Museum of the Philippines-Baler in Baler, Aurora",Obligations 2022,,,,0,2022 DepEd - Obligations
07,Department of Education (DepEd),004,National Museum of the Philippines,3101,310100200027,Exhibitions and Fit-Out of Various National Museum of the Philippines - Central and Regional Sites,Obligations 2022,,,,0,2022 DepEd - Obligations
07,Department of Education (DepEd),004,National Museum of the Philippines,3101,310100200028,"Rehabilitation of National Museum of the Philippines-Kabayan Burial Cave Site Museum and Satellite Office in Kabayan, Benguet",Obligations 2022,,,,0,2022 DepEd - Obligations
07,Department of Education (DepEd),004,National Museum of the Philippines,3101,310100200029,"Improvement of Rocha House in Sitio Ubos in Tagbilaran City, Bohol (Declared Important Cultural Property)",Obligations 2022,,,,0,2022 DepEd - Obligations
07,Department of Education (DepEd),004,National Museum of the Philippines,3101,310100200030,"Development of National Museum Complex, Manila, Phase IV",Obligations 2022,,,,0,2022 DepEd - Obligations
07,Department of Education (DepEd),004,National Museum of the Philippines,3101,310100200031,"Construction of National Museum of the Philippines-Baler in Baler, Aurora (Phase II)",Obligations 2022,,,,0,2022 DepEd - Obligations
07,Department of Education (DepEd),004,National Museum of the Philippines,3101,310100200032,"Continued Restoration and Site Development of Our Lady of Caysasay Church and Associated Structures in Taal, Batangas, Phase IV",Obligations 2022,,,,0,2022 DepEd - Obligations
07,Department of Education (DepEd),004,National Museum of the Philippines,3101,310100200033,"Repair and Preventive Conservation Maintenance of Casa Rocha (Important Cultural Property) in Tagbilaran City, Bohol",Obligations 2022,,,,0,2022 DepEd - Obligations
07,Department of Education (DepEd),004,National Museum of the Philippines,3101,310100200034,Restoration and Development of NMP Museums and Declared/Associated Heritage Sites in the Visayas,Obligations 2022,,,,0,2022 DepEd - Obligations
07,Department of Education (DepEd),004,National Museum of the Philippines,3101,310100200035,"Rehabilitation of Former United States Air Force (USAF) Hospital in Clark Freeport, Pampanga, and Conversion to National Museum of the Philippines Central Luzon, Phase II",Obligations 2022,,,,0,2022 DepEd - Obligations
07,Department of Education (DepEd),004,National Museum of the Philippines,3101,310100200036,"Completion of Restoration of Our Lady of Caysasay Church and Associated Structures in Taal, Batangas City",Obligations 2022,,,,0,2022 DepEd - Obligations
07,Department of Education (DepEd),004,National Museum of the Philippines,3101,310100200037,"Rehabilitation of National Museum of the Philippines Kabayan Burial Caves Site Museum and Satellite Office in Kabayan, Benguet, Phase II",Obligations 2022,,,,0,2022 DepEd - Obligations
07,Department of Education (DepEd),004,National Museum of the Philippines,3101,310100200038,Completion of the Development of the National Museum Complex in Manila,Obligations 2022,,,,0,2022 DepEd - Obligations
07,Department of Education (DepEd),004,National Museum of the Philippines,3101,310100200039,"Continuation of the Development of NMP-General Aniceto Lacson Ancestral House in Talisay City, Negros Occidental",Obligations 2022,,,,0,2022 DepEd - Obligations
07,Department of Education (DepEd),004,National Museum of the Philippines,3101,310100200040,Rehabilitation of the Sewerage System of the National Museum of Fine Arts (Old Legislative Building),Obligations 2022,,,,0,2022 DepEd - Obligations
07,Department of Education (DepEd),004,National Museum of the Philippines,3101,310100200041,"Development of NMP-Kalibo, Aklan (Phase 1)",Obligations 2022,,,,0,2022 DepEd - Obligations
07,Department of Education (DepEd),004,National Museum of the Philippines,3101,310100200042,"Development of NMP-Koronadal and Lake Sebu, South Cotabato (Phase 1)",Obligations 2022,,,,0,2022 DepEd - Obligations
07,Department of Education (DepEd),004,National Museum of the Philippines,3101,310100200043,"Repair and Restoration of Boljoon Church Complex, Boljoon, Cebu and Development of NMP-Boljoon, Cebu (Phase 1)",Obligations 2022,,,,0,2022 DepEd - Obligations
07,Department of Education (DepEd),004,National Museum of the Philippines,3101,310100200044,"Development of NMP-Paoay, Paoay, Ilocos Norte",Obligations 2022,,,,0,2022 DepEd - Obligations
07,Department of Education (DepEd),004,National Museum of the Philippines,3101,310100200045,"Development of NMP General Ancieto Lacson Ancestral House, Talisay City, Negros Occidental (Phase 2)",Obligations 2022,,,,0,2022 DepEd - Obligations
07,Department of Education (DepEd),004,National Museum of the Philippines,3101,310100200046,"Development of NMP Kalibo, Aklan (Phase 2)",Obligations 2022,,,,0,2022 DepEd - Obligations
07,Department of Education (DepEd),004,National Museum of the Philippines,3101,310100200047,"Development of NMP Koronadal and Lake Sebu, South Cotabato (Phase 2)",Obligations 2022,,,,0,2022 DepEd - Obligations
07,Department of Education (DepEd),004,National Museum of the Philippines,3101,310100200048,Exhibitions and Fit-out of Various National Museum of the Philippines - Central and Regional Sites - Northern Luzon National Museums,Obligations 2022,,,,0,2022 DepEd - Obligations
07,Department of Education (DepEd),005,Philippine High School for the Arts,1000,100000100001,General Management and Supervision,Obligations 2022,,,,0,2022 DepEd - Obligations
07,Department of Education (DepEd),005,Philippine High School for the Arts,1000,100000100002,Administration of Personnel Benefits,Obligations 2022,,,,0,2022 DepEd - Obligations
07,Department of Education (DepEd),005,Philippine High School for the Arts,3101,310100100001,"Operation of Philippine High School for the Arts Including Outreach, Screening, Student Exchange Program with Other Countries and Production Activities",Obligations 2022,,,,0,2022 DepEd - Obligations
07,Department of Education (DepEd),006,Early Childhood Care and Development Council,1000,100000100001,General Management and Supervision,Obligations 2022,,,,0,2022 DepEd - Obligations
07,Department of Education (DepEd),006,Early Childhood Care and Development Council,1000,100000100002,Administration of Personnel Benefits,Obligations 2022,,,,0,2022 DepEd - Obligations
07,Department of Education (DepEd),006,Early Childhood Care and Development Council,3101,310100100001,"Development of Policies, Standards and Guidelines",Obligations 2022,,,,0,2022 DepEd - Obligations
07,Department of Education (DepEd),006,Early Childhood Care and Development Council,3101,310100100002,Capacity-Building and Institutional Development of Intermediaries and Other Partners,Obligations 2022,,,,0,2022 DepEd - Obligations
07,Department of Education (DepEd),006,Early Childhood Care and Development Council,3101,310100100003,Accreditation of ECCD Service Providers,Obligations 2022,,,,0,2022 DepEd - Obligations
07,Department of Education (DepEd),006,Early Childhood Care and Development Council,3101,310100100004,Establishment of National Child Development Centers,Obligations 2022,,,,0,2022 DepEd - Obligations
07,Department of Education (DepEd),007,National Academy of Sports,1000,100000100001,General Management and Supervision,Obligations 2022,,,,0,2022 DepEd - Obligations
07,Department of Education (DepEd),007,National Academy of Sports,1000,100000100002,Administration of Personnel Benefits,Obligations 2022,,,,0,2022 DepEd - Obligations
07,Department of Education (DepEd),007,National Academy of Sports,3101,310100100001,"Promotion, Development, and Implementation of Quality and Enhanced Sports-Integrated Secondary Education Program",Obligations 2022,,,,0,2022 DepEd - Obligations
07,Department of Education (DepEd),008,Teacher Education Council,1000,100000100001,General Management and Supervision,Obligations 2022,,,,0,2022 DepEd - Obligations
07,Department of Education (DepEd),008,Teacher Education Council,3101,310100100001,Quality Teacher Education Services,Obligations 2022,,,,0,2022 DepEd - Obligations
07,Department of Education (DepEd),001,Office of the Secretary,1000,100000100001,General Administration and Support,Disbursements 2022,11817934583.46,6596602159.8,122235980.61,18536772724,2022 DepEd - Disbursements
07,Department of Education (DepEd),001,Office of the Secretary,1000,100000100002,Administration of Personnel Benefits,Disbursements 2022,991613283.77,0.0,0.0,991613283.8,2022 DepEd - Disbursements
07,Department of Education (DepEd),001,Office of the Secretary,2000,200000100001,Physical Fitness and School Sports,Disbursements 2022,8264844.92,116611821.81,0.0,124876666.7,2022 DepEd - Disbursements
07,Department of Education (DepEd),001,Office of the Secretary,2000,200000100002,Development and Management of Bilateral and Multilateral Education Projects,Disbursements 2022,17887331.79,7557383.79,0.0,25444715.58,2022 DepEd - Disbursements
07,Department of Education (DepEd),001,Office of the Secretary,2000,200000100003,Management and Administration of Learning Resources,Disbursements 2022,46805300.9,6021652.01,0.0,52826952.91,2022 DepEd - Disbursements
07,Department of Education (DepEd),001,Office of the Secretary,2000,200000100004,Planning and Management Information Systems,Disbursements 2022,124791022.03,31755539.85,0.0,156546561.9,2022 DepEd - Disbursements
07,Department of Education (DepEd),001,Office of the Secretary,2000,200000100005,Education Information and Communication Services,Disbursements 2022,19376145.42,2057574.22,0.0,21433719.64,2022 DepEd - Disbursements
07,Department of Education (DepEd),001,Office of the Secretary,2000,200000100006,Learner Support Programs,Disbursements 2022,2111798993.32,94412307.64,0.0,2206211301,2022 DepEd - Disbursements
07,Department of Education (DepEd),001,Office of the Secretary,2000,200000100007,Building Partnerships and Linkages Program,Disbursements 2022,8624150.67,86718293.44,0.0,95342444.11,2022 DepEd - Disbursements
07,Department of Education (DepEd),001,Office of the Secretary,2000,200000100008,Legal Services and Development of Education-Related Laws and Rules,Disbursements 2022,20826300.49,13534877.94,0.0,34361178.43,2022 DepEd - Disbursements
07,Department of Education (DepEd),001,Office of the Secretary,2000,200000100009,Child Protection Program,Disbursements 2022,0.0,9815245.86,0.0,9815245.86,2022 DepEd - Disbursements
07,Department of Education (DepEd),001,Office of the Secretary,2000,200000100010,Disaster Preparedness and Response Program,Disbursements 2022,8559419.65,97529504.1,0.0,106088923.8,2022 DepEd - Disbursements
07,Department of Education (DepEd),001,Office of the Secretary,2000,200000100011,Organizational and Professional Development for Non-Teaching Personnel,Disbursements 2022,161381845.92,82070063.72,0.0,243451909.6,2022 DepEd - Disbursements
07,Department of Education (DepEd),001,Office of the Secretary,2000,200000100012,Operational Expenses of the DepEd Task Force on the 2022 National and Local Elections,Disbursements 2022,0.0,5429647.79,0.0,5429647.79,2022 DepEd - Disbursements
07,Department of Education (DepEd),001,Office of the Secretary,2000,200000100013,Operational Expenses of the DepEd - Election Task Force,Disbursements 2022,,,,0,2022 DepEd - Disbursements
07,Department of Education (DepEd),001,Office of the Secretary,3101,310100100001,National Assessment Systems for Basic Education,Disbursements 2022,27160785.98,32658710.72,0.0,59819496.7,2022 DepEd - Disbursements
07,Department of Education (DepEd),001,Office of the Secretary,3101,310100100002,Policy and Research Program,Disbursements 2022,1908731231.6,22249282.01,0.0,1930980514,2022 DepEd - Disbursements
07,Department of Education (DepEd),001,Office of the Secretary,3101,310100100003,Basic Education Curriculum,Disbursements 2022,117981786.79,57387201.17,0.0,175368988,2022 DepEd - Disbursements
07,Department of Education (DepEd),001,Office of the Secretary,3101,310100100004,"Curriculum Programs, Learning Management Models, Standards and Strategy Development",Disbursements 2022,6418904644.1,0.0,0.0,6418904644,2022 DepEd - Disbursements
07,Department of Education (DepEd),001,Office of the Secretary,3101,310100100005,Development and Promotion of Campus Journalism,Disbursements 2022,0.0,943748.26,0.0,943748.26,2022 DepEd - Disbursements
07,Department of Education (DepEd),001,Office of the Secretary,3101,310100100006,National Literacy Policies and Programs,Disbursements 2022,3453534.85,7371018.84,0.0,10824553.69,2022 DepEd - Disbursements
07,Department of Education (DepEd),001,Office of the Secretary,3101,310100100007,Early Language Literacy and Numeracy,Disbursements 2022,0.0,23899230.08,0.0,23899230.08,2022 DepEd - Disbursements
07,Department of Education (DepEd),001,Office of the Secretary,3102,310200100001,Improvement and Acquisition of School Sites,Disbursements 2022,0.0,19606348.38,0.0,19606348.38,2022 DepEd - Disbursements
07,Department of Education (DepEd),001,Office of the Secretary,3102,310200100002,New School Personnel Positions,Disbursements 2022,17060115014.13,0.0,0.0,17060115014,2022 DepEd - Disbursements
07,Department of Education (DepEd),001,Office of the Secretary,3102,310200100003,Learning Tools and Equipment,Disbursements 2022,0.0,189548943.05,17624690.54,207173633.6,2022 DepEd - Disbursements
07,Department of Education (DepEd),001,Office of the Secretary,3102,310200100004,Textbooks and Other Instructional Materials,Disbursements 2022,0.0,32260580.84,0.0,32260580.84,2022 DepEd - Disbursements
07,Department of Education (DepEd),001,Office of the Secretary,3102,310200100005,Computerization Program,Disbursements 2022,23741729.07,2007965682.16,127359958.45,2159067370,2022 DepEd - Disbursements
07,Department of Education (DepEd),001,Office of the Secretary,3102,310200100006,Basic Education Facilities,Disbursements 2022,0.0,1266575972.63,917297228.57,2183873201,2022 DepEd - Disbursements
07,Department of Education (DepEd),001,Office of the Secretary,3102,310200100007,Conservation and Restoration of Gabaldon and Other Heritage School Buildings,Disbursements 2022,0.0,0.0,30427482.81,30427482.81,2022 DepEd - Disbursements
07,Department of Education (DepEd),001,Office of the Secretary,3102,310200100010,Quick Response Fund,Disbursements 2022,0.0,19500.0,841033814.06,841053314.1,2022 DepEd - Disbursements
07,Department of Education (DepEd),001,Office of the Secretary,3102,310200100011,Last Mile Schools Program,Disbursements 2022,0.0,0.0,572137596.02,572137596,2022 DepEd - Disbursements
07,Department of Education (DepEd),001,Office of the Secretary,3102,310200100012,Public Schools Infrastructure Program (PSIP),Disbursements 2022,,,,0,2022 DepEd - Disbursements
07,Department of Education (DepEd),001,Office of the Secretary,3102,310200200001,Connectivity Enhancement Program for e-Learning in Public Schools,Disbursements 2022,,,,0,2022 DepEd - Disbursements
07,Department of Education (DepEd),001,Office of the Secretary,3102,310200300001,Infrastructure for Safer and Resilient Schools (ISRS) Project WB Loan No. 9704-PH,Disbursements 2022,,,,0,2022 DepEd - Disbursements
07,Department of Education (DepEd),001,Office of the Secretary,3103,310300100001,Multigrade Education,Disbursements 2022,0.0,21742191.77,0.0,21742191.77,2022 DepEd - Disbursements
07,Department of Education (DepEd),001,Office of the Secretary,3103,310300100002,Indigenous Peoples Education (IPEd) Program,Disbursements 2022,0.0,82966422.74,0.0,82966422.74,2022 DepEd - Disbursements
07,Department of Education (DepEd),001,Office of the Secretary,3103,310300100003,Flexible Learning Options (ADM/ALS/EiE),Disbursements 2022,0.0,10132570407.87,0.0,10132570408,2022 DepEd - Disbursements
07,Department of Education (DepEd),001,Office of the Secretary,3103,310300100004,Madrasah Education Program,Disbursements 2022,0.0,290645150.84,0.0,290645150.8,2022 DepEd - Disbursements
07,Department of Education (DepEd),001,Office of the Secretary,3103,310300100005,Special Needs Education Program,Disbursements 2022,0.0,382556557.65,8304787.41,390861345.1,2022 DepEd - Disbursements
07,Department of Education (DepEd),001,Office of the Secretary,3104,310400100001,School-Based Feeding Program (SBFP),Disbursements 2022,0.0,3379669156.62,0.0,3379669157,2022 DepEd - Disbursements
07,Department of Education (DepEd),001,Office of the Secretary,3104,310400100002,Operation of Schools - Elementary (Kinder to Grade 6),Disbursements 2022,273676872904.58,15327169710.15,0.0,289004042615,2022 DepEd - Disbursements
07,Department of Education (DepEd),001,Office of the Secretary,3104,310400100003,Operation of Schools - Junior High School (Grade 7 to Grade 10),Disbursements 2022,149059960750.97,10461822493.56,274540.0,159522057785,2022 DepEd - Disbursements
07,Department of Education (DepEd),001,Office of the Secretary,3104,310400100004,Operation of Schools - Senior High School (Grade 11 to Grade 12),Disbursements 2022,39655653992.46,3824137309.59,0.0,43479791302,2022 DepEd - Disbursements
07,Department of Education (DepEd),001,Office of the Secretary,3104,310400100005,Government Assistance and Subsidies - Educational Service Contracting (ESC) Program for Private Junior High School (per RA No. 8545),Disbursements 2022,0.0,6818052922.81,0.0,6818052923,2022 DepEd - Disbursements
07,Department of Education (DepEd),001,Office of the Secretary,3104,310400100006,Government Assistance and Subsidies - Voucher Program for Private Senior High School (per RA No. 10533),Disbursements 2022,0.0,532750.0,0.0,532750,2022 DepEd - Disbursements
07,Department of Education (DepEd),001,Office of the Secretary,3104,310400100007,Government Assistance and Subsidies - Voucher Program for Non-DepEd Public High School (per RA No. 10533),Disbursements 2022,0.0,16459145758.81,0.0,16459145759,2022 DepEd - Disbursements
07,Department of Education (DepEd),001,Office of the Secretary,3104,310400100008,Joint Delivery Voucher for Senior High School Technical Vocational and Livelihood Specializations,Disbursements 2022,0.0,3104642.77,0.0,3104642.77,2022 DepEd - Disbursements
07,Department of Education (DepEd),001,Office of the Secretary,3104,310400100009,Operational Requirements of Sports Academy and Training Centers,Disbursements 2022,,,,0,2022 DepEd - Disbursements
07,Department of Education (DepEd),001,Office of the Secretary,3104,310400100010,"Implementation of the Grant of Cash Allowance, Hardship Pay, and Reclassification of Positions",Disbursements 2022,2859957327.93,4228912649.82,0.0,7088869978,2022 DepEd - Disbursements
07,Department of Education (DepEd),001,Office of the Secretary,3104,310400100011,School Dental Health Care Program,Disbursements 2022,,,,0,2022 DepEd - Disbursements
07,Department of Education (DepEd),001,Office of the Secretary,3104,310400100013,World Teachers' Day Incentive Benefits,Disbursements 2022,872362315.78,0.0,0.0,872362315.8,2022 DepEd - Disbursements
07,Department of Education (DepEd),001,Office of the Secretary,3104,310400100014,Establishment and Operational Requirement of the National Academy of Sports,Disbursements 2022,0.0,529924.07,0.0,529924.07,2022 DepEd - Disbursements
07,Department of Education (DepEd),001,Office of the Secretary,3104,310400100015,Government Assistance and Subsidies - Educational Service Contracting (ESC) Program for Private Junior High School (per R.A. No. 8545),Disbursements 2022,0.0,6818052922.81,0.0,6818052923,2022 DepEd - Disbursements
07,Department of Education (DepEd),001,Office of the Secretary,3104,310400100016,Government Assistance and Subsidies - Senior High School Voucher Program,Disbursements 2022,,,,0,2022 DepEd - Disbursements
07,Department of Education (DepEd),001,Office of the Secretary,3104,310400100017,Subsidies - Senior High School Voucher Program,Disbursements 2022,0.0,16459145758.81,0.0,16459145759,2022 DepEd - Disbursements
07,Department of Education (DepEd),001,Office of the Secretary,3104,310400100018,"Government Assistance and Subsidies - Training and Upgrading Knowledge for Learners, Teachers, and Achievers in Schools (GAS-TUKLAS)",Disbursements 2022,,,,0,2022 DepEd - Disbursements
07,Department of Education (DepEd),001,Office of the Secretary,3104,310400100019,School Innovation and Improvement Fund (SIIF) to all DepEd Public Schools,Disbursements 2022,,,,0,2022 DepEd - Disbursements
07,Department of Education (DepEd),001,Office of the Secretary,3105,310500100001,Human Resource Development for Personnel in Schools and Learning Centers,Disbursements 2022,35121547.08,975638329.22,12754221.92,1023514098,2022 DepEd - Disbursements
07,Department of Education (DepEd),001,Office of the Secretary,3105,310500100002,Teacher Quality and Development Program,Disbursements 2022,3568431.9,6188499.68,0.0,9756931.58,2022 DepEd - Disbursements
07,Department of Education (DepEd),001,Office of the Secretary,3105,310500300001,Teacher Effectiveness and Competencies Enhancement Project (TEACEP) WB Loan No. 9481-PH,Disbursements 2022,,,,0,2022 DepEd - Disbursements
07,Department of Education (DepEd),002,National Book Development Board,1000,100000100001,General Management and Supervision,Disbursements 2022,,,,0,2022 DepEd - Disbursements
07,Department of Education (DepEd),002,National Book Development Board,1000,100000100002,Administration of Personnel Benefits,Disbursements 2022,,,,0,2022 DepEd - Disbursements
07,Department of Education (DepEd),002,National Book Development Board,3101,310100100001,Capacity Building and Trade Promotion Incentives,Disbursements 2022,,,,0,2022 DepEd - Disbursements
07,Department of Education (DepEd),002,National Book Development Board,3101,310100100002,"Administration of Awards, Grants, and Incentives",Disbursements 2022,,,,0,2022 DepEd - Disbursements
07,Department of Education (DepEd),002,National Book Development Board,3101,310100100003,"Policy Development, Research, Information System Management, and Information Campaign",Disbursements 2022,,,,0,2022 DepEd - Disbursements
07,Department of Education (DepEd),003,National Council for Children's Television,1000,100000100001,General Management and Supervision,Disbursements 2022,,,,0,2022 DepEd - Disbursements
07,Department of Education (DepEd),003,National Council for Children's Television,3101,310100100001,Child-Friendly Television Development Services,Disbursements 2022,,,,0,2022 DepEd - Disbursements
07,Department of Education (DepEd),004,National Museum of the Philippines,1000,100000100001,General Management and Supervision,Disbursements 2022,,,,0,2022 DepEd - Disbursements
07,Department of Education (DepEd),004,National Museum of the Philippines,1000,100000100002,Administration of Personnel Benefits,Disbursements 2022,,,,0,2022 DepEd - Disbursements
07,Department of Education (DepEd),004,National Museum of the Philippines,2000,200000100001,Project Monitoring and Evaluation Services,Disbursements 2022,,,,0,2022 DepEd - Disbursements
07,Department of Education (DepEd),004,National Museum of the Philippines,3101,310100100001,Management and Development of the National Collections and Related Knowledge Resources (Including Participation to International Meetings and Conferences),Disbursements 2022,,,,0,2022 DepEd - Disbursements
07,Department of Education (DepEd),004,National Museum of the Philippines,3101,310100100002,"Restoration, Preservation, Protection and Development of Cultural Property",Disbursements 2022,,,,0,2022 DepEd - Disbursements
07,Department of Education (DepEd),004,National Museum of the Philippines,3101,310100200015,"Restoration of Malacanang sa Sugbo, Cebu City and Converrsion to National Museum Cebu",Disbursements 2022,,,,0,2022 DepEd - Disbursements
07,Department of Education (DepEd),004,National Museum of the Philippines,3101,310100200016,Development of the National Museum Complex in Manila - Phase 1 (to implement Republic Act No. 11333),Disbursements 2022,,,,0,2022 DepEd - Disbursements
07,Department of Education (DepEd),004,National Museum of the Philippines,3101,310100200017,"Nightly repair of the Church of Our Lady of Caysasay and associated structures, a declared national cultural treasure in Taal, Batangas",Disbursements 2022,,,,0,2022 DepEd - Disbursements
07,Department of Education (DepEd),004,National Museum of the Philippines,3101,310100200018,Continuation of Construction of National Museum Building in Davao City,Disbursements 2022,,,,0,2022 DepEd - Disbursements
07,Department of Education (DepEd),004,National Museum of the Philippines,3101,310100200019,Development of the National Museum Complex in Rizal Park - Manila Phase II,Disbursements 2022,,,,0,2022 DepEd - Disbursements
07,Department of Education (DepEd),004,National Museum of the Philippines,3101,310100200020,Development of Information Management Systems,Disbursements 2022,,,,0,2022 DepEd - Disbursements
07,Department of Education (DepEd),004,National Museum of the Philippines,3101,310100200021,"Restoration and Continued Repair of Our Lady of Caysasay Church and Associated Structures (National Cultural Treasure) in Taal, Batangas",Disbursements 2022,,,,0,2022 DepEd - Disbursements
07,Department of Education (DepEd),004,National Museum of the Philippines,3101,310100200022,"Restoration of the Old Municipal Hall and the Municipal Plaza (Important Cultural Properties) in Balilihan, Bohol",Disbursements 2022,,,,0,2022 DepEd - Disbursements
07,Department of Education (DepEd),004,National Museum of the Philippines,3101,310100200023,"Development of National Museum Complex, Manila, Phase 3",Disbursements 2022,,,,0,2022 DepEd - Disbursements
07,Department of Education (DepEd),004,National Museum of the Philippines,3101,310100200024,"Continued Restoration and Site Development of Our Lady of Caysasay Church and Associated Structures in Taal, Batangas, Phase 3",Disbursements 2022,,,,0,2022 DepEd - Disbursements
07,Department of Education (DepEd),004,National Museum of the Philippines,3101,310100200025,"Rehabilitation of Former United States Air Force (USAF) Hospital in Clark Freeport, Pampanga and Conversion to National Museum of the Philippines Central Luzon, Phase 1",Disbursements 2022,,,,0,2022 DepEd - Disbursements
07,Department of Education (DepEd),004,National Museum of the Philippines,3101,310100200026,"Construction of National Museum of the Philippines-Baler in Baler, Aurora",Disbursements 2022,,,,0,2022 DepEd - Disbursements
07,Department of Education (DepEd),004,National Museum of the Philippines,3101,310100200027,Exhibitions and Fit-Out of Various National Museum of the Philippines - Central and Regional Sites,Disbursements 2022,,,,0,2022 DepEd - Disbursements
07,Department of Education (DepEd),004,National Museum of the Philippines,3101,310100200028,"Rehabilitation of National Museum of the Philippines-Kabayan Burial Cave Site Museum and Satellite Office in Kabayan, Benguet",Disbursements 2022,,,,0,2022 DepEd - Disbursements
07,Department of Education (DepEd),004,National Museum of the Philippines,3101,310100200029,"Improvement of Rocha House in Sitio Ubos in Tagbilaran City, Bohol (Declared Important Cultural Property)",Disbursements 2022,,,,0,2022 DepEd - Disbursements
07,Department of Education (DepEd),004,National Museum of the Philippines,3101,310100200030,"Development of National Museum Complex, Manila, Phase IV",Disbursements 2022,,,,0,2022 DepEd - Disbursements
07,Department of Education (DepEd),004,National Museum of the Philippines,3101,310100200031,"Construction of National Museum of the Philippines-Baler in Baler, Aurora (Phase II)",Disbursements 2022,,,,0,2022 DepEd - Disbursements
07,Department of Education (DepEd),004,National Museum of the Philippines,3101,310100200032,"Continued Restoration and Site Development of Our Lady of Caysasay Church and Associated Structures in Taal, Batangas, Phase IV",Disbursements 2022,,,,0,2022 DepEd - Disbursements
07,Department of Education (DepEd),004,National Museum of the Philippines,3101,310100200033,"Repair and Preventive Conservation Maintenance of Casa Rocha (Important Cultural Property) in Tagbilaran City, Bohol",Disbursements 2022,,,,0,2022 DepEd - Disbursements
07,Department of Education (DepEd),004,National Museum of the Philippines,3101,310100200034,Restoration and Development of NMP Museums and Declared/Associated Heritage Sites in the Visayas,Disbursements 2022,,,,0,2022 DepEd - Disbursements
07,Department of Education (DepEd),004,National Museum of the Philippines,3101,310100200035,"Rehabilitation of Former United States Air Force (USAF) Hospital in Clark Freeport, Pampanga, and Conversion to National Museum of the Philippines Central Luzon, Phase II",Disbursements 2022,,,,0,2022 DepEd - Disbursements
07,Department of Education (DepEd),004,National Museum of the Philippines,3101,310100200036,"Completion of Restoration of Our Lady of Caysasay Church and Associated Structures in Taal, Batangas City",Disbursements 2022,,,,0,2022 DepEd - Disbursements
07,Department of Education (DepEd),004,National Museum of the Philippines,3101,310100200037,"Rehabilitation of National Museum of the Philippines Kabayan Burial Caves Site Museum and Satellite Office in Kabayan, Benguet, Phase II",Disbursements 2022,,,,0,2022 DepEd - Disbursements
07,Department of Education (DepEd),004,National Museum of the Philippines,3101,310100200038,Completion of the Development of the National Museum Complex in Manila,Disbursements 2022,,,,0,2022 DepEd - Disbursements
07,Department of Education (DepEd),004,National Museum of the Philippines,3101,310100200039,"Continuation of the Development of NMP-General Aniceto Lacson Ancestral House in Talisay City, Negros Occidental",Disbursements 2022,,,,0,2022 DepEd - Disbursements
07,Department of Education (DepEd),004,National Museum of the Philippines,3101,310100200040,Rehabilitation of the Sewerage System of the National Museum of Fine Arts (Old Legislative Building),Disbursements 2022,,,,0,2022 DepEd - Disbursements
07,Department of Education (DepEd),004,National Museum of the Philippines,3101,310100200041,"Development of NMP-Kalibo, Aklan (Phase 1)",Disbursements 2022,,,,0,2022 DepEd - Disbursements
07,Department of Education (DepEd),004,National Museum of the Philippines,3101,310100200042,"Development of NMP-Koronadal and Lake Sebu, South Cotabato (Phase 1)",Disbursements 2022,,,,0,2022 DepEd - Disbursements
07,Department of Education (DepEd),004,National Museum of the Philippines,3101,310100200043,"Repair and Restoration of Boljoon Church Complex, Boljoon, Cebu and Development of NMP-Boljoon, Cebu (Phase 1)",Disbursements 2022,,,,0,2022 DepEd - Disbursements
07,Department of Education (DepEd),004,National Museum of the Philippines,3101,310100200044,"Development of NMP-Paoay, Paoay, Ilocos Norte",Disbursements 2022,,,,0,2022 DepEd - Disbursements
07,Department of Education (DepEd),004,National Museum of the Philippines,3101,310100200045,"Development of NMP General Ancieto Lacson Ancestral House, Talisay City, Negros Occidental (Phase 2)",Disbursements 2022,,,,0,2022 DepEd - Disbursements
07,Department of Education (DepEd),004,National Museum of the Philippines,3101,310100200046,"Development of NMP Kalibo, Aklan (Phase 2)",Disbursements 2022,,,,0,2022 DepEd - Disbursements
07,Department of Education (DepEd),004,National Museum of the Philippines,3101,310100200047,"Development of NMP Koronadal and Lake Sebu, South Cotabato (Phase 2)",Disbursements 2022,,,,0,2022 DepEd - Disbursements
07,Department of Education (DepEd),004,National Museum of the Philippines,3101,310100200048,Exhibitions and Fit-out of Various National Museum of the Philippines - Central and Regional Sites - Northern Luzon National Museums,Disbursements 2022,,,,0,2022 DepEd - Disbursements
07,Department of Education (DepEd),005,Philippine High School for the Arts,1000,100000100001,General Management and Supervision,Disbursements 2022,,,,0,2022 DepEd - Disbursements
07,Department of Education (DepEd),005,Philippine High School for the Arts,1000,100000100002,Administration of Personnel Benefits,Disbursements 2022,,,,0,2022 DepEd - Disbursements
07,Department of Education (DepEd),005,Philippine High School for the Arts,3101,310100100001,"Operation of Philippine High School for the Arts Including Outreach, Screening, Student Exchange Program with Other Countries and Production Activities",Disbursements 2022,,,,0,2022 DepEd - Disbursements
07,Department of Education (DepEd),006,Early Childhood Care and Development Council,1000,100000100001,General Management and Supervision,Disbursements 2022,,,,0,2022 DepEd - Disbursements
07,Department of Education (DepEd),006,Early Childhood Care and Development Council,1000,100000100002,Administration of Personnel Benefits,Disbursements 2022,,,,0,2022 DepEd - Disbursements
07,Department of Education (DepEd),006,Early Childhood Care and Development Council,3101,310100100001,"Development of Policies, Standards and Guidelines",Disbursements 2022,,,,0,2022 DepEd - Disbursements
07,Department of Education (DepEd),006,Early Childhood Care and Development Council,3101,310100100002,Capacity-Building and Institutional Development of Intermediaries and Other Partners,Disbursements 2022,,,,0,2022 DepEd - Disbursements
07,Department of Education (DepEd),006,Early Childhood Care and Development Council,3101,310100100003,Accreditation of ECCD Service Providers,Disbursements 2022,,,,0,2022 DepEd - Disbursements
07,Department of Education (DepEd),006,Early Childhood Care and Development Council,3101,310100100004,Establishment of National Child Development Centers,Disbursements 2022,,,,0,2022 DepEd - Disbursements
07,Department of Education (DepEd),007,National Academy of Sports,1000,100000100001,General Management and Supervision,Disbursements 2022,,,,0,2022 DepEd - Disbursements
07,Department of Education (DepEd),007,National Academy of Sports,1000,100000100002,Administration of Personnel Benefits,Disbursements 2022,,,,0,2022 DepEd - Disbursements
07,Department of Education (DepEd),007,National Academy of Sports,3101,310100100001,"Promotion, Development, and Implementation of Quality and Enhanced Sports-Integrated Secondary Education Program",Disbursements 2022,,,,0,2022 DepEd - Disbursements
07,Department of Education (DepEd),008,Teacher Education Council,1000,100000100001,General Management and Supervision,Disbursements 2022,,,,0,2022 DepEd - Disbursements
07,Department of Education (DepEd),008,Teacher Education Council,3101,310100100001,Quality Teacher Education Services,Disbursements 2022,,,,0,2022 DepEd - Disbursements
07,Department of Education (DepEd),001,Office of the Secretary,1000,100000100001,General Administration and Support,NEP 2021,5077772000.0,8087000000.0,0.0,13164772000.0,2021 DepEd - NEP
07,Department of Education (DepEd),001,Office of the Secretary,1000,100000100002,Administration of Personnel Benefits,NEP 2021,1669565000.0,0.0,0.0,1669565000.0,2021 DepEd - NEP
07,Department of Education (DepEd),001,Office of the Secretary,2000,200000100001,Physical Fitness and School Sports,NEP 2021,7221000.0,268815000.0,0.0,276036000.0,2021 DepEd - NEP
07,Department of Education (DepEd),001,Office of the Secretary,2000,200000100002,Development and Management of Bilateral and Multilateral Education Projects,NEP 2021,19334000.0,12660000.0,0.0,31994000.0,2021 DepEd - NEP
07,Department of Education (DepEd),001,Office of the Secretary,2000,200000100003,Management and Administration of Learning Resources,NEP 2021,46292000.0,9577000.0,0.0,55869000.0,2021 DepEd - NEP
07,Department of Education (DepEd),001,Office of the Secretary,2000,200000100004,Planning and Management Information Systems,NEP 2021,107858000.0,38087000.0,0.0,145945000.0,2021 DepEd - NEP
07,Department of Education (DepEd),001,Office of the Secretary,2000,200000100005,Education Information and Communication Services,NEP 2021,15689000.0,3357000.0,0.0,19046000.0,2021 DepEd - NEP
07,Department of Education (DepEd),001,Office of the Secretary,2000,200000100006,Learner Support Programs,NEP 2021,2060036000.0,121315000.0,0.0,2181351000.0,2021 DepEd - NEP
07,Department of Education (DepEd),001,Office of the Secretary,2000,200000100007,Building Partnerships and Linkages Program,NEP 2021,6356000.0,114152000.0,0.0,120508000.0,2021 DepEd - NEP
07,Department of Education (DepEd),001,Office of the Secretary,2000,200000100008,Legal Services and Development of Education-Related Laws and Rules,NEP 2021,15819000.0,18716000.0,0.0,34535000.0,2021 DepEd - NEP
07,Department of Education (DepEd),001,Office of the Secretary,2000,200000100009,Child Protection Program,NEP 2021,0.0,4580000.0,0.0,4580000.0,2021 DepEd - NEP
07,Department of Education (DepEd),001,Office of the Secretary,2000,200000100010,Disaster Preparedness and Response Program,NEP 2021,6241000.0,124890000.0,0.0,131131000.0,2021 DepEd - NEP
07,Department of Education (DepEd),001,Office of the Secretary,2000,200000100011,Organizational and Professional Development for Non-Teaching Personnel,NEP 2021,113999000.0,107425000.0,0.0,221424000.0,2021 DepEd - NEP
07,Department of Education (DepEd),001,Office of the Secretary,2000,200000100012,Operational Expenses of the DepEd Task Force on the 2022 National and Local Elections,NEP 2021,,,,,2021 DepEd - NEP
07,Department of Education (DepEd),001,Office of the Secretary,2000,200000100013,Operational Expenses of the DepEd - Election Task Force,NEP 2021,,,,,2021 DepEd - NEP
07,Department of Education (DepEd),001,Office of the Secretary,3101,310100100001,National Assessment Systems for Basic Education,NEP 2021,24615000.0,123901000.0,0.0,148516000.0,2021 DepEd - NEP
07,Department of Education (DepEd),001,Office of the Secretary,3101,310100100002,Policy and Research Program,NEP 2021,1752234000.0,33543000.0,0.0,1785777000.0,2021 DepEd - NEP
07,Department of Education (DepEd),001,Office of the Secretary,3101,310100100003,Basic Education Curriculum,NEP 2021,106556000.0,73165000.0,0.0,179721000.0,2021 DepEd - NEP
07,Department of Education (DepEd),001,Office of the Secretary,3101,310100100004,"Curriculum Programs, Learning Management Models, Standards and Strategy Development",NEP 2021,5777432000.0,1500000.0,0.0,5778932000.0,2021 DepEd - NEP
07,Department of Education (DepEd),001,Office of the Secretary,3101,310100100005,Development and Promotion of Campus Journalism,NEP 2021,0.0,1984000.0,0.0,1984000.0,2021 DepEd - NEP
07,Department of Education (DepEd),001,Office of the Secretary,3101,310100100006,National Literacy Policies and Programs,NEP 2021,3087000.0,7439000.0,0.0,10526000.0,2021 DepEd - NEP
07,Department of Education (DepEd),001,Office of the Secretary,3101,310100100007,Early Language Literacy and Numeracy,NEP 2021,0.0,22794000.0,0.0,22794000.0,2021 DepEd - NEP
07,Department of Education (DepEd),001,Office of the Secretary,3102,310200100001,Improvement and Acquisition of School Sites,NEP 2021,0.0,80227000.0,65000000.0,145227000.0,2021 DepEd - NEP
07,Department of Education (DepEd),001,Office of the Secretary,3102,310200100002,New School Personnel Positions,NEP 2021,15858328000.0,68741000.0,0.0,15927069000.0,2021 DepEd - NEP
07,Department of Education (DepEd),001,Office of the Secretary,3102,310200100003,Learning Tools and Equipment,NEP 2021,0.0,2283383000.0,435926000.0,2719309000.0,2021 DepEd - NEP
07,Department of Education (DepEd),001,Office of the Secretary,3102,310200100004,Textbooks and Other Instructional Materials,NEP 2021,0.0,963257000.0,0.0,963257000.0,2021 DepEd - NEP
07,Department of Education (DepEd),001,Office of the Secretary,3102,310200100005,Computerization Program,NEP 2021,18918000.0,314826000.0,8662340000.0,8996084000.0,2021 DepEd - NEP
07,Department of Education (DepEd),001,Office of the Secretary,3102,310200100006,Basic Education Facilities,NEP 2021,0.0,4833515000.0,19313016000.0,24146531000.0,2021 DepEd - NEP
07,Department of Education (DepEd),001,Office of the Secretary,3102,310200100007,Conservation and Restoration of Gabaldon and Other Heritage School Buildings,NEP 2021,0.0,0.0,383965000.0,383965000.0,2021 DepEd - NEP
07,Department of Education (DepEd),001,Office of the Secretary,3102,310200100010,Quick Response Fund,NEP 2021,0.0,0.0,2000000000.0,2000000000.0,2021 DepEd - NEP
07,Department of Education (DepEd),001,Office of the Secretary,3102,310200100011,Last Mile Schools Program,NEP 2021,0.0,0.0,1500000000.0,1500000000.0,2021 DepEd - NEP
07,Department of Education (DepEd),001,Office of the Secretary,3102,310200100012,Public Schools Infrastructure Program (PSIP),NEP 2021,,,,,2021 DepEd - NEP
07,Department of Education (DepEd),001,Office of the Secretary,3102,310200200001,Connectivity Enhancement Program for e-Learning in Public Schools,NEP 2021,,,,,2021 DepEd - NEP
07,Department of Education (DepEd),001,Office of the Secretary,3102,310200300001,Infrastructure for Safer and Resilient Schools (ISRS) Project WB Loan No. 9704-PH,NEP 2021,,,,,2021 DepEd - NEP
07,Department of Education (DepEd),001,Office of the Secretary,3103,310300100001,Multigrade Education,NEP 2021,0.0,22266000.0,0.0,22266000.0,2021 DepEd - NEP
07,Department of Education (DepEd),001,Office of the Secretary,3103,310300100002,Indigenous Peoples Education (IPEd) Program,NEP 2021,0.0,51478000.0,0.0,51478000.0,2021 DepEd - NEP
07,Department of Education (DepEd),001,Office of the Secretary,3103,310300100003,Flexible Learning Options (ADM/ALS/EiE),NEP 2021,0.0,15215694000.0,0.0,15215694000.0,2021 DepEd - NEP
07,Department of Education (DepEd),001,Office of the Secretary,3103,310300100004,Madrasah Education Program,NEP 2021,0.0,346830000.0,0.0,346830000.0,2021 DepEd - NEP
07,Department of Education (DepEd),001,Office of the Secretary,3103,310300100005,Special Needs Education Program,NEP 2021,,,,,2021 DepEd - NEP
07,Department of Education (DepEd),001,Office of the Secretary,3104,310400100001,School-Based Feeding Program (SBFP),NEP 2021,0.0,5974518000.0,0.0,5974518000.0,2021 DepEd - NEP
07,Department of Education (DepEd),001,Office of the Secretary,3104,310400100002,Operation of Schools - Elementary (Kinder to Grade 6),NEP 2021,238384092000.0,14438644000.0,0.0,252822736000.0,2021 DepEd - NEP
07,Department of Education (DepEd),001,Office of the Secretary,3104,310400100003,Operation of Schools - Junior High School (Grade 7 to Grade 10),NEP 2021,128873216000.0,10149862000.0,0.0,139023078000.0,2021 DepEd - NEP
07,Department of Education (DepEd),001,Office of the Secretary,3104,310400100004,Operation of Schools - Senior High School (Grade 11 to Grade 12),NEP 2021,34185242000.0,3227322000.0,0.0,37412564000.0,2021 DepEd - NEP
07,Department of Education (DepEd),001,Office of the Secretary,3104,310400100005,Government Assistance and Subsidies - Educational Service Contracting (ESC) Program for Private Junior High School (per RA No. 8545),NEP 2021,0.0,10673583000.0,0.0,10673583000.0,2021 DepEd - NEP
07,Department of Education (DepEd),001,Office of the Secretary,3104,310400100006,Government Assistance and Subsidies - Voucher Program for Private Senior High School (per RA No. 10533),NEP 2021,0.0,13692180000.0,0.0,13692180000.0,2021 DepEd - NEP
07,Department of Education (DepEd),001,Office of the Secretary,3104,310400100007,Government Assistance and Subsidies - Voucher Program for Non-DepEd Public High School (per RA No. 10533),NEP 2021,0.0,742454000.0,0.0,742454000.0,2021 DepEd - NEP
07,Department of Education (DepEd),001,Office of the Secretary,3104,310400100008,Joint Delivery Voucher for Senior High School Technical Vocational and Livelihood Specializations,NEP 2021,0.0,1159960000.0,0.0,1159960000.0,2021 DepEd - NEP
07,Department of Education (DepEd),001,Office of the Secretary,3104,310400100009,Operational Requirements of Sports Academy and Training Centers,NEP 2021,,,,,2021 DepEd - NEP
07,Department of Education (DepEd),001,Office of the Secretary,3104,310400100010,"Implementation of the Grant of Cash Allowance, Hardship Pay, and Reclassification of Positions",NEP 2021,3216484000.0,3000407000.0,0.0,6216891000.0,2021 DepEd - NEP
07,Department of Education (DepEd),001,Office of the Secretary,3104,310400100011,School Dental Health Care Program,NEP 2021,,,,,2021 DepEd - NEP
07,Department of Education (DepEd),001,Office of the Secretary,3104,310400100013,World Teachers' Day Incentive Benefits,NEP 2021,,,,,2021 DepEd - NEP
07,Department of Education (DepEd),001,Office of the Secretary,3104,310400100014,Establishment and Operational Requirement of the National Academy of Sports,NEP 2021,,,,,2021 DepEd - NEP
07,Department of Education (DepEd),001,Office of the Secretary,3104,310400100015,Government Assistance and Subsidies - Educational Service Contracting (ESC) Program for Private Junior High School (per R.A. No. 8545),NEP 2021,,,,,2021 DepEd - NEP
07,Department of Education (DepEd),001,Office of the Secretary,3104,310400100016,Government Assistance and Subsidies - Senior High School Voucher Program,NEP 2021,,,,,2021 DepEd - NEP
07,Department of Education (DepEd),001,Office of the Secretary,3104,310400100017,Subsidies - Senior High School Voucher Program,NEP 2021,,,,,2021 DepEd - NEP
07,Department of Education (DepEd),001,Office of the Secretary,3104,310400100018,"Government Assistance and Subsidies - Training and Upgrading Knowledge for Learners, Teachers, and Achievers in Schools (GAS-TUKLAS)",NEP 2021,,,,,2021 DepEd - NEP
07,Department of Education (DepEd),001,Office of the Secretary,3104,310400100019,School Innovation and Improvement Fund (SIIF) to all DepEd Public Schools,NEP 2021,,,,,2021 DepEd - NEP
07,Department of Education (DepEd),001,Office of the Secretary,3105,310500100001,Human Resource Development for Personnel in Schools and Learning Centers,NEP 2021,19853000.0,1868272000.0,0.0,1888125000.0,2021 DepEd - NEP
07,Department of Education (DepEd),001,Office of the Secretary,3105,310500100002,Teacher Quality and Development Program,NEP 2021,3593000.0,620000.0,0.0,4213000.0,2021 DepEd - NEP
07,Department of Education (DepEd),001,Office of the Secretary,3105,310500300001,Teacher Effectiveness and Competencies Enhancement Project (TEACEP) WB Loan No. 9481-PH,NEP 2021,,,,,2021 DepEd - NEP
07,Department of Education (DepEd),002,National Book Development Board,1000,100000100001,General Management and Supervision,NEP 2021,14277000.0,8428000.0,0.0,22705000.0,2021 DepEd - NEP
07,Department of Education (DepEd),002,National Book Development Board,1000,100000100002,Administration of Personnel Benefits,NEP 2021,321000.0,0.0,0.0,321000.0,2021 DepEd - NEP
07,Department of Education (DepEd),002,National Book Development Board,3101,310100100001,Capacity Building and Trade Promotion Incentives,NEP 2021,5800000.0,12002000.0,0.0,17802000.0,2021 DepEd - NEP
07,Department of Education (DepEd),002,National Book Development Board,3101,310100100002,"Administration of Awards, Grants, and Incentives",NEP 2021,3090000.0,333000.0,0.0,3423000.0,2021 DepEd - NEP
07,Department of Education (DepEd),002,National Book Development Board,3101,310100100003,"Policy Development, Research, Information System Management, and Information Campaign",NEP 2021,700000.0,1145000.0,0.0,1845000.0,2021 DepEd - NEP
07,Department of Education (DepEd),003,National Council for Children's Television,1000,100000100001,General Management and Supervision,NEP 2021,3316000.0,1900000.0,0.0,5216000.0,2021 DepEd - NEP
07,Department of Education (DepEd),003,National Council for Children's Television,3101,310100100001,Child-Friendly Television Development Services,NEP 2021,4036000.0,7824000.0,0.0,11860000.0,2021 DepEd - NEP
07,Department of Education (DepEd),004,National Museum of the Philippines,1000,100000100001,General Management and Supervision,NEP 2021,40907000.0,145970000.0,0.0,186877000.0,2021 DepEd - NEP
07,Department of Education (DepEd),004,National Museum of the Philippines,1000,100000100002,Administration of Personnel Benefits,NEP 2021,1414000.0,0.0,0.0,1414000.0,2021 DepEd - NEP
07,Department of Education (DepEd),004,National Museum of the Philippines,2000,200000100001,Project Monitoring and Evaluation Services,NEP 2021,520000.0,704000.0,0.0,1224000.0,2021 DepEd - NEP
07,Department of Education (DepEd),004,National Museum of the Philippines,3101,310100100001,Management and Development of the National Collections and Related Knowledge Resources (Including Participation to International Meetings and Conferences),NEP 2021,116845000.0,80442000.0,0.0,197287000.0,2021 DepEd - NEP
07,Department of Education (DepEd),004,National Museum of the Philippines,3101,310100100002,"Restoration, Preservation, Protection and Development of Cultural Property",NEP 2021,19609000.0,26031000.0,0.0,45640000.0,2021 DepEd - NEP
07,Department of Education (DepEd),004,National Museum of the Philippines,3101,310100200015,"Restoration of Malacanang sa Sugbo, Cebu City and Converrsion to National Museum Cebu",NEP 2021,,,,,2021 DepEd - NEP
07,Department of Education (DepEd),004,National Museum of the Philippines,3101,310100200016,Development of the National Museum Complex in Manila - Phase 1 (to implement Republic Act No. 11333),NEP 2021,,,,,2021 DepEd - NEP
07,Department of Education (DepEd),004,National Museum of the Philippines,3101,310100200017,"Nightly repair of the Church of Our Lady of Caysasay and associated structures, a declared national cultural treasure in Taal, Batangas",NEP 2021,,,,,2021 DepEd - NEP
07,Department of Education (DepEd),004,National Museum of the Philippines,3101,310100200018,Continuation of Construction of National Museum Building in Davao City,NEP 2021,,,,,2021 DepEd - NEP
07,Department of Education (DepEd),004,National Museum of the Philippines,3101,310100200019,Development of the National Museum Complex in Rizal Park - Manila Phase II,NEP 2021,,,,,2021 DepEd - NEP
07,Department of Education (DepEd),004,National Museum of the Philippines,3101,310100200020,Development of Information Management Systems,NEP 2021,,,,,2021 DepEd - NEP
07,Department of Education (DepEd),004,National Museum of the Philippines,3101,310100200021,"Restoration and Continued Repair of Our Lady of Caysasay Church and Associated Structures (National Cultural Treasure) in Taal, Batangas",NEP 2021,,,,,2021 DepEd - NEP
07,Department of Education (DepEd),004,National Museum of the Philippines,3101,310100200022,"Restoration of the Old Municipal Hall and the Municipal Plaza (Important Cultural Properties) in Balilihan, Bohol",NEP 2021,,,,,2021 DepEd - NEP
07,Department of Education (DepEd),004,National Museum of the Philippines,3101,310100200023,"Development of National Museum Complex, Manila, Phase 3",NEP 2021,,,,,2021 DepEd - NEP
07,Department of Education (DepEd),004,National Museum of the Philippines,3101,310100200024,"Continued Restoration and Site Development of Our Lady of Caysasay Church and Associated Structures in Taal, Batangas, Phase 3",NEP 2021,,,,,2021 DepEd - NEP
07,Department of Education (DepEd),004,National Museum of the Philippines,3101,310100200025,"Rehabilitation of Former United States Air Force (USAF) Hospital in Clark Freeport, Pampanga and Conversion to National Museum of the Philippines Central Luzon, Phase 1",NEP 2021,,,,,2021 DepEd - NEP
07,Department of Education (DepEd),004,National Museum of the Philippines,3101,310100200026,"Construction of National Museum of the Philippines-Baler in Baler, Aurora",NEP 2021,,,,,2021 DepEd - NEP
07,Department of Education (DepEd),004,National Museum of the Philippines,3101,310100200027,Exhibitions and Fit-Out of Various National Museum of the Philippines - Central and Regional Sites,NEP 2021,,,,,2021 DepEd - NEP
07,Department of Education (DepEd),004,National Museum of the Philippines,3101,310100200028,"Rehabilitation of National Museum of the Philippines-Kabayan Burial Cave Site Museum and Satellite Office in Kabayan, Benguet",NEP 2021,,,,,2021 DepEd - NEP
07,Department of Education (DepEd),004,National Museum of the Philippines,3101,310100200029,"Improvement of Rocha House in Sitio Ubos in Tagbilaran City, Bohol (Declared Important Cultural Property)",NEP 2021,,,,,2021 DepEd - NEP
07,Department of Education (DepEd),004,National Museum of the Philippines,3101,310100200030,"Development of National Museum Complex, Manila, Phase IV",NEP 2021,,,,,2021 DepEd - NEP
07,Department of Education (DepEd),004,National Museum of the Philippines,3101,310100200031,"Construction of National Museum of the Philippines-Baler in Baler, Aurora (Phase II)",NEP 2021,,,,,2021 DepEd - NEP
07,Department of Education (DepEd),004,National Museum of the Philippines,3101,310100200032,"Continued Restoration and Site Development of Our Lady of Caysasay Church and Associated Structures in Taal, Batangas, Phase IV",NEP 2021,,,,,2021 DepEd - NEP
07,Department of Education (DepEd),004,National Museum of the Philippines,3101,310100200033,"Repair and Preventive Conservation Maintenance of Casa Rocha (Important Cultural Property) in Tagbilaran City, Bohol",NEP 2021,,,,,2021 DepEd - NEP
07,Department of Education (DepEd),004,National Museum of the Philippines,3101,310100200034,Restoration and Development of NMP Museums and Declared/Associated Heritage Sites in the Visayas,NEP 2021,,,,,2021 DepEd - NEP
07,Department of Education (DepEd),004,National Museum of the Philippines,3101,310100200035,"Rehabilitation of Former United States Air Force (USAF) Hospital in Clark Freeport, Pampanga, and Conversion to National Museum of the Philippines Central Luzon, Phase II",NEP 2021,,,,,2021 DepEd - NEP
07,Department of Education (DepEd),004,National Museum of the Philippines,3101,310100200036,"Completion of Restoration of Our Lady of Caysasay Church and Associated Structures in Taal, Batangas City",NEP 2021,,,,,2021 DepEd - NEP
07,Department of Education (DepEd),004,National Museum of the Philippines,3101,310100200037,"Rehabilitation of National Museum of the Philippines Kabayan Burial Caves Site Museum and Satellite Office in Kabayan, Benguet, Phase II",NEP 2021,,,,,2021 DepEd - NEP
07,Department of Education (DepEd),004,National Museum of the Philippines,3101,310100200038,Completion of the Development of the National Museum Complex in Manila,NEP 2021,,,,,2021 DepEd - NEP
07,Department of Education (DepEd),004,National Museum of the Philippines,3101,310100200039,"Continuation of the Development of NMP-General Aniceto Lacson Ancestral House in Talisay City, Negros Occidental",NEP 2021,,,,,2021 DepEd - NEP
07,Department of Education (DepEd),004,National Museum of the Philippines,3101,310100200040,Rehabilitation of the Sewerage System of the National Museum of Fine Arts (Old Legislative Building),NEP 2021,,,,,2021 DepEd - NEP
07,Department of Education (DepEd),004,National Museum of the Philippines,3101,310100200041,"Development of NMP-Kalibo, Aklan (Phase 1)",NEP 2021,,,,,2021 DepEd - NEP
07,Department of Education (DepEd),004,National Museum of the Philippines,3101,310100200042,"Development of NMP-Koronadal and Lake Sebu, South Cotabato (Phase 1)",NEP 2021,,,,,2021 DepEd - NEP
07,Department of Education (DepEd),004,National Museum of the Philippines,3101,310100200043,"Repair and Restoration of Boljoon Church Complex, Boljoon, Cebu and Development of NMP-Boljoon, Cebu (Phase 1)",NEP 2021,,,,,2021 DepEd - NEP
07,Department of Education (DepEd),004,National Museum of the Philippines,3101,310100200044,"Development of NMP-Paoay, Paoay, Ilocos Norte",NEP 2021,,,,,2021 DepEd - NEP
07,Department of Education (DepEd),004,National Museum of the Philippines,3101,310100200045,"Development of NMP General Ancieto Lacson Ancestral House, Talisay City, Negros Occidental (Phase 2)",NEP 2021,,,,,2021 DepEd - NEP
07,Department of Education (DepEd),004,National Museum of the Philippines,3101,310100200046,"Development of NMP Kalibo, Aklan (Phase 2)",NEP 2021,,,,,2021 DepEd - NEP
07,Department of Education (DepEd),004,National Museum of the Philippines,3101,310100200047,"Development of NMP Koronadal and Lake Sebu, South Cotabato (Phase 2)",NEP 2021,,,,,2021 DepEd - NEP
07,Department of Education (DepEd),004,National Museum of the Philippines,3101,310100200048,Exhibitions and Fit-out of Various National Museum of the Philippines - Central and Regional Sites - Northern Luzon National Museums,NEP 2021,,,,,2021 DepEd - NEP
07,Department of Education (DepEd),005,Philippine High School for the Arts,1000,100000100001,General Management and Supervision,NEP 2021,14886000.0,29766000.0,0.0,44652000.0,2021 DepEd - NEP
07,Department of Education (DepEd),005,Philippine High School for the Arts,1000,100000100002,Administration of Personnel Benefits,NEP 2021,1722000.0,0.0,0.0,1722000.0,2021 DepEd - NEP
07,Department of Education (DepEd),005,Philippine High School for the Arts,3101,310100100001,"Operation of Philippine High School for the Arts Including Outreach, Screening, Student Exchange Program with Other Countries and Production Activities",NEP 2021,14439000.0,31373000.0,0.0,45812000.0,2021 DepEd - NEP
07,Department of Education (DepEd),006,Early Childhood Care and Development Council,1000,100000100001,General Management and Supervision,NEP 2021,15622000.0,16037000.0,1260000.0,32919000.0,2021 DepEd - NEP
07,Department of Education (DepEd),006,Early Childhood Care and Development Council,1000,100000100002,Administration of Personnel Benefits,NEP 2021,,,,,2021 DepEd - NEP
07,Department of Education (DepEd),006,Early Childhood Care and Development Council,3101,310100100001,"Development of Policies, Standards and Guidelines",NEP 2021,0.0,3118000.0,0.0,3118000.0,2021 DepEd - NEP
07,Department of Education (DepEd),006,Early Childhood Care and Development Council,3101,310100100002,Capacity-Building and Institutional Development of Intermediaries and Other Partners,NEP 2021,0.0,22908000.0,0.0,22908000.0,2021 DepEd - NEP
07,Department of Education (DepEd),006,Early Childhood Care and Development Council,3101,310100100003,Accreditation of ECCD Service Providers,NEP 2021,0.0,96000.0,0.0,96000.0,2021 DepEd - NEP
07,Department of Education (DepEd),006,Early Childhood Care and Development Council,3101,310100100004,Establishment of National Child Development Centers,NEP 2021,,,,,2021 DepEd - NEP
07,Department of Education (DepEd),007,National Academy of Sports,1000,100000100001,General Management and Supervision,NEP 2021,,,,,2021 DepEd - NEP
07,Department of Education (DepEd),007,National Academy of Sports,1000,100000100002,Administration of Personnel Benefits,NEP 2021,,,,,2021 DepEd - NEP
07,Department of Education (DepEd),007,National Academy of Sports,3101,310100100001,"Promotion, Development, and Implementation of Quality and Enhanced Sports-Integrated Secondary Education Program",NEP 2021,,,,,2021 DepEd - NEP
07,Department of Education (DepEd),008,Teacher Education Council,1000,100000100001,General Management and Supervision,NEP 2021,,,,,2021 DepEd - NEP
07,Department of Education (DepEd),008,Teacher Education Council,3101,310100100001,Quality Teacher Education Services,NEP 2021,,,,,2021 DepEd - NEP
07,Department of Education (DepEd),001,Office of the Secretary,1000,100000100001,General Administration and Support,GAA 2021,5077772000.0,7607168000.0,70000000.0,12754940000.0,2021 DepEd - GAA
07,Department of Education (DepEd),001,Office of the Secretary,1000,100000100002,Administration of Personnel Benefits,GAA 2021,1669565000.0,0.0,0.0,1669565000.0,2021 DepEd - GAA
07,Department of Education (DepEd),001,Office of the Secretary,2000,200000100001,Physical Fitness and School Sports,GAA 2021,7221000.0,268815000.0,0.0,276036000.0,2021 DepEd - GAA
07,Department of Education (DepEd),001,Office of the Secretary,2000,200000100002,Development and Management of Bilateral and Multilateral Education Projects,GAA 2021,19334000.0,12660000.0,0.0,31994000.0,2021 DepEd - GAA
07,Department of Education (DepEd),001,Office of the Secretary,2000,200000100003,Management and Administration of Learning Resources,GAA 2021,46292000.0,9577000.0,0.0,55869000.0,2021 DepEd - GAA
07,Department of Education (DepEd),001,Office of the Secretary,2000,200000100004,Planning and Management Information Systems,GAA 2021,107858000.0,38087000.0,0.0,145945000.0,2021 DepEd - GAA
07,Department of Education (DepEd),001,Office of the Secretary,2000,200000100005,Education Information and Communication Services,GAA 2021,15689000.0,3357000.0,0.0,19046000.0,2021 DepEd - GAA
07,Department of Education (DepEd),001,Office of the Secretary,2000,200000100006,Learner Support Programs,GAA 2021,2060036000.0,121315000.0,0.0,2181351000.0,2021 DepEd - GAA
07,Department of Education (DepEd),001,Office of the Secretary,2000,200000100007,Building Partnerships and Linkages Program,GAA 2021,6356000.0,114152000.0,0.0,120508000.0,2021 DepEd - GAA
07,Department of Education (DepEd),001,Office of the Secretary,2000,200000100008,Legal Services and Development of Education-Related Laws and Rules,GAA 2021,15819000.0,34619000.0,0.0,50438000.0,2021 DepEd - GAA
07,Department of Education (DepEd),001,Office of the Secretary,2000,200000100009,Child Protection Program,GAA 2021,0.0,4580000.0,0.0,4580000.0,2021 DepEd - GAA
07,Department of Education (DepEd),001,Office of the Secretary,2000,200000100010,Disaster Preparedness and Response Program,GAA 2021,6241000.0,124890000.0,0.0,131131000.0,2021 DepEd - GAA
07,Department of Education (DepEd),001,Office of the Secretary,2000,200000100011,Organizational and Professional Development for Non-Teaching Personnel,GAA 2021,113999000.0,107425000.0,0.0,221424000.0,2021 DepEd - GAA
07,Department of Education (DepEd),001,Office of the Secretary,2000,200000100012,Operational Expenses of the DepEd Task Force on the 2022 National and Local Elections,GAA 2021,,,,,2021 DepEd - GAA
07,Department of Education (DepEd),001,Office of the Secretary,2000,200000100013,Operational Expenses of the DepEd - Election Task Force,GAA 2021,,,,,2021 DepEd - GAA
07,Department of Education (DepEd),001,Office of the Secretary,3101,310100100001,National Assessment Systems for Basic Education,GAA 2021,24615000.0,123901000.0,0.0,148516000.0,2021 DepEd - GAA
07,Department of Education (DepEd),001,Office of the Secretary,3101,310100100002,Policy and Research Program,GAA 2021,1752234000.0,33543000.0,0.0,1785777000.0,2021 DepEd - GAA
07,Department of Education (DepEd),001,Office of the Secretary,3101,310100100003,Basic Education Curriculum,GAA 2021,106556000.0,73165000.0,0.0,179721000.0,2021 DepEd - GAA
07,Department of Education (DepEd),001,Office of the Secretary,3101,310100100004,"Curriculum Programs, Learning Management Models, Standards and Strategy Development",GAA 2021,5777432000.0,1500000.0,0.0,5778932000.0,2021 DepEd - GAA
07,Department of Education (DepEd),001,Office of the Secretary,3101,310100100005,Development and Promotion of Campus Journalism,GAA 2021,0.0,1984000.0,0.0,1984000.0,2021 DepEd - GAA
07,Department of Education (DepEd),001,Office of the Secretary,3101,310100100006,National Literacy Policies and Programs,GAA 2021,3087000.0,7439000.0,0.0,10526000.0,2021 DepEd - GAA
07,Department of Education (DepEd),001,Office of the Secretary,3101,310100100007,Early Language Literacy and Numeracy,GAA 2021,0.0,22794000.0,0.0,22794000.0,2021 DepEd - GAA
07,Department of Education (DepEd),001,Office of the Secretary,3102,310200100001,Improvement and Acquisition of School Sites,GAA 2021,0.0,80227000.0,65000000.0,145227000.0,2021 DepEd - GAA
07,Department of Education (DepEd),001,Office of the Secretary,3102,310200100002,New School Personnel Positions,GAA 2021,15252988000.0,68741000.0,0.0,15321729000.0,2021 DepEd - GAA
07,Department of Education (DepEd),001,Office of the Secretary,3102,310200100003,Learning Tools and Equipment,GAA 2021,0.0,2283383000.0,435926000.0,2719309000.0,2021 DepEd - GAA
07,Department of Education (DepEd),001,Office of the Secretary,3102,310200100004,Textbooks and Other Instructional Materials,GAA 2021,0.0,963257000.0,0.0,963257000.0,2021 DepEd - GAA
07,Department of Education (DepEd),001,Office of the Secretary,3102,310200100005,Computerization Program,GAA 2021,18918000.0,314826000.0,5662340000.0,5996084000.0,2021 DepEd - GAA
07,Department of Education (DepEd),001,Office of the Secretary,3102,310200100006,Basic Education Facilities,GAA 2021,0.0,1833515000.0,9313016000.0,11146531000.0,2021 DepEd - GAA
07,Department of Education (DepEd),001,Office of the Secretary,3102,310200100007,Conservation and Restoration of Gabaldon and Other Heritage School Buildings,GAA 2021,0.0,0.0,383965000.0,383965000.0,2021 DepEd - GAA
07,Department of Education (DepEd),001,Office of the Secretary,3102,310200100010,Quick Response Fund,GAA 2021,0.0,20000000.0,1980000000.0,2000000000.0,2021 DepEd - GAA
07,Department of Education (DepEd),001,Office of the Secretary,3102,310200100011,Last Mile Schools Program,GAA 2021,0.0,0.0,1500000000.0,1500000000.0,2021 DepEd - GAA
07,Department of Education (DepEd),001,Office of the Secretary,3102,310200100012,Public Schools Infrastructure Program (PSIP),GAA 2021,,,,,2021 DepEd - GAA
07,Department of Education (DepEd),001,Office of the Secretary,3102,310200200001,Connectivity Enhancement Program for e-Learning in Public Schools,GAA 2021,,,,,2021 DepEd - GAA
07,Department of Education (DepEd),001,Office of the Secretary,3102,310200300001,Infrastructure for Safer and Resilient Schools (ISRS) Project WB Loan No. 9704-PH,GAA 2021,,,,,2021 DepEd - GAA
07,Department of Education (DepEd),001,Office of the Secretary,3103,310300100001,Multigrade Education,GAA 2021,0.0,22266000.0,0.0,22266000.0,2021 DepEd - GAA
07,Department of Education (DepEd),001,Office of the Secretary,3103,310300100002,Indigenous Peoples Education (IPEd) Program,GAA 2021,0.0,159078000.0,0.0,159078000.0,2021 DepEd - GAA
07,Department of Education (DepEd),001,Office of the Secretary,3103,310300100003,Flexible Learning Options (ADM/ALS/EiE),GAA 2021,0.0,16615694000.0,0.0,16615694000.0,2021 DepEd - GAA
07,Department of Education (DepEd),001,Office of the Secretary,3103,310300100004,Madrasah Education Program,GAA 2021,0.0,346830000.0,0.0,346830000.0,2021 DepEd - GAA
07,Department of Education (DepEd),001,Office of the Secretary,3103,310300100005,Special Needs Education Program,GAA 2021,0.0,297203000.0,32000000.0,329203000.0,2021 DepEd - GAA
07,Department of Education (DepEd),001,Office of the Secretary,3104,310400100001,School-Based Feeding Program (SBFP),GAA 2021,0.0,6044788000.0,0.0,6044788000.0,2021 DepEd - GAA
07,Department of Education (DepEd),001,Office of the Secretary,3104,310400100002,Operation of Schools - Elementary (Kinder to Grade 6),GAA 2021,238384092000.0,14570245000.0,0.0,252954337000.0,2021 DepEd - GAA
07,Department of Education (DepEd),001,Office of the Secretary,3104,310400100003,Operation of Schools - Junior High School (Grade 7 to Grade 10),GAA 2021,128873216000.0,10287433000.0,0.0,139160649000.0,2021 DepEd - GAA
07,Department of Education (DepEd),001,Office of the Secretary,3104,310400100004,Operation of Schools - Senior High School (Grade 11 to Grade 12),GAA 2021,34185242000.0,3300589000.0,0.0,37485831000.0,2021 DepEd - GAA
07,Department of Education (DepEd),001,Office of the Secretary,3104,310400100005,Government Assistance and Subsidies - Educational Service Contracting (ESC) Program for Private Junior High School (per RA No. 8545),GAA 2021,0.0,11236101000.0,0.0,11236101000.0,2021 DepEd - GAA
07,Department of Education (DepEd),001,Office of the Secretary,3104,310400100006,Government Assistance and Subsidies - Voucher Program for Private Senior High School (per RA No. 10533),GAA 2021,0.0,13692180000.0,0.0,13692180000.0,2021 DepEd - GAA
07,Department of Education (DepEd),001,Office of the Secretary,3104,310400100007,Government Assistance and Subsidies - Voucher Program for Non-DepEd Public High School (per RA No. 10533),GAA 2021,0.0,742454000.0,0.0,742454000.0,2021 DepEd - GAA
07,Department of Education (DepEd),001,Office of the Secretary,3104,310400100008,Joint Delivery Voucher for Senior High School Technical Vocational and Livelihood Specializations,GAA 2021,0.0,1159960000.0,0.0,1159960000.0,2021 DepEd - GAA
07,Department of Education (DepEd),001,Office of the Secretary,3104,310400100009,Operational Requirements of Sports Academy and Training Centers,GAA 2021,,,,,2021 DepEd - GAA
07,Department of Education (DepEd),001,Office of the Secretary,3104,310400100010,"Implementation of the Grant of Cash Allowance, Hardship Pay, and Reclassification of Positions",GAA 2021,3216484000.0,4365407000.0,0.0,7581891000.0,2021 DepEd - GAA
07,Department of Education (DepEd),001,Office of the Secretary,3104,310400100011,School Dental Health Care Program,GAA 2021,,,,,2021 DepEd - GAA
07,Department of Education (DepEd),001,Office of the Secretary,3104,310400100013,World Teachers' Day Incentive Benefits,GAA 2021,910000000.0,0.0,0.0,910000000.0,2021 DepEd - GAA
07,Department of Education (DepEd),001,Office of the Secretary,3104,310400100014,Establishment and Operational Requirement of the National Academy of Sports,GAA 2021,45000000.0,219668000.0,0.0,264668000.0,2021 DepEd - GAA
07,Department of Education (DepEd),001,Office of the Secretary,3104,310400100015,Government Assistance and Subsidies - Educational Service Contracting (ESC) Program for Private Junior High School (per R.A. No. 8545),GAA 2021,,,,,2021 DepEd - GAA
07,Department of Education (DepEd),001,Office of the Secretary,3104,310400100016,Government Assistance and Subsidies - Senior High School Voucher Program,GAA 2021,,,,,2021 DepEd - GAA
07,Department of Education (DepEd),001,Office of the Secretary,3104,310400100017,Subsidies - Senior High School Voucher Program,GAA 2021,,,,,2021 DepEd - GAA
07,Department of Education (DepEd),001,Office of the Secretary,3104,310400100018,"Government Assistance and Subsidies - Training and Upgrading Knowledge for Learners, Teachers, and Achievers in Schools (GAS-TUKLAS)",GAA 2021,,,,,2021 DepEd - GAA
07,Department of Education (DepEd),001,Office of the Secretary,3104,310400100019,School Innovation and Improvement Fund (SIIF) to all DepEd Public Schools,GAA 2021,,,,,2021 DepEd - GAA
07,Department of Education (DepEd),001,Office of the Secretary,3105,310500100001,Human Resource Development for Personnel in Schools and Learning Centers,GAA 2021,19853000.0,1833272000.0,35000000.0,1888125000.0,2021 DepEd - GAA
07,Department of Education (DepEd),001,Office of the Secretary,3105,310500100002,Teacher Quality and Development Program,GAA 2021,3593000.0,16307000.0,0.0,19900000.0,2021 DepEd - GAA
07,Department of Education (DepEd),001,Office of the Secretary,3105,310500300001,Teacher Effectiveness and Competencies Enhancement Project (TEACEP) WB Loan No. 9481-PH,GAA 2021,,,,,2021 DepEd - GAA
07,Department of Education (DepEd),002,National Book Development Board,1000,100000100001,General Management and Supervision,GAA 2021,14277000.0,13917000.0,3720000.0,31914000.0,2021 DepEd - GAA
07,Department of Education (DepEd),002,National Book Development Board,1000,100000100002,Administration of Personnel Benefits,GAA 2021,321000.0,0.0,0.0,321000.0,2021 DepEd - GAA
07,Department of Education (DepEd),002,National Book Development Board,3101,310100100001,Capacity Building and Trade Promotion Incentives,GAA 2021,5800000.0,38323000.0,0.0,44123000.0,2021 DepEd - GAA
07,Department of Education (DepEd),002,National Book Development Board,3101,310100100002,"Administration of Awards, Grants, and Incentives",GAA 2021,3090000.0,2233000.0,0.0,5323000.0,2021 DepEd - GAA
07,Department of Education (DepEd),002,National Book Development Board,3101,310100100003,"Policy Development, Research, Information System Management, and Information Campaign",GAA 2021,700000.0,4829000.0,0.0,5529000.0,2021 DepEd - GAA
07,Department of Education (DepEd),003,National Council for Children's Television,1000,100000100001,General Management and Supervision,GAA 2021,3316000.0,1900000.0,0.0,5216000.0,2021 DepEd - GAA
07,Department of Education (DepEd),003,National Council for Children's Television,3101,310100100001,Child-Friendly Television Development Services,GAA 2021,4036000.0,15824000.0,0.0,19860000.0,2021 DepEd - GAA
07,Department of Education (DepEd),004,National Museum of the Philippines,1000,100000100001,General Management and Supervision,GAA 2021,40907000.0,145970000.0,0.0,186877000.0,2021 DepEd - GAA
07,Department of Education (DepEd),004,National Museum of the Philippines,1000,100000100002,Administration of Personnel Benefits,GAA 2021,1414000.0,0.0,0.0,1414000.0,2021 DepEd - GAA
07,Department of Education (DepEd),004,National Museum of the Philippines,2000,200000100001,Project Monitoring and Evaluation Services,GAA 2021,520000.0,704000.0,0.0,1224000.0,2021 DepEd - GAA
07,Department of Education (DepEd),004,National Museum of the Philippines,3101,310100100001,Management and Development of the National Collections and Related Knowledge Resources (Including Participation to International Meetings and Conferences),GAA 2021,116845000.0,85442000.0,27113000.0,229400000.0,2021 DepEd - GAA
07,Department of Education (DepEd),004,National Museum of the Philippines,3101,310100100002,"Restoration, Preservation, Protection and Development of Cultural Property",GAA 2021,19609000.0,43918000.0,0.0,63527000.0,2021 DepEd - GAA
07,Department of Education (DepEd),004,National Museum of the Philippines,3101,310100200015,"Restoration of Malacanang sa Sugbo, Cebu City and Converrsion to National Museum Cebu",GAA 2021,,,,,2021 DepEd - GAA
07,Department of Education (DepEd),004,National Museum of the Philippines,3101,310100200016,Development of the National Museum Complex in Manila - Phase 1 (to implement Republic Act No. 11333),GAA 2021,0.0,0.0,40000000.0,40000000.0,2021 DepEd - GAA
07,Department of Education (DepEd),004,National Museum of the Philippines,3101,310100200017,"Nightly repair of the Church of Our Lady of Caysasay and associated structures, a declared national cultural treasure in Taal, Batangas",GAA 2021,0.0,0.0,15000000.0,15000000.0,2021 DepEd - GAA
07,Department of Education (DepEd),004,National Museum of the Philippines,3101,310100200018,Continuation of Construction of National Museum Building in Davao City,GAA 2021,,,,,2021 DepEd - GAA
07,Department of Education (DepEd),004,National Museum of the Philippines,3101,310100200019,Development of the National Museum Complex in Rizal Park - Manila Phase II,GAA 2021,,,,,2021 DepEd - GAA
07,Department of Education (DepEd),004,National Museum of the Philippines,3101,310100200020,Development of Information Management Systems,GAA 2021,,,,,2021 DepEd - GAA
07,Department of Education (DepEd),004,National Museum of the Philippines,3101,310100200021,"Restoration and Continued Repair of Our Lady of Caysasay Church and Associated Structures (National Cultural Treasure) in Taal, Batangas",GAA 2021,,,,,2021 DepEd - GAA
07,Department of Education (DepEd),004,National Museum of the Philippines,3101,310100200022,"Restoration of the Old Municipal Hall and the Municipal Plaza (Important Cultural Properties) in Balilihan, Bohol",GAA 2021,,,,,2021 DepEd - GAA
07,Department of Education (DepEd),004,National Museum of the Philippines,3101,310100200023,"Development of National Museum Complex, Manila, Phase 3",GAA 2021,,,,,2021 DepEd - GAA
07,Department of Education (DepEd),004,National Museum of the Philippines,3101,310100200024,"Continued Restoration and Site Development of Our Lady of Caysasay Church and Associated Structures in Taal, Batangas, Phase 3",GAA 2021,,,,,2021 DepEd - GAA
07,Department of Education (DepEd),004,National Museum of the Philippines,3101,310100200025,"Rehabilitation of Former United States Air Force (USAF) Hospital in Clark Freeport, Pampanga and Conversion to National Museum of the Philippines Central Luzon, Phase 1",GAA 2021,,,,,2021 DepEd - GAA
07,Department of Education (DepEd),004,National Museum of the Philippines,3101,310100200026,"Construction of National Museum of the Philippines-Baler in Baler, Aurora",GAA 2021,,,,,2021 DepEd - GAA
07,Department of Education (DepEd),004,National Museum of the Philippines,3101,310100200027,Exhibitions and Fit-Out of Various National Museum of the Philippines - Central and Regional Sites,GAA 2021,,,,,2021 DepEd - GAA
07,Department of Education (DepEd),004,National Museum of the Philippines,3101,310100200028,"Rehabilitation of National Museum of the Philippines-Kabayan Burial Cave Site Museum and Satellite Office in Kabayan, Benguet",GAA 2021,,,,,2021 DepEd - GAA
07,Department of Education (DepEd),004,National Museum of the Philippines,3101,310100200029,"Improvement of Rocha House in Sitio Ubos in Tagbilaran City, Bohol (Declared Important Cultural Property)",GAA 2021,,,,,2021 DepEd - GAA
07,Department of Education (DepEd),004,National Museum of the Philippines,3101,310100200030,"Development of National Museum Complex, Manila, Phase IV",GAA 2021,,,,,2021 DepEd - GAA
07,Department of Education (DepEd),004,National Museum of the Philippines,3101,310100200031,"Construction of National Museum of the Philippines-Baler in Baler, Aurora (Phase II)",GAA 2021,,,,,2021 DepEd - GAA
07,Department of Education (DepEd),004,National Museum of the Philippines,3101,310100200032,"Continued Restoration and Site Development of Our Lady of Caysasay Church and Associated Structures in Taal, Batangas, Phase IV",GAA 2021,,,,,2021 DepEd - GAA
07,Department of Education (DepEd),004,National Museum of the Philippines,3101,310100200033,"Repair and Preventive Conservation Maintenance of Casa Rocha (Important Cultural Property) in Tagbilaran City, Bohol",GAA 2021,,,,,2021 DepEd - GAA
07,Department of Education (DepEd),004,National Museum of the Philippines,3101,310100200034,Restoration and Development of NMP Museums and Declared/Associated Heritage Sites in the Visayas,GAA 2021,,,,,2021 DepEd - GAA
07,Department of Education (DepEd),004,National Museum of the Philippines,3101,310100200035,"Rehabilitation of Former United States Air Force (USAF) Hospital in Clark Freeport, Pampanga, and Conversion to National Museum of the Philippines Central Luzon, Phase II",GAA 2021,,,,,2021 DepEd - GAA
07,Department of Education (DepEd),004,National Museum of the Philippines,3101,310100200036,"Completion of Restoration of Our Lady of Caysasay Church and Associated Structures in Taal, Batangas City",GAA 2021,,,,,2021 DepEd - GAA
07,Department of Education (DepEd),004,National Museum of the Philippines,3101,310100200037,"Rehabilitation of National Museum of the Philippines Kabayan Burial Caves Site Museum and Satellite Office in Kabayan, Benguet, Phase II",GAA 2021,,,,,2021 DepEd - GAA
07,Department of Education (DepEd),004,National Museum of the Philippines,3101,310100200038,Completion of the Development of the National Museum Complex in Manila,GAA 2021,,,,,2021 DepEd - GAA
07,Department of Education (DepEd),004,National Museum of the Philippines,3101,310100200039,"Continuation of the Development of NMP-General Aniceto Lacson Ancestral House in Talisay City, Negros Occidental",GAA 2021,,,,,2021 DepEd - GAA
07,Department of Education (DepEd),004,National Museum of the Philippines,3101,310100200040,Rehabilitation of the Sewerage System of the National Museum of Fine Arts (Old Legislative Building),GAA 2021,,,,,2021 DepEd - GAA
07,Department of Education (DepEd),004,National Museum of the Philippines,3101,310100200041,"Development of NMP-Kalibo, Aklan (Phase 1)",GAA 2021,,,,,2021 DepEd - GAA
07,Department of Education (DepEd),004,National Museum of the Philippines,3101,310100200042,"Development of NMP-Koronadal and Lake Sebu, South Cotabato (Phase 1)",GAA 2021,,,,,2021 DepEd - GAA
07,Department of Education (DepEd),004,National Museum of the Philippines,3101,310100200043,"Repair and Restoration of Boljoon Church Complex, Boljoon, Cebu and Development of NMP-Boljoon, Cebu (Phase 1)",GAA 2021,,,,,2021 DepEd - GAA
07,Department of Education (DepEd),004,National Museum of the Philippines,3101,310100200044,"Development of NMP-Paoay, Paoay, Ilocos Norte",GAA 2021,,,,,2021 DepEd - GAA
07,Department of Education (DepEd),004,National Museum of the Philippines,3101,310100200045,"Development of NMP General Ancieto Lacson Ancestral House, Talisay City, Negros Occidental (Phase 2)",GAA 2021,,,,,2021 DepEd - GAA
07,Department of Education (DepEd),004,National Museum of the Philippines,3101,310100200046,"Development of NMP Kalibo, Aklan (Phase 2)",GAA 2021,,,,,2021 DepEd - GAA
07,Department of Education (DepEd),004,National Museum of the Philippines,3101,310100200047,"Development of NMP Koronadal and Lake Sebu, South Cotabato (Phase 2)",GAA 2021,,,,,2021 DepEd - GAA
07,Department of Education (DepEd),004,National Museum of the Philippines,3101,310100200048,Exhibitions and Fit-out of Various National Museum of the Philippines - Central and Regional Sites - Northern Luzon National Museums,GAA 2021,,,,,2021 DepEd - GAA
07,Department of Education (DepEd),005,Philippine High School for the Arts,1000,100000100001,General Management and Supervision,GAA 2021,14886000.0,32439000.0,15950000.0,63275000.0,2021 DepEd - GAA
07,Department of Education (DepEd),005,Philippine High School for the Arts,1000,100000100002,Administration of Personnel Benefits,GAA 2021,1722000.0,0.0,0.0,1722000.0,2021 DepEd - GAA
07,Department of Education (DepEd),005,Philippine High School for the Arts,3101,310100100001,"Operation of Philippine High School for the Arts Including Outreach, Screening, Student Exchange Program with Other Countries and Production Activities",GAA 2021,14439000.0,33243000.0,2075000.0,49757000.0,2021 DepEd - GAA
07,Department of Education (DepEd),006,Early Childhood Care and Development Council,1000,100000100001,General Management and Supervision,GAA 2021,15622000.0,16037000.0,1260000.0,32919000.0,2021 DepEd - GAA
07,Department of Education (DepEd),006,Early Childhood Care and Development Council,1000,100000100002,Administration of Personnel Benefits,GAA 2021,,,,,2021 DepEd - GAA
07,Department of Education (DepEd),006,Early Childhood Care and Development Council,3101,310100100001,"Development of Policies, Standards and Guidelines",GAA 2021,0.0,3118000.0,0.0,3118000.0,2021 DepEd - GAA
07,Department of Education (DepEd),006,Early Childhood Care and Development Council,3101,310100100002,Capacity-Building and Institutional Development of Intermediaries and Other Partners,GAA 2021,0.0,22908000.0,0.0,22908000.0,2021 DepEd - GAA
07,Department of Education (DepEd),006,Early Childhood Care and Development Council,3101,310100100003,Accreditation of ECCD Service Providers,GAA 2021,0.0,96000.0,0.0,96000.0,2021 DepEd - GAA
07,Department of Education (DepEd),006,Early Childhood Care and Development Council,3101,310100100004,Establishment of National Child Development Centers,GAA 2021,0.0,50000000.0,0.0,50000000.0,2021 DepEd - GAA
07,Department of Education (DepEd),007,National Academy of Sports,1000,100000100001,General Management and Supervision,GAA 2021,,,,,2021 DepEd - GAA
07,Department of Education (DepEd),007,National Academy of Sports,1000,100000100002,Administration of Personnel Benefits,GAA 2021,,,,,2021 DepEd - GAA
07,Department of Education (DepEd),007,National Academy of Sports,3101,310100100001,"Promotion, Development, and Implementation of Quality and Enhanced Sports-Integrated Secondary Education Program",GAA 2021,,,,,2021 DepEd - GAA
07,Department of Education (DepEd),008,Teacher Education Council,1000,100000100001,General Management and Supervision,GAA 2021,,,,,2021 DepEd - GAA
07,Department of Education (DepEd),008,Teacher Education Council,3101,310100100001,Quality Teacher Education Services,GAA 2021,,,,,2021 DepEd - GAA
07,Department of Education (DepEd),001,Office of the Secretary,1000,100000100001,General Administration and Support,Authorized Appropriations 2021,5532406000.0,7607168000.0,70000000.0,13209574000.0,2021 DepEd - Authorized Appro
07,Department of Education (DepEd),001,Office of the Secretary,1000,100000100002,Administration of Personnel Benefits,Authorized Appropriations 2021,1669565000.0,0.0,0.0,1669565000.0,2021 DepEd - Authorized Appro
07,Department of Education (DepEd),001,Office of the Secretary,2000,200000100001,Physical Fitness and School Sports,Authorized Appropriations 2021,7900000.0,268815000.0,0.0,276715000.0,2021 DepEd - Authorized Appro
07,Department of Education (DepEd),001,Office of the Secretary,2000,200000100002,Development and Management of Bilateral and Multilateral Education Projects,Authorized Appropriations 2021,21152000.0,12660000.0,0.0,33812000.0,2021 DepEd - Authorized Appro
07,Department of Education (DepEd),001,Office of the Secretary,2000,200000100003,Management and Administration of Learning Resources,Authorized Appropriations 2021,50581000.0,9577000.0,0.0,60158000.0,2021 DepEd - Authorized Appro
07,Department of Education (DepEd),001,Office of the Secretary,2000,200000100004,Planning and Management Information Systems,Authorized Appropriations 2021,117903000.0,38087000.0,0.0,155990000.0,2021 DepEd - Authorized Appro
07,Department of Education (DepEd),001,Office of the Secretary,2000,200000100005,Education Information and Communication Services,Authorized Appropriations 2021,17142000.0,3357000.0,0.0,20499000.0,2021 DepEd - Authorized Appro
07,Department of Education (DepEd),001,Office of the Secretary,2000,200000100006,Learner Support Programs,Authorized Appropriations 2021,2198812000.0,121315000.0,0.0,2320127000.0,2021 DepEd - Authorized Appro
07,Department of Education (DepEd),001,Office of the Secretary,2000,200000100007,Building Partnerships and Linkages Program,Authorized Appropriations 2021,6942000.0,114152000.0,0.0,121094000.0,2021 DepEd - Authorized Appro
07,Department of Education (DepEd),001,Office of the Secretary,2000,200000100008,Legal Services and Development of Education-Related Laws and Rules,Authorized Appropriations 2021,17313000.0,34619000.0,0.0,51932000.0,2021 DepEd - Authorized Appro
07,Department of Education (DepEd),001,Office of the Secretary,2000,200000100009,Child Protection Program,Authorized Appropriations 2021,0.0,4580000.0,0.0,4580000.0,2021 DepEd - Authorized Appro
07,Department of Education (DepEd),001,Office of the Secretary,2000,200000100010,Disaster Preparedness and Response Program,Authorized Appropriations 2021,6831000.0,124890000.0,0.0,131721000.0,2021 DepEd - Authorized Appro
07,Department of Education (DepEd),001,Office of the Secretary,2000,200000100011,Organizational and Professional Development for Non-Teaching Personnel,Authorized Appropriations 2021,124761000.0,107425000.0,0.0,232186000.0,2021 DepEd - Authorized Appro
07,Department of Education (DepEd),001,Office of the Secretary,2000,200000100012,Operational Expenses of the DepEd Task Force on the 2022 National and Local Elections,Authorized Appropriations 2021,,,,,2021 DepEd - Authorized Appro
07,Department of Education (DepEd),001,Office of the Secretary,2000,200000100013,Operational Expenses of the DepEd - Election Task Force,Authorized Appropriations 2021,,,,,2021 DepEd - Authorized Appro
07,Department of Education (DepEd),001,Office of the Secretary,3101,310100100001,National Assessment Systems for Basic Education,Authorized Appropriations 2021,26908000.0,123901000.0,0.0,150809000.0,2021 DepEd - Authorized Appro
07,Department of Education (DepEd),001,Office of the Secretary,3101,310100100002,Policy and Research Program,Authorized Appropriations 2021,1916684000.0,33543000.0,0.0,1950227000.0,2021 DepEd - Authorized Appro
07,Department of Education (DepEd),001,Office of the Secretary,3101,310100100003,Basic Education Curriculum,Authorized Appropriations 2021,116710000.0,73165000.0,0.0,189875000.0,2021 DepEd - Authorized Appro
07,Department of Education (DepEd),001,Office of the Secretary,3101,310100100004,"Curriculum Programs, Learning Management Models, Standards and Strategy Development",Authorized Appropriations 2021,6336814000.0,1500000.0,0.0,6338314000.0,2021 DepEd - Authorized Appro
07,Department of Education (DepEd),001,Office of the Secretary,3101,310100100005,Development and Promotion of Campus Journalism,Authorized Appropriations 2021,0.0,1984000.0,0.0,1984000.0,2021 DepEd - Authorized Appro
07,Department of Education (DepEd),001,Office of the Secretary,3101,310100100006,National Literacy Policies and Programs,Authorized Appropriations 2021,3372000.0,7439000.0,0.0,10811000.0,2021 DepEd - Authorized Appro
07,Department of Education (DepEd),001,Office of the Secretary,3101,310100100007,Early Language Literacy and Numeracy,Authorized Appropriations 2021,0.0,22794000.0,0.0,22794000.0,2021 DepEd - Authorized Appro
07,Department of Education (DepEd),001,Office of the Secretary,3102,310200100001,Improvement and Acquisition of School Sites,Authorized Appropriations 2021,0.0,80227000.0,65000000.0,145227000.0,2021 DepEd - Authorized Appro
07,Department of Education (DepEd),001,Office of the Secretary,3102,310200100002,New School Personnel Positions,Authorized Appropriations 2021,15252988000.0,68741000.0,0.0,15321729000.0,2021 DepEd - Authorized Appro
07,Department of Education (DepEd),001,Office of the Secretary,3102,310200100003,Learning Tools and Equipment,Authorized Appropriations 2021,0.0,2283383000.0,435926000.0,2719309000.0,2021 DepEd - Authorized Appro
07,Department of Education (DepEd),001,Office of the Secretary,3102,310200100004,Textbooks and Other Instructional Materials,Authorized Appropriations 2021,0.0,963257000.0,0.0,963257000.0,2021 DepEd - Authorized Appro
07,Department of Education (DepEd),001,Office of the Secretary,3102,310200100005,Computerization Program,Authorized Appropriations 2021,20697000.0,314826000.0,5662340000.0,5997863000.0,2021 DepEd - Authorized Appro
07,Department of Education (DepEd),001,Office of the Secretary,3102,310200100006,Basic Education Facilities,Authorized Appropriations 2021,0.0,1833515000.0,9313016000.0,11146531000.0,2021 DepEd - Authorized Appro
07,Department of Education (DepEd),001,Office of the Secretary,3102,310200100007,Conservation and Restoration of Gabaldon and Other Heritage School Buildings,Authorized Appropriations 2021,0.0,0.0,383965000.0,383965000.0,2021 DepEd - Authorized Appro
07,Department of Education (DepEd),001,Office of the Secretary,3102,310200100010,Quick Response Fund,Authorized Appropriations 2021,0.0,20000000.0,1980000000.0,2000000000.0,2021 DepEd - Authorized Appro
07,Department of Education (DepEd),001,Office of the Secretary,3102,310200100011,Last Mile Schools Program,Authorized Appropriations 2021,0.0,0.0,1500000000.0,1500000000.0,2021 DepEd - Authorized Appro
07,Department of Education (DepEd),001,Office of the Secretary,3102,310200100012,Public Schools Infrastructure Program (PSIP),Authorized Appropriations 2021,,,,,2021 DepEd - Authorized Appro
07,Department of Education (DepEd),001,Office of the Secretary,3102,310200200001,Connectivity Enhancement Program for e-Learning in Public Schools,Authorized Appropriations 2021,,,,,2021 DepEd - Authorized Appro
07,Department of Education (DepEd),001,Office of the Secretary,3102,310200300001,Infrastructure for Safer and Resilient Schools (ISRS) Project WB Loan No. 9704-PH,Authorized Appropriations 2021,,,,,2021 DepEd - Authorized Appro
07,Department of Education (DepEd),001,Office of the Secretary,3103,310300100001,Multigrade Education,Authorized Appropriations 2021,0.0,22266000.0,0.0,22266000.0,2021 DepEd - Authorized Appro
07,Department of Education (DepEd),001,Office of the Secretary,3103,310300100002,Indigenous Peoples Education (IPEd) Program,Authorized Appropriations 2021,0.0,159078000.0,0.0,159078000.0,2021 DepEd - Authorized Appro
07,Department of Education (DepEd),001,Office of the Secretary,3103,310300100003,Flexible Learning Options (ADM/ALS/EiE),Authorized Appropriations 2021,0.0,16615694000.0,0.0,16615694000.0,2021 DepEd - Authorized Appro
07,Department of Education (DepEd),001,Office of the Secretary,3103,310300100004,Madrasah Education Program,Authorized Appropriations 2021,0.0,346830000.0,0.0,346830000.0,2021 DepEd - Authorized Appro
07,Department of Education (DepEd),001,Office of the Secretary,3103,310300100005,Special Needs Education Program,Authorized Appropriations 2021,0.0,297203000.0,32000000.0,329203000.0,2021 DepEd - Authorized Appro
07,Department of Education (DepEd),001,Office of the Secretary,3104,310400100001,School-Based Feeding Program (SBFP),Authorized Appropriations 2021,0.0,6044788000.0,0.0,6044788000.0,2021 DepEd - Authorized Appro
07,Department of Education (DepEd),001,Office of the Secretary,3104,310400100002,Operation of Schools - Elementary (Kinder to Grade 6),Authorized Appropriations 2021,260098264000.0,14570245000.0,0.0,274668509000.0,2021 DepEd - Authorized Appro
07,Department of Education (DepEd),001,Office of the Secretary,3104,310400100003,Operation of Schools - Junior High School (Grade 7 to Grade 10),Authorized Appropriations 2021,140445444000.0,10287433000.0,0.0,150732877000.0,2021 DepEd - Authorized Appro
07,Department of Education (DepEd),001,Office of the Secretary,3104,310400100004,Operation of Schools - Senior High School (Grade 11 to Grade 12),Authorized Appropriations 2021,37262181000.0,3300589000.0,0.0,40562770000.0,2021 DepEd - Authorized Appro
07,Department of Education (DepEd),001,Office of the Secretary,3104,310400100005,Government Assistance and Subsidies - Educational Service Contracting (ESC) Program for Private Junior High School (per RA No. 8545),Authorized Appropriations 2021,0.0,11236101000.0,0.0,11236101000.0,2021 DepEd - Authorized Appro
07,Department of Education (DepEd),001,Office of the Secretary,3104,310400100006,Government Assistance and Subsidies - Voucher Program for Private Senior High School (per RA No. 10533),Authorized Appropriations 2021,0.0,13692180000.0,0.0,13692180000.0,2021 DepEd - Authorized Appro
07,Department of Education (DepEd),001,Office of the Secretary,3104,310400100007,Government Assistance and Subsidies - Voucher Program for Non-DepEd Public High School (per RA No. 10533),Authorized Appropriations 2021,0.0,742454000.0,0.0,742454000.0,2021 DepEd - Authorized Appro
07,Department of Education (DepEd),001,Office of the Secretary,3104,310400100008,Joint Delivery Voucher for Senior High School Technical Vocational and Livelihood Specializations,Authorized Appropriations 2021,0.0,1159960000.0,0.0,1159960000.0,2021 DepEd - Authorized Appro
07,Department of Education (DepEd),001,Office of the Secretary,3104,310400100009,Operational Requirements of Sports Academy and Training Centers,Authorized Appropriations 2021,45000000.0,219668000.0,0.0,264668000.0,2021 DepEd - Authorized Appro
07,Department of Education (DepEd),001,Office of the Secretary,3104,310400100010,"Implementation of the Grant of Cash Allowance, Hardship Pay, and Reclassification of Positions",Authorized Appropriations 2021,3216484000.0,4365407000.0,0.0,7581891000.0,2021 DepEd - Authorized Appro
07,Department of Education (DepEd),001,Office of the Secretary,3104,310400100011,School Dental Health Care Program,Authorized Appropriations 2021,0.0,0.0,0.0,0.0,2021 DepEd - Authorized Appro
07,Department of Education (DepEd),001,Office of the Secretary,3104,310400100013,World Teachers' Day Incentive Benefits,Authorized Appropriations 2021,910000000.0,0.0,0.0,910000000.0,2021 DepEd - Authorized Appro
07,Department of Education (DepEd),001,Office of the Secretary,3104,310400100014,Establishment and Operational Requirement of the National Academy of Sports,Authorized Appropriations 2021,,,,,2021 DepEd - Authorized Appro
07,Department of Education (DepEd),001,Office of the Secretary,3104,310400100015,Government Assistance and Subsidies - Educational Service Contracting (ESC) Program for Private Junior High School (per R.A. No. 8545),Authorized Appropriations 2021,,,,,2021 DepEd - Authorized Appro
07,Department of Education (DepEd),001,Office of the Secretary,3104,310400100016,Government Assistance and Subsidies - Senior High School Voucher Program,Authorized Appropriations 2021,,,,,2021 DepEd - Authorized Appro
07,Department of Education (DepEd),001,Office of the Secretary,3104,310400100017,Subsidies - Senior High School Voucher Program,Authorized Appropriations 2021,,,,,2021 DepEd - Authorized Appro
07,Department of Education (DepEd),001,Office of the Secretary,3104,310400100018,"Government Assistance and Subsidies - Training and Upgrading Knowledge for Learners, Teachers, and Achievers in Schools (GAS-TUKLAS)",Authorized Appropriations 2021,,,,,2021 DepEd - Authorized Appro
07,Department of Education (DepEd),001,Office of the Secretary,3104,310400100019,School Innovation and Improvement Fund (SIIF) to all DepEd Public Schools,Authorized Appropriations 2021,,,,,2021 DepEd - Authorized Appro
07,Department of Education (DepEd),001,Office of the Secretary,3105,310500100001,Human Resource Development for Personnel in Schools and Learning Centers,Authorized Appropriations 2021,21724000.0,1833272000.0,35000000.0,1889996000.0,2021 DepEd - Authorized Appro
07,Department of Education (DepEd),001,Office of the Secretary,3105,310500100002,Teacher Quality and Development Program,Authorized Appropriations 2021,3932000.0,16307000.0,0.0,20239000.0,2021 DepEd - Authorized Appro
07,Department of Education (DepEd),001,Office of the Secretary,3105,310500300001,Teacher Effectiveness and Competencies Enhancement Project (TEACEP) WB Loan No. 9481-PH,Authorized Appropriations 2021,,,,,2021 DepEd - Authorized Appro
07,Department of Education (DepEd),002,National Book Development Board,1000,100000100001,General Management and Supervision,Authorized Appropriations 2021,,,,,2021 DepEd - Authorized Appro
07,Department of Education (DepEd),002,National Book Development Board,1000,100000100002,Administration of Personnel Benefits,Authorized Appropriations 2021,,,,,2021 DepEd - Authorized Appro
07,Department of Education (DepEd),002,National Book Development Board,3101,310100100001,Capacity Building and Trade Promotion Incentives,Authorized Appropriations 2021,,,,,2021 DepEd - Authorized Appro
07,Department of Education (DepEd),002,National Book Development Board,3101,310100100002,"Administration of Awards, Grants, and Incentives",Authorized Appropriations 2021,,,,,2021 DepEd - Authorized Appro
07,Department of Education (DepEd),002,National Book Development Board,3101,310100100003,"Policy Development, Research, Information System Management, and Information Campaign",Authorized Appropriations 2021,,,,,2021 DepEd - Authorized Appro
07,Department of Education (DepEd),003,National Council for Children's Television,1000,100000100001,General Management and Supervision,Authorized Appropriations 2021,,,,,2021 DepEd - Authorized Appro
07,Department of Education (DepEd),003,National Council for Children's Television,3101,310100100001,Child-Friendly Television Development Services,Authorized Appropriations 2021,,,,,2021 DepEd - Authorized Appro
07,Department of Education (DepEd),004,National Museum of the Philippines,1000,100000100001,General Management and Supervision,Authorized Appropriations 2021,,,,,2021 DepEd - Authorized Appro
07,Department of Education (DepEd),004,National Museum of the Philippines,1000,100000100002,Administration of Personnel Benefits,Authorized Appropriations 2021,,,,,2021 DepEd - Authorized Appro
07,Department of Education (DepEd),004,National Museum of the Philippines,2000,200000100001,Project Monitoring and Evaluation Services,Authorized Appropriations 2021,,,,,2021 DepEd - Authorized Appro
07,Department of Education (DepEd),004,National Museum of the Philippines,3101,310100100001,Management and Development of the National Collections and Related Knowledge Resources (Including Participation to International Meetings and Conferences),Authorized Appropriations 2021,,,,,2021 DepEd - Authorized Appro
07,Department of Education (DepEd),004,National Museum of the Philippines,3101,310100100002,"Restoration, Preservation, Protection and Development of Cultural Property",Authorized Appropriations 2021,,,,,2021 DepEd - Authorized Appro
07,Department of Education (DepEd),004,National Museum of the Philippines,3101,310100200015,"Restoration of Malacanang sa Sugbo, Cebu City and Converrsion to National Museum Cebu",Authorized Appropriations 2021,,,,,2021 DepEd - Authorized Appro
07,Department of Education (DepEd),004,National Museum of the Philippines,3101,310100200016,Development of the National Museum Complex in Manila - Phase 1 (to implement Republic Act No. 11333),Authorized Appropriations 2021,,,,,2021 DepEd - Authorized Appro
07,Department of Education (DepEd),004,National Museum of the Philippines,3101,310100200017,"Nightly repair of the Church of Our Lady of Caysasay and associated structures, a declared national cultural treasure in Taal, Batangas",Authorized Appropriations 2021,,,,,2021 DepEd - Authorized Appro
07,Department of Education (DepEd),004,National Museum of the Philippines,3101,310100200018,Continuation of Construction of National Museum Building in Davao City,Authorized Appropriations 2021,,,,,2021 DepEd - Authorized Appro
07,Department of Education (DepEd),004,National Museum of the Philippines,3101,310100200019,Development of the National Museum Complex in Rizal Park - Manila Phase II,Authorized Appropriations 2021,,,,,2021 DepEd - Authorized Appro
07,Department of Education (DepEd),004,National Museum of the Philippines,3101,310100200020,Development of Information Management Systems,Authorized Appropriations 2021,,,,,2021 DepEd - Authorized Appro
07,Department of Education (DepEd),004,National Museum of the Philippines,3101,310100200021,"Restoration and Continued Repair of Our Lady of Caysasay Church and Associated Structures (National Cultural Treasure) in Taal, Batangas",Authorized Appropriations 2021,,,,,2021 DepEd - Authorized Appro
07,Department of Education (DepEd),004,National Museum of the Philippines,3101,310100200022,"Restoration of the Old Municipal Hall and the Municipal Plaza (Important Cultural Properties) in Balilihan, Bohol",Authorized Appropriations 2021,,,,,2021 DepEd - Authorized Appro
07,Department of Education (DepEd),004,National Museum of the Philippines,3101,310100200023,"Development of National Museum Complex, Manila, Phase 3",Authorized Appropriations 2021,,,,,2021 DepEd - Authorized Appro
07,Department of Education (DepEd),004,National Museum of the Philippines,3101,310100200024,"Continued Restoration and Site Development of Our Lady of Caysasay Church and Associated Structures in Taal, Batangas, Phase 3",Authorized Appropriations 2021,,,,,2021 DepEd - Authorized Appro
07,Department of Education (DepEd),004,National Museum of the Philippines,3101,310100200025,"Rehabilitation of Former United States Air Force (USAF) Hospital in Clark Freeport, Pampanga and Conversion to National Museum of the Philippines Central Luzon, Phase 1",Authorized Appropriations 2021,,,,,2021 DepEd - Authorized Appro
07,Department of Education (DepEd),004,National Museum of the Philippines,3101,310100200026,"Construction of National Museum of the Philippines-Baler in Baler, Aurora",Authorized Appropriations 2021,,,,,2021 DepEd - Authorized Appro
07,Department of Education (DepEd),004,National Museum of the Philippines,3101,310100200027,Exhibitions and Fit-Out of Various National Museum of the Philippines - Central and Regional Sites,Authorized Appropriations 2021,,,,,2021 DepEd - Authorized Appro
07,Department of Education (DepEd),004,National Museum of the Philippines,3101,310100200028,"Rehabilitation of National Museum of the Philippines-Kabayan Burial Cave Site Museum and Satellite Office in Kabayan, Benguet",Authorized Appropriations 2021,,,,,2021 DepEd - Authorized Appro
07,Department of Education (DepEd),004,National Museum of the Philippines,3101,310100200029,"Improvement of Rocha House in Sitio Ubos in Tagbilaran City, Bohol (Declared Important Cultural Property)",Authorized Appropriations 2021,,,,,2021 DepEd - Authorized Appro
07,Department of Education (DepEd),004,National Museum of the Philippines,3101,310100200030,"Development of National Museum Complex, Manila, Phase IV",Authorized Appropriations 2021,,,,,2021 DepEd - Authorized Appro
07,Department of Education (DepEd),004,National Museum of the Philippines,3101,310100200031,"Construction of National Museum of the Philippines-Baler in Baler, Aurora (Phase II)",Authorized Appropriations 2021,,,,,2021 DepEd - Authorized Appro
07,Department of Education (DepEd),004,National Museum of the Philippines,3101,310100200032,"Continued Restoration and Site Development of Our Lady of Caysasay Church and Associated Structures in Taal, Batangas, Phase IV",Authorized Appropriations 2021,,,,,2021 DepEd - Authorized Appro
07,Department of Education (DepEd),004,National Museum of the Philippines,3101,310100200033,"Repair and Preventive Conservation Maintenance of Casa Rocha (Important Cultural Property) in Tagbilaran City, Bohol",Authorized Appropriations 2021,,,,,2021 DepEd - Authorized Appro
07,Department of Education (DepEd),004,National Museum of the Philippines,3101,310100200034,Restoration and Development of NMP Museums and Declared/Associated Heritage Sites in the Visayas,Authorized Appropriations 2021,,,,,2021 DepEd - Authorized Appro
07,Department of Education (DepEd),004,National Museum of the Philippines,3101,310100200035,"Rehabilitation of Former United States Air Force (USAF) Hospital in Clark Freeport, Pampanga, and Conversion to National Museum of the Philippines Central Luzon, Phase II",Authorized Appropriations 2021,,,,,2021 DepEd - Authorized Appro
07,Department of Education (DepEd),004,National Museum of the Philippines,3101,310100200036,"Completion of Restoration of Our Lady of Caysasay Church and Associated Structures in Taal, Batangas City",Authorized Appropriations 2021,,,,,2021 DepEd - Authorized Appro
07,Department of Education (DepEd),004,National Museum of the Philippines,3101,310100200037,"Rehabilitation of National Museum of the Philippines Kabayan Burial Caves Site Museum and Satellite Office in Kabayan, Benguet, Phase II",Authorized Appropriations 2021,,,,,2021 DepEd - Authorized Appro
07,Department of Education (DepEd),004,National Museum of the Philippines,3101,310100200038,Completion of the Development of the National Museum Complex in Manila,Authorized Appropriations 2021,,,,,2021 DepEd - Authorized Appro
07,Department of Education (DepEd),004,National Museum of the Philippines,3101,310100200039,"Continuation of the Development of NMP-General Aniceto Lacson Ancestral House in Talisay City, Negros Occidental",Authorized Appropriations 2021,,,,,2021 DepEd - Authorized Appro
07,Department of Education (DepEd),004,National Museum of the Philippines,3101,310100200040,Rehabilitation of the Sewerage System of the National Museum of Fine Arts (Old Legislative Building),Authorized Appropriations 2021,,,,,2021 DepEd - Authorized Appro
07,Department of Education (DepEd),004,National Museum of the Philippines,3101,310100200041,"Development of NMP-Kalibo, Aklan (Phase 1)",Authorized Appropriations 2021,,,,,2021 DepEd - Authorized Appro
07,Department of Education (DepEd),004,National Museum of the Philippines,3101,310100200042,"Development of NMP-Koronadal and Lake Sebu, South Cotabato (Phase 1)",Authorized Appropriations 2021,,,,,2021 DepEd - Authorized Appro
07,Department of Education (DepEd),004,National Museum of the Philippines,3101,310100200043,"Repair and Restoration of Boljoon Church Complex, Boljoon, Cebu and Development of NMP-Boljoon, Cebu (Phase 1)",Authorized Appropriations 2021,,,,,2021 DepEd - Authorized Appro
07,Department of Education (DepEd),004,National Museum of the Philippines,3101,310100200044,"Development of NMP-Paoay, Paoay, Ilocos Norte",Authorized Appropriations 2021,,,,,2021 DepEd - Authorized Appro
07,Department of Education (DepEd),004,National Museum of the Philippines,3101,310100200045,"Development of NMP General Ancieto Lacson Ancestral House, Talisay City, Negros Occidental (Phase 2)",Authorized Appropriations 2021,,,,,2021 DepEd - Authorized Appro
07,Department of Education (DepEd),004,National Museum of the Philippines,3101,310100200046,"Development of NMP Kalibo, Aklan (Phase 2)",Authorized Appropriations 2021,,,,,2021 DepEd - Authorized Appro
07,Department of Education (DepEd),004,National Museum of the Philippines,3101,310100200047,"Development of NMP Koronadal and Lake Sebu, South Cotabato (Phase 2)",Authorized Appropriations 2021,,,,,2021 DepEd - Authorized Appro
07,Department of Education (DepEd),004,National Museum of the Philippines,3101,310100200048,Exhibitions and Fit-out of Various National Museum of the Philippines - Central and Regional Sites - Northern Luzon National Museums,Authorized Appropriations 2021,,,,,2021 DepEd - Authorized Appro
07,Department of Education (DepEd),005,Philippine High School for the Arts,1000,100000100001,General Management and Supervision,Authorized Appropriations 2021,,,,,2021 DepEd - Authorized Appro
07,Department of Education (DepEd),005,Philippine High School for the Arts,1000,100000100002,Administration of Personnel Benefits,Authorized Appropriations 2021,,,,,2021 DepEd - Authorized Appro
07,Department of Education (DepEd),005,Philippine High School for the Arts,3101,310100100001,"Operation of Philippine High School for the Arts Including Outreach, Screening, Student Exchange Program with Other Countries and Production Activities",Authorized Appropriations 2021,,,,,2021 DepEd - Authorized Appro
07,Department of Education (DepEd),006,Early Childhood Care and Development Council,1000,100000100001,General Management and Supervision,Authorized Appropriations 2021,,,,,2021 DepEd - Authorized Appro
07,Department of Education (DepEd),006,Early Childhood Care and Development Council,1000,100000100002,Administration of Personnel Benefits,Authorized Appropriations 2021,,,,,2021 DepEd - Authorized Appro
07,Department of Education (DepEd),006,Early Childhood Care and Development Council,3101,310100100001,"Development of Policies, Standards and Guidelines",Authorized Appropriations 2021,,,,,2021 DepEd - Authorized Appro
07,Department of Education (DepEd),006,Early Childhood Care and Development Council,3101,310100100002,Capacity-Building and Institutional Development of Intermediaries and Other Partners,Authorized Appropriations 2021,,,,,2021 DepEd - Authorized Appro
07,Department of Education (DepEd),006,Early Childhood Care and Development Council,3101,310100100003,Accreditation of ECCD Service Providers,Authorized Appropriations 2021,,,,,2021 DepEd - Authorized Appro
07,Department of Education (DepEd),006,Early Childhood Care and Development Council,3101,310100100004,Establishment of National Child Development Centers,Authorized Appropriations 2021,,,,,2021 DepEd - Authorized Appro
07,Department of Education (DepEd),007,National Academy of Sports,1000,100000100001,General Management and Supervision,Authorized Appropriations 2021,,,,,2021 DepEd - Authorized Appro
07,Department of Education (DepEd),007,National Academy of Sports,1000,100000100002,Administration of Personnel Benefits,Authorized Appropriations 2021,,,,,2021 DepEd - Authorized Appro
07,Department of Education (DepEd),007,National Academy of Sports,3101,310100100001,"Promotion, Development, and Implementation of Quality and Enhanced Sports-Integrated Secondary Education Program",Authorized Appropriations 2021,,,,,2021 DepEd - Authorized Appro
07,Department of Education (DepEd),008,Teacher Education Council,1000,100000100001,General Management and Supervision,Authorized Appropriations 2021,,,,,2021 DepEd - Authorized Appro
07,Department of Education (DepEd),008,Teacher Education Council,3101,310100100001,Quality Teacher Education Services,Authorized Appropriations 2021,,,,,2021 DepEd - Authorized Appro
07,Department of Education (DepEd),001,Office of the Secretary,1000,100000100001,General Administration and Support,Adjusted Appropriations 2021,10301502717.46,7956447815.04,517225597.73,18775176130.23,2021 DepEd - Adjusted Appro
07,Department of Education (DepEd),001,Office of the Secretary,1000,100000100002,Administration of Personnel Benefits,Adjusted Appropriations 2021,1006771155.23,0.0,0.0,1006771155.23,2021 DepEd - Adjusted Appro
07,Department of Education (DepEd),001,Office of the Secretary,2000,200000100001,Physical Fitness and School Sports,Adjusted Appropriations 2021,8371676.64,295032475.08,0.0,303404151.72,2021 DepEd - Adjusted Appro
07,Department of Education (DepEd),001,Office of the Secretary,2000,200000100002,Development and Management of Bilateral and Multilateral Education Projects,Adjusted Appropriations 2021,19822625.21,15721726.86,0.0,35544352.07,2021 DepEd - Adjusted Appro
07,Department of Education (DepEd),001,Office of the Secretary,2000,200000100003,Management and Administration of Learning Resources,Adjusted Appropriations 2021,42936698.28,21425179.72,0.0,64361878.0,2021 DepEd - Adjusted Appro
07,Department of Education (DepEd),001,Office of the Secretary,2000,200000100004,Planning and Management Information Systems,Adjusted Appropriations 2021,117841629.71,45233609.46,0.0,163075239.17,2021 DepEd - Adjusted Appro
07,Department of Education (DepEd),001,Office of the Secretary,2000,200000100005,Education Information and Communication Services,Adjusted Appropriations 2021,16479004.05,6438324.0,0.0,22917328.05,2021 DepEd - Adjusted Appro
07,Department of Education (DepEd),001,Office of the Secretary,2000,200000100006,Learner Support Programs,Adjusted Appropriations 2021,2189021311.47,170240710.02,0.0,2359262021.49,2021 DepEd - Adjusted Appro
07,Department of Education (DepEd),001,Office of the Secretary,2000,200000100007,Building Partnerships and Linkages Program,Adjusted Appropriations 2021,7800687.12,165429152.0,0.0,173229839.12,2021 DepEd - Adjusted Appro
07,Department of Education (DepEd),001,Office of the Secretary,2000,200000100008,Legal Services and Development of Education-Related Laws and Rules,Adjusted Appropriations 2021,17559612.69,42519087.33,0.0,60078700.02,2021 DepEd - Adjusted Appro
07,Department of Education (DepEd),001,Office of the Secretary,2000,200000100009,Child Protection Program,Adjusted Appropriations 2021,0.0,7045287.57,0.0,7045287.57,2021 DepEd - Adjusted Appro
07,Department of Education (DepEd),001,Office of the Secretary,2000,200000100010,Disaster Preparedness and Response Program,Adjusted Appropriations 2021,7149828.65,207141567.19,0.0,214291395.84,2021 DepEd - Adjusted Appro
07,Department of Education (DepEd),001,Office of the Secretary,2000,200000100011,Organizational and Professional Development for Non-Teaching Personnel,Adjusted Appropriations 2021,135428720.37,110226134.46,0.0,245654854.83,2021 DepEd - Adjusted Appro
07,Department of Education (DepEd),001,Office of the Secretary,2000,200000100012,Operational Expenses of the DepEd Task Force on the 2022 National and Local Elections,Adjusted Appropriations 2021,,,,,2021 DepEd - Adjusted Appro
07,Department of Education (DepEd),001,Office of the Secretary,2000,200000100013,Operational Expenses of the DepEd - Election Task Force,Adjusted Appropriations 2021,,,,,2021 DepEd - Adjusted Appro
07,Department of Education (DepEd),001,Office of the Secretary,3101,310100100001,National Assessment Systems for Basic Education,Adjusted Appropriations 2021,23782392.18,301040446.99,0.0,324822839.17,2021 DepEd - Adjusted Appro
07,Department of Education (DepEd),001,Office of the Secretary,3101,310100100002,Policy and Research Program,Adjusted Appropriations 2021,1913511384.02,46302376.4,0.0,1959813760.42,2021 DepEd - Adjusted Appro
07,Department of Education (DepEd),001,Office of the Secretary,3101,310100100003,Basic Education Curriculum,Adjusted Appropriations 2021,110742051.03,84413683.35,0.0,195155734.38,2021 DepEd - Adjusted Appro
07,Department of Education (DepEd),001,Office of the Secretary,3101,310100100004,"Curriculum Programs, Learning Management Models, Standards and Strategy Development",Adjusted Appropriations 2021,6346304230.0,1500000.0,0.0,6347804230.04,2021 DepEd - Adjusted Appro
07,Department of Education (DepEd),001,Office of the Secretary,3101,310100100005,Development and Promotion of Campus Journalism,Adjusted Appropriations 2021,0.0,1984000.32,0.0,1984000.32,2021 DepEd - Adjusted Appro
07,Department of Education (DepEd),001,Office of the Secretary,3101,310100100006,National Literacy Policies and Programs,Adjusted Appropriations 2021,3457027.05,11616179.12,0.0,15073206.17,2021 DepEd - Adjusted Appro
07,Department of Education (DepEd),001,Office of the Secretary,3101,310100100007,Early Language Literacy and Numeracy,Adjusted Appropriations 2021,0.0,48040738.85,0.0,48040738.85,2021 DepEd - Adjusted Appro
07,Department of Education (DepEd),001,Office of the Secretary,3102,310200100001,Improvement and Acquisition of School Sites,Adjusted Appropriations 2021,0.0,94574954.63,130000000.0,224574954.63,2021 DepEd - Adjusted Appro
07,Department of Education (DepEd),001,Office of the Secretary,3102,310200100002,New School Personnel Positions,Adjusted Appropriations 2021,15203912441.58,138741000.0,0.0,15342653441.58,2021 DepEd - Adjusted Appro
07,Department of Education (DepEd),001,Office of the Secretary,3102,310200100003,Learning Tools and Equipment,Adjusted Appropriations 2021,0.0,2283383000.0,435926000.0,2719309000.0,2021 DepEd - Adjusted Appro
07,Department of Education (DepEd),001,Office of the Secretary,3102,310200100004,Textbooks and Other Instructional Materials,Adjusted Appropriations 2021,0.0,1519061108.19,0.0,1519061108.19,2021 DepEd - Adjusted Appro
07,Department of Education (DepEd),001,Office of the Secretary,3102,310200100005,Computerization Program,Adjusted Appropriations 2021,20063217.42,315066647.65,7059783921.24,7394913786.31,2021 DepEd - Adjusted Appro
07,Department of Education (DepEd),001,Office of the Secretary,3102,310200100006,Basic Education Facilities,Adjusted Appropriations 2021,0.0,1833515000.0,7633850701.83,9467365701.83,2021 DepEd - Adjusted Appro
07,Department of Education (DepEd),001,Office of the Secretary,3102,310200100007,Conservation and Restoration of Gabaldon and Other Heritage School Buildings,Adjusted Appropriations 2021,0.0,0.0,1061204431.51,1061204431.51,2021 DepEd - Adjusted Appro
07,Department of Education (DepEd),001,Office of the Secretary,3102,310200100010,Quick Response Fund,Adjusted Appropriations 2021,0.0,20000000.0,2143261223.38,2163261223.38,2021 DepEd - Adjusted Appro
07,Department of Education (DepEd),001,Office of the Secretary,3102,310200100011,Last Mile Schools Program,Adjusted Appropriations 2021,0.0,0.0,2999168902.6,2999168902.6,2021 DepEd - Adjusted Appro
07,Department of Education (DepEd),001,Office of the Secretary,3102,310200100012,Public Schools Infrastructure Program (PSIP),Adjusted Appropriations 2021,,,,,2021 DepEd - Adjusted Appro
07,Department of Education (DepEd),001,Office of the Secretary,3102,310200200001,Connectivity Enhancement Program for e-Learning in Public Schools,Adjusted Appropriations 2021,,,,,2021 DepEd - Adjusted Appro
07,Department of Education (DepEd),001,Office of the Secretary,3102,310200300001,Infrastructure for Safer and Resilient Schools (ISRS) Project WB Loan No. 9704-PH,Adjusted Appropriations 2021,,,,,2021 DepEd - Adjusted Appro
07,Department of Education (DepEd),001,Office of the Secretary,3103,310300100001,Multigrade Education,Adjusted Appropriations 2021,0.0,22838294.48,0.0,22838294.48,2021 DepEd - Adjusted Appro
07,Department of Education (DepEd),001,Office of the Secretary,3103,310300100002,Indigenous Peoples Education (IPEd) Program,Adjusted Appropriations 2021,0.0,180371847.0,0.0,180371847.0,2021 DepEd - Adjusted Appro
07,Department of Education (DepEd),001,Office of the Secretary,3103,310300100003,Flexible Learning Options (ADM/ALS/EiE),Adjusted Appropriations 2021,0.0,16804772639.46,3000000.0,16807772639.46,2021 DepEd - Adjusted Appro
07,Department of Education (DepEd),001,Office of the Secretary,3103,310300100004,Madrasah Education Program,Adjusted Appropriations 2021,0.0,398795915.14,0.0,398795915.14,2021 DepEd - Adjusted Appro
07,Department of Education (DepEd),001,Office of the Secretary,3103,310300100005,Special Needs Education Program,Adjusted Appropriations 2021,0.0,297203000.0,32000000.0,329203000.0,2021 DepEd - Adjusted Appro
07,Department of Education (DepEd),001,Office of the Secretary,3104,310400100001,School-Based Feeding Program (SBFP),Adjusted Appropriations 2021,0.0,7686892119.61,0.0,7686892119.61,2021 DepEd - Adjusted Appro
07,Department of Education (DepEd),001,Office of the Secretary,3104,310400100002,Operation of Schools - Elementary (Kinder to Grade 6),Adjusted Appropriations 2021,259483756555.86,15195064990.53,2880000.0,274681701546.39,2021 DepEd - Adjusted Appro
07,Department of Education (DepEd),001,Office of the Secretary,3104,310400100003,Operation of Schools - Junior High School (Grade 7 to Grade 10),Adjusted Appropriations 2021,139233953081.91,10962744160.92,6060000.0,150202757242.83,2021 DepEd - Adjusted Appro
07,Department of Education (DepEd),001,Office of the Secretary,3104,310400100004,Operation of Schools - Senior High School (Grade 11 to Grade 12),Adjusted Appropriations 2021,36993215072.75,3687961529.29,585000.0,40681761602.04,2021 DepEd - Adjusted Appro
07,Department of Education (DepEd),001,Office of the Secretary,3104,310400100005,Government Assistance and Subsidies - Educational Service Contracting (ESC) Program for Private Junior High School (per RA No. 8545),Adjusted Appropriations 2021,0.0,11236101000.0,0.0,11236101000.0,2021 DepEd - Adjusted Appro
07,Department of Education (DepEd),001,Office of the Secretary,3104,310400100006,Government Assistance and Subsidies - Voucher Program for Private Senior High School (per RA No. 10533),Adjusted Appropriations 2021,0.0,17392050000.0,0.0,17392050000.0,2021 DepEd - Adjusted Appro
07,Department of Education (DepEd),001,Office of the Secretary,3104,310400100007,Government Assistance and Subsidies - Voucher Program for Non-DepEd Public High School (per RA No. 10533),Adjusted Appropriations 2021,0.0,742454000.0,0.0,742454000.0,2021 DepEd - Adjusted Appro
07,Department of Education (DepEd),001,Office of the Secretary,3104,310400100008,Joint Delivery Voucher for Senior High School Technical Vocational and Livelihood Specializations,Adjusted Appropriations 2021,0.0,1161447496.82,0.0,1161447496.82,2021 DepEd - Adjusted Appro
07,Department of Education (DepEd),001,Office of the Secretary,3104,310400100009,Operational Requirements of Sports Academy and Training Centers,Adjusted Appropriations 2021,45000000.0,227168000.0,0.0,272168000.0,2021 DepEd - Adjusted Appro
07,Department of Education (DepEd),001,Office of the Secretary,3104,310400100010,"Implementation of the Grant of Cash Allowance, Hardship Pay, and Reclassification of Positions",Adjusted Appropriations 2021,3009359017.39,4574469223.77,0.0,7583828241.16,2021 DepEd - Adjusted Appro
07,Department of Education (DepEd),001,Office of the Secretary,3104,310400100011,School Dental Health Care Program,Adjusted Appropriations 2021,0.0,186417144.56,0.0,186417144.56,2021 DepEd - Adjusted Appro
07,Department of Education (DepEd),001,Office of the Secretary,3104,310400100013,World Teachers' Day Incentive Benefits,Adjusted Appropriations 2021,907312838.37,0.0,0.0,907312838.37,2021 DepEd - Adjusted Appro
07,Department of Education (DepEd),001,Office of the Secretary,3104,310400100014,Establishment and Operational Requirement of the National Academy of Sports,Adjusted Appropriations 2021,,,,,2021 DepEd - Adjusted Appro
07,Department of Education (DepEd),001,Office of the Secretary,3104,310400100015,Government Assistance and Subsidies - Educational Service Contracting (ESC) Program for Private Junior High School (per R.A. No. 8545),Adjusted Appropriations 2021,,,,,2021 DepEd - Adjusted Appro
07,Department of Education (DepEd),001,Office of the Secretary,3104,310400100016,Government Assistance and Subsidies - Senior High School Voucher Program,Adjusted Appropriations 2021,,,,,2021 DepEd - Adjusted Appro
07,Department of Education (DepEd),001,Office of the Secretary,3104,310400100017,Subsidies - Senior High School Voucher Program,Adjusted Appropriations 2021,,,,,2021 DepEd - Adjusted Appro
07,Department of Education (DepEd),001,Office of the Secretary,3104,310400100018,"Government Assistance and Subsidies - Training and Upgrading Knowledge for Learners, Teachers, and Achievers in Schools (GAS-TUKLAS)",Adjusted Appropriations 2021,,,,,2021 DepEd - Adjusted Appro
07,Department of Education (DepEd),001,Office of the Secretary,3104,310400100019,School Innovation and Improvement Fund (SIIF) to all DepEd Public Schools,Adjusted Appropriations 2021,,,,,2021 DepEd - Adjusted Appro
07,Department of Education (DepEd),001,Office of the Secretary,3105,310500100001,Human Resource Development for Personnel in Schools and Learning Centers,Adjusted Appropriations 2021,28896384.07,3090194609.29,36125000.0,3155215993.36,2021 DepEd - Adjusted Appro
07,Department of Education (DepEd),001,Office of the Secretary,3105,310500100002,Teacher Quality and Development Program,Adjusted Appropriations 2021,3667714.58,16311998.33,0.0,19979712.91,2021 DepEd - Adjusted Appro
07,Department of Education (DepEd),001,Office of the Secretary,3105,310500300001,Teacher Effectiveness and Competencies Enhancement Project (TEACEP) WB Loan No. 9481-PH,Adjusted Appropriations 2021,,,,,2021 DepEd - Adjusted Appro
07,Department of Education (DepEd),002,National Book Development Board,1000,100000100001,General Management and Supervision,Adjusted Appropriations 2021,,,,,2021 DepEd - Adjusted Appro
07,Department of Education (DepEd),002,National Book Development Board,1000,100000100002,Administration of Personnel Benefits,Adjusted Appropriations 2021,,,,,2021 DepEd - Adjusted Appro
07,Department of Education (DepEd),002,National Book Development Board,3101,310100100001,Capacity Building and Trade Promotion Incentives,Adjusted Appropriations 2021,,,,,2021 DepEd - Adjusted Appro
07,Department of Education (DepEd),002,National Book Development Board,3101,310100100002,"Administration of Awards, Grants, and Incentives",Adjusted Appropriations 2021,,,,,2021 DepEd - Adjusted Appro
07,Department of Education (DepEd),002,National Book Development Board,3101,310100100003,"Policy Development, Research, Information System Management, and Information Campaign",Adjusted Appropriations 2021,,,,,2021 DepEd - Adjusted Appro
07,Department of Education (DepEd),003,National Council for Children's Television,1000,100000100001,General Management and Supervision,Adjusted Appropriations 2021,,,,,2021 DepEd - Adjusted Appro
07,Department of Education (DepEd),003,National Council for Children's Television,3101,310100100001,Child-Friendly Television Development Services,Adjusted Appropriations 2021,,,,,2021 DepEd - Adjusted Appro
07,Department of Education (DepEd),004,National Museum of the Philippines,1000,100000100001,General Management and Supervision,Adjusted Appropriations 2021,,,,,2021 DepEd - Adjusted Appro
07,Department of Education (DepEd),004,National Museum of the Philippines,1000,100000100002,Administration of Personnel Benefits,Adjusted Appropriations 2021,,,,,2021 DepEd - Adjusted Appro
07,Department of Education (DepEd),004,National Museum of the Philippines,2000,200000100001,Project Monitoring and Evaluation Services,Adjusted Appropriations 2021,,,,,2021 DepEd - Adjusted Appro
07,Department of Education (DepEd),004,National Museum of the Philippines,3101,310100100001,Management and Development of the National Collections and Related Knowledge Resources (Including Participation to International Meetings and Conferences),Adjusted Appropriations 2021,,,,,2021 DepEd - Adjusted Appro
07,Department of Education (DepEd),004,National Museum of the Philippines,3101,310100100002,"Restoration, Preservation, Protection and Development of Cultural Property",Adjusted Appropriations 2021,,,,,2021 DepEd - Adjusted Appro
07,Department of Education (DepEd),004,National Museum of the Philippines,3101,310100200015,"Restoration of Malacanang sa Sugbo, Cebu City and Converrsion to National Museum Cebu",Adjusted Appropriations 2021,,,,,2021 DepEd - Adjusted Appro
07,Department of Education (DepEd),004,National Museum of the Philippines,3101,310100200016,Development of the National Museum Complex in Manila - Phase 1 (to implement Republic Act No. 11333),Adjusted Appropriations 2021,,,,,2021 DepEd - Adjusted Appro
07,Department of Education (DepEd),004,National Museum of the Philippines,3101,310100200017,"Nightly repair of the Church of Our Lady of Caysasay and associated structures, a declared national cultural treasure in Taal, Batangas",Adjusted Appropriations 2021,,,,,2021 DepEd - Adjusted Appro
07,Department of Education (DepEd),004,National Museum of the Philippines,3101,310100200018,Continuation of Construction of National Museum Building in Davao City,Adjusted Appropriations 2021,,,,,2021 DepEd - Adjusted Appro
07,Department of Education (DepEd),004,National Museum of the Philippines,3101,310100200019,Development of the National Museum Complex in Rizal Park - Manila Phase II,Adjusted Appropriations 2021,,,,,2021 DepEd - Adjusted Appro
07,Department of Education (DepEd),004,National Museum of the Philippines,3101,310100200020,Development of Information Management Systems,Adjusted Appropriations 2021,,,,,2021 DepEd - Adjusted Appro
07,Department of Education (DepEd),004,National Museum of the Philippines,3101,310100200021,"Restoration and Continued Repair of Our Lady of Caysasay Church and Associated Structures (National Cultural Treasure) in Taal, Batangas",Adjusted Appropriations 2021,,,,,2021 DepEd - Adjusted Appro
07,Department of Education (DepEd),004,National Museum of the Philippines,3101,310100200022,"Restoration of the Old Municipal Hall and the Municipal Plaza (Important Cultural Properties) in Balilihan, Bohol",Adjusted Appropriations 2021,,,,,2021 DepEd - Adjusted Appro
07,Department of Education (DepEd),004,National Museum of the Philippines,3101,310100200023,"Development of National Museum Complex, Manila, Phase 3",Adjusted Appropriations 2021,,,,,2021 DepEd - Adjusted Appro
07,Department of Education (DepEd),004,National Museum of the Philippines,3101,310100200024,"Continued Restoration and Site Development of Our Lady of Caysasay Church and Associated Structures in Taal, Batangas, Phase 3",Adjusted Appropriations 2021,,,,,2021 DepEd - Adjusted Appro
07,Department of Education (DepEd),004,National Museum of the Philippines,3101,310100200025,"Rehabilitation of Former United States Air Force (USAF) Hospital in Clark Freeport, Pampanga and Conversion to National Museum of the Philippines Central Luzon, Phase 1",Adjusted Appropriations 2021,,,,,2021 DepEd - Adjusted Appro
07,Department of Education (DepEd),004,National Museum of the Philippines,3101,310100200026,"Construction of National Museum of the Philippines-Baler in Baler, Aurora",Adjusted Appropriations 2021,,,,,2021 DepEd - Adjusted Appro
07,Department of Education (DepEd),004,National Museum of the Philippines,3101,310100200027,Exhibitions and Fit-Out of Various National Museum of the Philippines - Central and Regional Sites,Adjusted Appropriations 2021,,,,,2021 DepEd - Adjusted Appro
07,Department of Education (DepEd),004,National Museum of the Philippines,3101,310100200028,"Rehabilitation of National Museum of the Philippines-Kabayan Burial Cave Site Museum and Satellite Office in Kabayan, Benguet",Adjusted Appropriations 2021,,,,,2021 DepEd - Adjusted Appro
07,Department of Education (DepEd),004,National Museum of the Philippines,3101,310100200029,"Improvement of Rocha House in Sitio Ubos in Tagbilaran City, Bohol (Declared Important Cultural Property)",Adjusted Appropriations 2021,,,,,2021 DepEd - Adjusted Appro
07,Department of Education (DepEd),004,National Museum of the Philippines,3101,310100200030,"Development of National Museum Complex, Manila, Phase IV",Adjusted Appropriations 2021,,,,,2021 DepEd - Adjusted Appro
07,Department of Education (DepEd),004,National Museum of the Philippines,3101,310100200031,"Construction of National Museum of the Philippines-Baler in Baler, Aurora (Phase II)",Adjusted Appropriations 2021,,,,,2021 DepEd - Adjusted Appro
07,Department of Education (DepEd),004,National Museum of the Philippines,3101,310100200032,"Continued Restoration and Site Development of Our Lady of Caysasay Church and Associated Structures in Taal, Batangas, Phase IV",Adjusted Appropriations 2021,,,,,2021 DepEd - Adjusted Appro
07,Department of Education (DepEd),004,National Museum of the Philippines,3101,310100200033,"Repair and Preventive Conservation Maintenance of Casa Rocha (Important Cultural Property) in Tagbilaran City, Bohol",Adjusted Appropriations 2021,,,,,2021 DepEd - Adjusted Appro
07,Department of Education (DepEd),004,National Museum of the Philippines,3101,310100200034,Restoration and Development of NMP Museums and Declared/Associated Heritage Sites in the Visayas,Adjusted Appropriations 2021,,,,,2021 DepEd - Adjusted Appro
07,Department of Education (DepEd),004,National Museum of the Philippines,3101,310100200035,"Rehabilitation of Former United States Air Force (USAF) Hospital in Clark Freeport, Pampanga, and Conversion to National Museum of the Philippines Central Luzon, Phase II",Adjusted Appropriations 2021,,,,,2021 DepEd - Adjusted Appro
07,Department of Education (DepEd),004,National Museum of the Philippines,3101,310100200036,"Completion of Restoration of Our Lady of Caysasay Church and Associated Structures in Taal, Batangas City",Adjusted Appropriations 2021,,,,,2021 DepEd - Adjusted Appro
07,Department of Education (DepEd),004,National Museum of the Philippines,3101,310100200037,"Rehabilitation of National Museum of the Philippines Kabayan Burial Caves Site Museum and Satellite Office in Kabayan, Benguet, Phase II",Adjusted Appropriations 2021,,,,,2021 DepEd - Adjusted Appro
07,Department of Education (DepEd),004,National Museum of the Philippines,3101,310100200038,Completion of the Development of the National Museum Complex in Manila,Adjusted Appropriations 2021,,,,,2021 DepEd - Adjusted Appro
07,Department of Education (DepEd),004,National Museum of the Philippines,3101,310100200039,"Continuation of the Development of NMP-General Aniceto Lacson Ancestral House in Talisay City, Negros Occidental",Adjusted Appropriations 2021,,,,,2021 DepEd - Adjusted Appro
07,Department of Education (DepEd),004,National Museum of the Philippines,3101,310100200040,Rehabilitation of the Sewerage System of the National Museum of Fine Arts (Old Legislative Building),Adjusted Appropriations 2021,,,,,2021 DepEd - Adjusted Appro
07,Department of Education (DepEd),004,National Museum of the Philippines,3101,310100200041,"Development of NMP-Kalibo, Aklan (Phase 1)",Adjusted Appropriations 2021,,,,,2021 DepEd - Adjusted Appro
07,Department of Education (DepEd),004,National Museum of the Philippines,3101,310100200042,"Development of NMP-Koronadal and Lake Sebu, South Cotabato (Phase 1)",Adjusted Appropriations 2021,,,,,2021 DepEd - Adjusted Appro
07,Department of Education (DepEd),004,National Museum of the Philippines,3101,310100200043,"Repair and Restoration of Boljoon Church Complex, Boljoon, Cebu and Development of NMP-Boljoon, Cebu (Phase 1)",Adjusted Appropriations 2021,,,,,2021 DepEd - Adjusted Appro
07,Department of Education (DepEd),004,National Museum of the Philippines,3101,310100200044,"Development of NMP-Paoay, Paoay, Ilocos Norte",Adjusted Appropriations 2021,,,,,2021 DepEd - Adjusted Appro
07,Department of Education (DepEd),004,National Museum of the Philippines,3101,310100200045,"Development of NMP General Ancieto Lacson Ancestral House, Talisay City, Negros Occidental (Phase 2)",Adjusted Appropriations 2021,,,,,2021 DepEd - Adjusted Appro
07,Department of Education (DepEd),004,National Museum of the Philippines,3101,310100200046,"Development of NMP Kalibo, Aklan (Phase 2)",Adjusted Appropriations 2021,,,,,2021 DepEd - Adjusted Appro
07,Department of Education (DepEd),004,National Museum of the Philippines,3101,310100200047,"Development of NMP Koronadal and Lake Sebu, South Cotabato (Phase 2)",Adjusted Appropriations 2021,,,,,2021 DepEd - Adjusted Appro
07,Department of Education (DepEd),004,National Museum of the Philippines,3101,310100200048,Exhibitions and Fit-out of Various National Museum of the Philippines - Central and Regional Sites - Northern Luzon National Museums,Adjusted Appropriations 2021,,,,,2021 DepEd - Adjusted Appro
07,Department of Education (DepEd),005,Philippine High School for the Arts,1000,100000100001,General Management and Supervision,Adjusted Appropriations 2021,,,,,2021 DepEd - Adjusted Appro
07,Department of Education (DepEd),005,Philippine High School for the Arts,1000,100000100002,Administration of Personnel Benefits,Adjusted Appropriations 2021,,,,,2021 DepEd - Adjusted Appro
07,Department of Education (DepEd),005,Philippine High School for the Arts,3101,310100100001,"Operation of Philippine High School for the Arts Including Outreach, Screening, Student Exchange Program with Other Countries and Production Activities",Adjusted Appropriations 2021,,,,,2021 DepEd - Adjusted Appro
07,Department of Education (DepEd),006,Early Childhood Care and Development Council,1000,100000100001,General Management and Supervision,Adjusted Appropriations 2021,,,,,2021 DepEd - Adjusted Appro
07,Department of Education (DepEd),006,Early Childhood Care and Development Council,1000,100000100002,Administration of Personnel Benefits,Adjusted Appropriations 2021,,,,,2021 DepEd - Adjusted Appro
07,Department of Education (DepEd),006,Early Childhood Care and Development Council,3101,310100100001,"Development of Policies, Standards and Guidelines",Adjusted Appropriations 2021,,,,,2021 DepEd - Adjusted Appro
07,Department of Education (DepEd),006,Early Childhood Care and Development Council,3101,310100100002,Capacity-Building and Institutional Development of Intermediaries and Other Partners,Adjusted Appropriations 2021,,,,,2021 DepEd - Adjusted Appro
07,Department of Education (DepEd),006,Early Childhood Care and Development Council,3101,310100100003,Accreditation of ECCD Service Providers,Adjusted Appropriations 2021,,,,,2021 DepEd - Adjusted Appro
07,Department of Education (DepEd),006,Early Childhood Care and Development Council,3101,310100100004,Establishment of National Child Development Centers,Adjusted Appropriations 2021,,,,,2021 DepEd - Adjusted Appro
07,Department of Education (DepEd),007,National Academy of Sports,1000,100000100001,General Management and Supervision,Adjusted Appropriations 2021,,,,,2021 DepEd - Adjusted Appro
07,Department of Education (DepEd),007,National Academy of Sports,1000,100000100002,Administration of Personnel Benefits,Adjusted Appropriations 2021,,,,,2021 DepEd - Adjusted Appro
07,Department of Education (DepEd),007,National Academy of Sports,3101,310100100001,"Promotion, Development, and Implementation of Quality and Enhanced Sports-Integrated Secondary Education Program",Adjusted Appropriations 2021,,,,,2021 DepEd - Adjusted Appro
07,Department of Education (DepEd),008,Teacher Education Council,1000,100000100001,General Management and Supervision,Adjusted Appropriations 2021,,,,,2021 DepEd - Adjusted Appro
07,Department of Education (DepEd),008,Teacher Education Council,3101,310100100001,Quality Teacher Education Services,Adjusted Appropriations 2021,,,,,2021 DepEd - Adjusted Appro
07,Department of Education (DepEd),001,Office of the Secretary,1000,100000100001,General Administration and Support,Adjusted Total Allotments 2021,10301502717.46,7956447815.04,448475597.73,18706426130.23,2021 DepEd - Adjusted Total All
07,Department of Education (DepEd),001,Office of the Secretary,1000,100000100002,Administration of Personnel Benefits,Adjusted Total Allotments 2021,1006771155.23,0.0,0.0,1006771155.23,2021 DepEd - Adjusted Total All
07,Department of Education (DepEd),001,Office of the Secretary,2000,200000100001,Physical Fitness and School Sports,Adjusted Total Allotments 2021,8371676.64,295032475.08,0.0,303404151.72,2021 DepEd - Adjusted Total All
07,Department of Education (DepEd),001,Office of the Secretary,2000,200000100002,Development and Management of Bilateral and Multilateral Education Projects,Adjusted Total Allotments 2021,19822625.21,15721726.86,0.0,35544352.07,2021 DepEd - Adjusted Total All
07,Department of Education (DepEd),001,Office of the Secretary,2000,200000100003,Management and Administration of Learning Resources,Adjusted Total Allotments 2021,42936698.28,10025179.72,0.0,52961878.0,2021 DepEd - Adjusted Total All
07,Department of Education (DepEd),001,Office of the Secretary,2000,200000100004,Planning and Management Information Systems,Adjusted Total Allotments 2021,117841629.71,45233609.46,0.0,163075239.17,2021 DepEd - Adjusted Total All
07,Department of Education (DepEd),001,Office of the Secretary,2000,200000100005,Education Information and Communication Services,Adjusted Total Allotments 2021,16479004.05,6438324.0,0.0,22917328.05,2021 DepEd - Adjusted Total All
07,Department of Education (DepEd),001,Office of the Secretary,2000,200000100006,Learner Support Programs,Adjusted Total Allotments 2021,2189021311.47,170240710.02,0.0,2359262021.49,2021 DepEd - Adjusted Total All
07,Department of Education (DepEd),001,Office of the Secretary,2000,200000100007,Building Partnerships and Linkages Program,Adjusted Total Allotments 2021,7800687.12,165429152.0,0.0,173229839.12,2021 DepEd - Adjusted Total All
07,Department of Education (DepEd),001,Office of the Secretary,2000,200000100008,Legal Services and Development of Education-Related Laws and Rules,Adjusted Total Allotments 2021,17559612.69,42519087.33,0.0,60078700.02,2021 DepEd - Adjusted Total All
07,Department of Education (DepEd),001,Office of the Secretary,2000,200000100009,Child Protection Program,Adjusted Total Allotments 2021,0.0,7045287.57,0.0,7045287.57,2021 DepEd - Adjusted Total All
07,Department of Education (DepEd),001,Office of the Secretary,2000,200000100010,Disaster Preparedness and Response Program,Adjusted Total Allotments 2021,7149828.65,207141567.19,0.0,214291395.84,2021 DepEd - Adjusted Total All
07,Department of Education (DepEd),001,Office of the Secretary,2000,200000100011,Organizational and Professional Development for Non-Teaching Personnel,Adjusted Total Allotments 2021,135428720.37,110226134.46,0.0,245654854.83,2021 DepEd - Adjusted Total All
07,Department of Education (DepEd),001,Office of the Secretary,2000,200000100012,Operational Expenses of the DepEd Task Force on the 2022 National and Local Elections,Adjusted Total Allotments 2021,,,,,2021 DepEd - Adjusted Total All
07,Department of Education (DepEd),001,Office of the Secretary,2000,200000100013,Operational Expenses of the DepEd - Election Task Force,Adjusted Total Allotments 2021,,,,,2021 DepEd - Adjusted Total All
07,Department of Education (DepEd),001,Office of the Secretary,3101,310100100001,National Assessment Systems for Basic Education,Adjusted Total Allotments 2021,23782392.18,301040446.99,0.0,324822839.17,2021 DepEd - Adjusted Total All
07,Department of Education (DepEd),001,Office of the Secretary,3101,310100100002,Policy and Research Program,Adjusted Total Allotments 2021,1913511384.02,46302376.4,0.0,1959813760.42,2021 DepEd - Adjusted Total All
07,Department of Education (DepEd),001,Office of the Secretary,3101,310100100003,Basic Education Curriculum,Adjusted Total Allotments 2021,110742051.03,84413683.35,0.0,195155734.38,2021 DepEd - Adjusted Total All
07,Department of Education (DepEd),001,Office of the Secretary,3101,310100100004,"Curriculum Programs, Learning Management Models, Standards and Strategy Development",Adjusted Total Allotments 2021,6346304230.04,1500000.0,0.0,6347804230.04,2021 DepEd - Adjusted Total All
07,Department of Education (DepEd),001,Office of the Secretary,3101,310100100005,Development and Promotion of Campus Journalism,Adjusted Total Allotments 2021,0.0,1984000.32,0.0,1984000.32,2021 DepEd - Adjusted Total All
07,Department of Education (DepEd),001,Office of the Secretary,3101,310100100006,National Literacy Policies and Programs,Adjusted Total Allotments 2021,3457027.05,11616179.12,0.0,15073206.17,2021 DepEd - Adjusted Total All
07,Department of Education (DepEd),001,Office of the Secretary,3101,310100100007,Early Language Literacy and Numeracy,Adjusted Total Allotments 2021,0.0,46790738.85,0.0,46790738.8,2021 DepEd - Adjusted Total All
07,Department of Education (DepEd),001,Office of the Secretary,3102,310200100001,Improvement and Acquisition of School Sites,Adjusted Total Allotments 2021,0.0,94674954.63,130000000.0,224574954.63,2021 DepEd - Adjusted Total All
07,Department of Education (DepEd),001,Office of the Secretary,3102,310200100002,New School Personnel Positions,Adjusted Total Allotments 2021,15203912441.58,0.0,0.0,15203912441.58,2021 DepEd - Adjusted Total All
07,Department of Education (DepEd),001,Office of the Secretary,3102,310200100003,Learning Tools and Equipment,Adjusted Total Allotments 2021,0.0,2283383000.0,435926000.0,2719309000.0,2021 DepEd - Adjusted Total All
07,Department of Education (DepEd),001,Office of the Secretary,3102,310200100004,Textbooks and Other Instructional Materials,Adjusted Total Allotments 2021,0.0,1519061108.19,0.0,1519061108.19,2021 DepEd - Adjusted Total All
07,Department of Education (DepEd),001,Office of the Secretary,3102,310200100005,Computerization Program,Adjusted Total Allotments 2021,20063217.42,315066647.65,7059783921.24,7394913786.31,2021 DepEd - Adjusted Total All
07,Department of Education (DepEd),001,Office of the Secretary,3102,310200100006,Basic Education Facilities,Adjusted Total Allotments 2021,0.0,1833515000.0,7633813514.83,9467328514.83,2021 DepEd - Adjusted Total All
07,Department of Education (DepEd),001,Office of the Secretary,3102,310200100007,Conservation and Restoration of Gabaldon and Other Heritage School Buildings,Adjusted Total Allotments 2021,0.0,0.0,1061204431.51,1061204431.51,2021 DepEd - Adjusted Total All
07,Department of Education (DepEd),001,Office of the Secretary,3102,310200100010,Quick Response Fund,Adjusted Total Allotments 2021,0.0,20000000.0,2143261223.38,2163261223.38,2021 DepEd - Adjusted Total All
07,Department of Education (DepEd),001,Office of the Secretary,3102,310200100011,Last Mile Schools Program,Adjusted Total Allotments 2021,0.0,0.0,2999168902.6,2999168902.6,2021 DepEd - Adjusted Total All
07,Department of Education (DepEd),001,Office of the Secretary,3102,310200100012,Public Schools Infrastructure Program (PSIP),Adjusted Total Allotments 2021,,,,,2021 DepEd - Adjusted Total All
07,Department of Education (DepEd),001,Office of the Secretary,3102,310200200001,Connectivity Enhancement Program for e-Learning in Public Schools,Adjusted Total Allotments 2021,,,,,2021 DepEd - Adjusted Total All
07,Department of Education (DepEd),001,Office of the Secretary,3102,310200300001,Infrastructure for Safer and Resilient Schools (ISRS) Project WB Loan No. 9704-PH,Adjusted Total Allotments 2021,,,,,2021 DepEd - Adjusted Total All
07,Department of Education (DepEd),001,Office of the Secretary,3103,310300100001,Multigrade Education,Adjusted Total Allotments 2021,0.0,22838294.48,0.0,22838294.48,2021 DepEd - Adjusted Total All
07,Department of Education (DepEd),001,Office of the Secretary,3103,310300100002,Indigenous Peoples Education (IPEd) Program,Adjusted Total Allotments 2021,0.0,180371847.0,0.0,180371847.0,2021 DepEd - Adjusted Total All
07,Department of Education (DepEd),001,Office of the Secretary,3103,310300100003,Flexible Learning Options (ADM/ALS/EiE),Adjusted Total Allotments 2021,0.0,16452374639.46,3000000.0,16455374639.46,2021 DepEd - Adjusted Total All
07,Department of Education (DepEd),001,Office of the Secretary,3103,310300100004,Madrasah Education Program,Adjusted Total Allotments 2021,0.0,398795915.14,0.0,398795915.14,2021 DepEd - Adjusted Total All
07,Department of Education (DepEd),001,Office of the Secretary,3103,310300100005,Special Needs Education Program,Adjusted Total Allotments 2021,0.0,297203000.0,32000000.0,329203000.0,2021 DepEd - Adjusted Total All
07,Department of Education (DepEd),001,Office of the Secretary,3104,310400100001,School-Based Feeding Program (SBFP),Adjusted Total Allotments 2021,0.0,7686892119.61,0.0,7686892119.61,2021 DepEd - Adjusted Total All
07,Department of Education (DepEd),001,Office of the Secretary,3104,310400100002,Operation of Schools - Elementary (Kinder to Grade 6),Adjusted Total Allotments 2021,259483756555.86,15193780990.53,2880000.0,274680417546.39,2021 DepEd - Adjusted Total All
07,Department of Education (DepEd),001,Office of the Secretary,3104,310400100003,Operation of Schools - Junior High School (Grade 7 to Grade 10),Adjusted Total Allotments 2021,139233953081.91,10946679160.92,6060000.0,150186692242.83,2021 DepEd - Adjusted Total All
07,Department of Education (DepEd),001,Office of the Secretary,3104,310400100004,Operation of Schools - Senior High School (Grade 11 to Grade 12),Adjusted Total Allotments 2021,36993215072.75,3687961529.29,585000.0,40681761602.04,2021 DepEd - Adjusted Total All
07,Department of Education (DepEd),001,Office of the Secretary,3104,310400100005,Government Assistance and Subsidies - Educational Service Contracting (ESC) Program for Private Junior High School (per RA No. 8545),Adjusted Total Allotments 2021,0.0,10673583000.0,0.0,10673583000.0,2021 DepEd - Adjusted Total All
07,Department of Education (DepEd),001,Office of the Secretary,3104,310400100006,Government Assistance and Subsidies - Voucher Program for Private Senior High School (per RA No. 10533),Adjusted Total Allotments 2021,0.0,17392050000.0,0.0,17392050000.0,2021 DepEd - Adjusted Total All
07,Department of Education (DepEd),001,Office of the Secretary,3104,310400100007,Government Assistance and Subsidies - Voucher Program for Non-DepEd Public High School (per RA No. 10533),Adjusted Total Allotments 2021,0.0,742454000.0,0.0,742454000.0,2021 DepEd - Adjusted Total All
07,Department of Education (DepEd),001,Office of the Secretary,3104,310400100008,Joint Delivery Voucher for Senior High School Technical Vocational and Livelihood Specializations,Adjusted Total Allotments 2021,0.0,1161447496.82,0.0,1161447496.82,2021 DepEd - Adjusted Total All
07,Department of Education (DepEd),001,Office of the Secretary,3104,310400100009,Operational Requirements of Sports Academy and Training Centers,Adjusted Total Allotments 2021,0.0,56212075.0,0.0,56212075.0,2021 DepEd - Adjusted Total All
07,Department of Education (DepEd),001,Office of the Secretary,3104,310400100010,"Implementation of the Grant of Cash Allowance, Hardship Pay, and Reclassification of Positions",Adjusted Total Allotments 2021,3009359017.39,4574469223.77,0.0,7583828241.16,2021 DepEd - Adjusted Total All
07,Department of Education (DepEd),001,Office of the Secretary,3104,310400100011,School Dental Health Care Program,Adjusted Total Allotments 2021,0.0,186417144.56,0.0,186417144.56,2021 DepEd - Adjusted Total All
07,Department of Education (DepEd),001,Office of the Secretary,3104,310400100013,World Teachers' Day Incentive Benefits,Adjusted Total Allotments 2021,907312838.37,0.0,0.0,907312838.37,2021 DepEd - Adjusted Total All
07,Department of Education (DepEd),001,Office of the Secretary,3104,310400100014,Establishment and Operational Requirement of the National Academy of Sports,Adjusted Total Allotments 2021,,,,,2021 DepEd - Adjusted Total All
07,Department of Education (DepEd),001,Office of the Secretary,3104,310400100015,Government Assistance and Subsidies - Educational Service Contracting (ESC) Program for Private Junior High School (per R.A. No. 8545),Adjusted Total Allotments 2021,,,,,2021 DepEd - Adjusted Total All
07,Department of Education (DepEd),001,Office of the Secretary,3104,310400100016,Government Assistance and Subsidies - Senior High School Voucher Program,Adjusted Total Allotments 2021,,,,,2021 DepEd - Adjusted Total All
07,Department of Education (DepEd),001,Office of the Secretary,3104,310400100017,Subsidies - Senior High School Voucher Program,Adjusted Total Allotments 2021,,,,,2021 DepEd - Adjusted Total All
07,Department of Education (DepEd),001,Office of the Secretary,3104,310400100018,"Government Assistance and Subsidies - Training and Upgrading Knowledge for Learners, Teachers, and Achievers in Schools (GAS-TUKLAS)",Adjusted Total Allotments 2021,,,,,2021 DepEd - Adjusted Total All
07,Department of Education (DepEd),001,Office of the Secretary,3104,310400100019,School Innovation and Improvement Fund (SIIF) to all DepEd Public Schools,Adjusted Total Allotments 2021,,,,,2021 DepEd - Adjusted Total All
07,Department of Education (DepEd),001,Office of the Secretary,3105,310500100001,Human Resource Development for Personnel in Schools and Learning Centers,Adjusted Total Allotments 2021,28896384.07,3090194609.2,36125000.0,3155215993.36,2021 DepEd - Adjusted Total All
07,Department of Education (DepEd),001,Office of the Secretary,3105,310500100002,Teacher Quality and Development Program,Adjusted Total Allotments 2021,3667714.58,16311998.33,0.0,19979712.91,2021 DepEd - Adjusted Total All
07,Department of Education (DepEd),001,Office of the Secretary,3105,310500300001,Teacher Effectiveness and Competencies Enhancement Project (TEACEP) WB Loan No. 9481-PH,Adjusted Total Allotments 2021,,,,,2021 DepEd - Adjusted Total All
07,Department of Education (DepEd),002,National Book Development Board,1000,100000100001,General Management and Supervision,Adjusted Total Allotments 2021,,,,,2021 DepEd - Adjusted Total All
07,Department of Education (DepEd),002,National Book Development Board,1000,100000100002,Administration of Personnel Benefits,Adjusted Total Allotments 2021,,,,,2021 DepEd - Adjusted Total All
07,Department of Education (DepEd),002,National Book Development Board,3101,310100100001,Capacity Building and Trade Promotion Incentives,Adjusted Total Allotments 2021,,,,,2021 DepEd - Adjusted Total All
07,Department of Education (DepEd),002,National Book Development Board,3101,310100100002,"Administration of Awards, Grants, and Incentives",Adjusted Total Allotments 2021,,,,,2021 DepEd - Adjusted Total All
07,Department of Education (DepEd),002,National Book Development Board,3101,310100100003,"Policy Development, Research, Information System Management, and Information Campaign",Adjusted Total Allotments 2021,,,,,2021 DepEd - Adjusted Total All
07,Department of Education (DepEd),003,National Council for Children's Television,1000,100000100001,General Management and Supervision,Adjusted Total Allotments 2021,,,,,2021 DepEd - Adjusted Total All
07,Department of Education (DepEd),003,National Council for Children's Television,3101,310100100001,Child-Friendly Television Development Services,Adjusted Total Allotments 2021,,,,,2021 DepEd - Adjusted Total All
07,Department of Education (DepEd),004,National Museum of the Philippines,1000,100000100001,General Management and Supervision,Adjusted Total Allotments 2021,,,,,2021 DepEd - Adjusted Total All
07,Department of Education (DepEd),004,National Museum of the Philippines,1000,100000100002,Administration of Personnel Benefits,Adjusted Total Allotments 2021,,,,,2021 DepEd - Adjusted Total All
07,Department of Education (DepEd),004,National Museum of the Philippines,2000,200000100001,Project Monitoring and Evaluation Services,Adjusted Total Allotments 2021,,,,,2021 DepEd - Adjusted Total All
07,Department of Education (DepEd),004,National Museum of the Philippines,3101,310100100001,Management and Development of the National Collections and Related Knowledge Resources (Including Participation to International Meetings and Conferences),Adjusted Total Allotments 2021,,,,,2021 DepEd - Adjusted Total All
07,Department of Education (DepEd),004,National Museum of the Philippines,3101,310100100002,"Restoration, Preservation, Protection and Development of Cultural Property",Adjusted Total Allotments 2021,,,,,2021 DepEd - Adjusted Total All
07,Department of Education (DepEd),004,National Museum of the Philippines,3101,310100200015,"Restoration of Malacanang sa Sugbo, Cebu City and Converrsion to National Museum Cebu",Adjusted Total Allotments 2021,,,,,2021 DepEd - Adjusted Total All
07,Department of Education (DepEd),004,National Museum of the Philippines,3101,310100200016,Development of the National Museum Complex in Manila - Phase 1 (to implement Republic Act No. 11333),Adjusted Total Allotments 2021,,,,,2021 DepEd - Adjusted Total All
07,Department of Education (DepEd),004,National Museum of the Philippines,3101,310100200017,"Nightly repair of the Church of Our Lady of Caysasay and associated structures, a declared national cultural treasure in Taal, Batangas",Adjusted Total Allotments 2021,,,,,2021 DepEd - Adjusted Total All
07,Department of Education (DepEd),004,National Museum of the Philippines,3101,310100200018,Continuation of Construction of National Museum Building in Davao City,Adjusted Total Allotments 2021,,,,,2021 DepEd - Adjusted Total All
07,Department of Education (DepEd),004,National Museum of the Philippines,3101,310100200019,Development of the National Museum Complex in Rizal Park - Manila Phase II,Adjusted Total Allotments 2021,,,,,2021 DepEd - Adjusted Total All
07,Department of Education (DepEd),004,National Museum of the Philippines,3101,310100200020,Development of Information Management Systems,Adjusted Total Allotments 2021,,,,,2021 DepEd - Adjusted Total All
07,Department of Education (DepEd),004,National Museum of the Philippines,3101,310100200021,"Restoration and Continued Repair of Our Lady of Caysasay Church and Associated Structures (National Cultural Treasure) in Taal, Batangas",Adjusted Total Allotments 2021,,,,,2021 DepEd - Adjusted Total All
07,Department of Education (DepEd),004,National Museum of the Philippines,3101,310100200022,"Restoration of the Old Municipal Hall and the Municipal Plaza (Important Cultural Properties) in Balilihan, Bohol",Adjusted Total Allotments 2021,,,,,2021 DepEd - Adjusted Total All
07,Department of Education (DepEd),004,National Museum of the Philippines,3101,310100200023,"Development of National Museum Complex, Manila, Phase 3",Adjusted Total Allotments 2021,,,,,2021 DepEd - Adjusted Total All
07,Department of Education (DepEd),004,National Museum of the Philippines,3101,310100200024,"Continued Restoration and Site Development of Our Lady of Caysasay Church and Associated Structures in Taal, Batangas, Phase 3",Adjusted Total Allotments 2021,,,,,2021 DepEd - Adjusted Total All
07,Department of Education (DepEd),004,National Museum of the Philippines,3101,310100200025,"Rehabilitation of Former United States Air Force (USAF) Hospital in Clark Freeport, Pampanga and Conversion to National Museum of the Philippines Central Luzon, Phase 1",Adjusted Total Allotments 2021,,,,,2021 DepEd - Adjusted Total All
07,Department of Education (DepEd),004,National Museum of the Philippines,3101,310100200026,"Construction of National Museum of the Philippines-Baler in Baler, Aurora",Adjusted Total Allotments 2021,,,,,2021 DepEd - Adjusted Total All
07,Department of Education (DepEd),004,National Museum of the Philippines,3101,310100200027,Exhibitions and Fit-Out of Various National Museum of the Philippines - Central and Regional Sites,Adjusted Total Allotments 2021,,,,,2021 DepEd - Adjusted Total All
07,Department of Education (DepEd),004,National Museum of the Philippines,3101,310100200028,"Rehabilitation of National Museum of the Philippines-Kabayan Burial Cave Site Museum and Satellite Office in Kabayan, Benguet",Adjusted Total Allotments 2021,,,,,2021 DepEd - Adjusted Total All
07,Department of Education (DepEd),004,National Museum of the Philippines,3101,310100200029,"Improvement of Rocha House in Sitio Ubos in Tagbilaran City, Bohol (Declared Important Cultural Property)",Adjusted Total Allotments 2021,,,,,2021 DepEd - Adjusted Total All
07,Department of Education (DepEd),004,National Museum of the Philippines,3101,310100200030,"Development of National Museum Complex, Manila, Phase IV",Adjusted Total Allotments 2021,,,,,2021 DepEd - Adjusted Total All
07,Department of Education (DepEd),004,National Museum of the Philippines,3101,310100200031,"Construction of National Museum of the Philippines-Baler in Baler, Aurora (Phase II)",Adjusted Total Allotments 2021,,,,,2021 DepEd - Adjusted Total All
07,Department of Education (DepEd),004,National Museum of the Philippines,3101,310100200032,"Continued Restoration and Site Development of Our Lady of Caysasay Church and Associated Structures in Taal, Batangas, Phase IV",Adjusted Total Allotments 2021,,,,,2021 DepEd - Adjusted Total All
07,Department of Education (DepEd),004,National Museum of the Philippines,3101,310100200033,"Repair and Preventive Conservation Maintenance of Casa Rocha (Important Cultural Property) in Tagbilaran City, Bohol",Adjusted Total Allotments 2021,,,,,2021 DepEd - Adjusted Total All
07,Department of Education (DepEd),004,National Museum of the Philippines,3101,310100200034,Restoration and Development of NMP Museums and Declared/Associated Heritage Sites in the Visayas,Adjusted Total Allotments 2021,,,,,2021 DepEd - Adjusted Total All
07,Department of Education (DepEd),004,National Museum of the Philippines,3101,310100200035,"Rehabilitation of Former United States Air Force (USAF) Hospital in Clark Freeport, Pampanga, and Conversion to National Museum of the Philippines Central Luzon, Phase II",Adjusted Total Allotments 2021,,,,,2021 DepEd - Adjusted Total All
07,Department of Education (DepEd),004,National Museum of the Philippines,3101,310100200036,"Completion of Restoration of Our Lady of Caysasay Church and Associated Structures in Taal, Batangas City",Adjusted Total Allotments 2021,,,,,2021 DepEd - Adjusted Total All
07,Department of Education (DepEd),004,National Museum of the Philippines,3101,310100200037,"Rehabilitation of National Museum of the Philippines Kabayan Burial Caves Site Museum and Satellite Office in Kabayan, Benguet, Phase II",Adjusted Total Allotments 2021,,,,,2021 DepEd - Adjusted Total All
07,Department of Education (DepEd),004,National Museum of the Philippines,3101,310100200038,Completion of the Development of the National Museum Complex in Manila,Adjusted Total Allotments 2021,,,,,2021 DepEd - Adjusted Total All
07,Department of Education (DepEd),004,National Museum of the Philippines,3101,310100200039,"Continuation of the Development of NMP-General Aniceto Lacson Ancestral House in Talisay City, Negros Occidental",Adjusted Total Allotments 2021,,,,,2021 DepEd - Adjusted Total All
07,Department of Education (DepEd),004,National Museum of the Philippines,3101,310100200040,Rehabilitation of the Sewerage System of the National Museum of Fine Arts (Old Legislative Building),Adjusted Total Allotments 2021,,,,,2021 DepEd - Adjusted Total All
07,Department of Education (DepEd),004,National Museum of the Philippines,3101,310100200041,"Development of NMP-Kalibo, Aklan (Phase 1)",Adjusted Total Allotments 2021,,,,,2021 DepEd - Adjusted Total All
07,Department of Education (DepEd),004,National Museum of the Philippines,3101,310100200042,"Development of NMP-Koronadal and Lake Sebu, South Cotabato (Phase 1)",Adjusted Total Allotments 2021,,,,,2021 DepEd - Adjusted Total All
07,Department of Education (DepEd),004,National Museum of the Philippines,3101,310100200043,"Repair and Restoration of Boljoon Church Complex, Boljoon, Cebu and Development of NMP-Boljoon, Cebu (Phase 1)",Adjusted Total Allotments 2021,,,,,2021 DepEd - Adjusted Total All
07,Department of Education (DepEd),004,National Museum of the Philippines,3101,310100200044,"Development of NMP-Paoay, Paoay, Ilocos Norte",Adjusted Total Allotments 2021,,,,,2021 DepEd - Adjusted Total All
07,Department of Education (DepEd),004,National Museum of the Philippines,3101,310100200045,"Development of NMP General Ancieto Lacson Ancestral House, Talisay City, Negros Occidental (Phase 2)",Adjusted Total Allotments 2021,,,,,2021 DepEd - Adjusted Total All
07,Department of Education (DepEd),004,National Museum of the Philippines,3101,310100200046,"Development of NMP Kalibo, Aklan (Phase 2)",Adjusted Total Allotments 2021,,,,,2021 DepEd - Adjusted Total All
07,Department of Education (DepEd),004,National Museum of the Philippines,3101,310100200047,"Development of NMP Koronadal and Lake Sebu, South Cotabato (Phase 2)",Adjusted Total Allotments 2021,,,,,2021 DepEd - Adjusted Total All
07,Department of Education (DepEd),004,National Museum of the Philippines,3101,310100200048,Exhibitions and Fit-out of Various National Museum of the Philippines - Central and Regional Sites - Northern Luzon National Museums,Adjusted Total Allotments 2021,,,,,2021 DepEd - Adjusted Total All
07,Department of Education (DepEd),005,Philippine High School for the Arts,1000,100000100001,General Management and Supervision,Adjusted Total Allotments 2021,,,,,2021 DepEd - Adjusted Total All
07,Department of Education (DepEd),005,Philippine High School for the Arts,1000,100000100002,Administration of Personnel Benefits,Adjusted Total Allotments 2021,,,,,2021 DepEd - Adjusted Total All
07,Department of Education (DepEd),005,Philippine High School for the Arts,3101,310100100001,"Operation of Philippine High School for the Arts Including Outreach, Screening, Student Exchange Program with Other Countries and Production Activities",Adjusted Total Allotments 2021,,,,,2021 DepEd - Adjusted Total All
07,Department of Education (DepEd),006,Early Childhood Care and Development Council,1000,100000100001,General Management and Supervision,Adjusted Total Allotments 2021,,,,,2021 DepEd - Adjusted Total All
07,Department of Education (DepEd),006,Early Childhood Care and Development Council,1000,100000100002,Administration of Personnel Benefits,Adjusted Total Allotments 2021,,,,,2021 DepEd - Adjusted Total All
07,Department of Education (DepEd),006,Early Childhood Care and Development Council,3101,310100100001,"Development of Policies, Standards and Guidelines",Adjusted Total Allotments 2021,,,,,2021 DepEd - Adjusted Total All
07,Department of Education (DepEd),006,Early Childhood Care and Development Council,3101,310100100002,Capacity-Building and Institutional Development of Intermediaries and Other Partners,Adjusted Total Allotments 2021,,,,,2021 DepEd - Adjusted Total All
07,Department of Education (DepEd),006,Early Childhood Care and Development Council,3101,310100100003,Accreditation of ECCD Service Providers,Adjusted Total Allotments 2021,,,,,2021 DepEd - Adjusted Total All
07,Department of Education (DepEd),006,Early Childhood Care and Development Council,3101,310100100004,Establishment of National Child Development Centers,Adjusted Total Allotments 2021,,,,,2021 DepEd - Adjusted Total All
07,Department of Education (DepEd),007,National Academy of Sports,1000,100000100001,General Management and Supervision,Adjusted Total Allotments 2021,,,,,2021 DepEd - Adjusted Total All
07,Department of Education (DepEd),007,National Academy of Sports,1000,100000100002,Administration of Personnel Benefits,Adjusted Total Allotments 2021,,,,,2021 DepEd - Adjusted Total All
07,Department of Education (DepEd),007,National Academy of Sports,3101,310100100001,"Promotion, Development, and Implementation of Quality and Enhanced Sports-Integrated Secondary Education Program",Adjusted Total Allotments 2021,,,,,2021 DepEd - Adjusted Total All
07,Department of Education (DepEd),008,Teacher Education Council,1000,100000100001,General Management and Supervision,Adjusted Total Allotments 2021,,,,,2021 DepEd - Adjusted Total All
07,Department of Education (DepEd),008,Teacher Education Council,3101,310100100001,Quality Teacher Education Services,Adjusted Total Allotments 2021,,,,,2021 DepEd - Adjusted Total All
07,Department of Education (DepEd),001,Office of the Secretary,1000,100000100001,General Administration and Support,Obligations 2021,9624877903.49,7120264260.52,262296731.53,17007438895.54,2021 DepEd - Obligations
07,Department of Education (DepEd),001,Office of the Secretary,1000,100000100002,Administration of Personnel Benefits,Obligations 2021,924106992.86,0.0,0.0,924106992.86,2021 DepEd - Obligations
07,Department of Education (DepEd),001,Office of the Secretary,2000,200000100001,Physical Fitness and School Sports,Obligations 2021,8371676.64,21743835.62,0.0,30115512.26,2021 DepEd - Obligations
07,Department of Education (DepEd),001,Office of the Secretary,2000,200000100002,Development and Management of Bilateral and Multilateral Education Projects,Obligations 2021,19662432.66,6531875.68,0.0,26194308.34,2021 DepEd - Obligations
07,Department of Education (DepEd),001,Office of the Secretary,2000,200000100003,Management and Administration of Learning Resources,Obligations 2021,42407402.75,7143582.37,0.0,49550985.12,2021 DepEd - Obligations
07,Department of Education (DepEd),001,Office of the Secretary,2000,200000100004,Planning and Management Information Systems,Obligations 2021,114207971.75,14594537.04,0.0,128802508.79,2021 DepEd - Obligations
07,Department of Education (DepEd),001,Office of the Secretary,2000,200000100005,Education Information and Communication Services,Obligations 2021,16402306.97,1433109.94,0.0,17835416.91,2021 DepEd - Obligations
07,Department of Education (DepEd),001,Office of the Secretary,2000,200000100006,Learner Support Programs,Obligations 2021,2080743080.83,128031052.01,0.0,2208774132.84,2021 DepEd - Obligations
07,Department of Education (DepEd),001,Office of the Secretary,2000,200000100007,Building Partnerships and Linkages Program,Obligations 2021,7800687.12,104256949.59,0.0,112057636.71,2021 DepEd - Obligations
07,Department of Education (DepEd),001,Office of the Secretary,2000,200000100008,Legal Services and Development of Education-Related Laws and Rules,Obligations 2021,17524316.05,16272619.59,0.0,33796935.64,2021 DepEd - Obligations
07,Department of Education (DepEd),001,Office of the Secretary,2000,200000100009,Child Protection Program,Obligations 2021,0.0,2678739.42,0.0,2678739.42,2021 DepEd - Obligations
07,Department of Education (DepEd),001,Office of the Secretary,2000,200000100010,Disaster Preparedness and Response Program,Obligations 2021,7149828.65,169095303.89,0.0,176245132.54,2021 DepEd - Obligations
07,Department of Education (DepEd),001,Office of the Secretary,2000,200000100011,Organizational and Professional Development for Non-Teaching Personnel,Obligations 2021,135411806.52,73758843.55,0.0,209170650.07,2021 DepEd - Obligations
07,Department of Education (DepEd),001,Office of the Secretary,2000,200000100012,Operational Expenses of the DepEd Task Force on the 2022 National and Local Elections,Obligations 2021,,,,,2021 DepEd - Obligations
07,Department of Education (DepEd),001,Office of the Secretary,2000,200000100013,Operational Expenses of the DepEd - Election Task Force,Obligations 2021,,,,,2021 DepEd - Obligations
07,Department of Education (DepEd),001,Office of the Secretary,3101,310100100001,National Assessment Systems for Basic Education,Obligations 2021,23449112.91,15151391.69,0.0,38600504.6,2021 DepEd - Obligations
07,Department of Education (DepEd),001,Office of the Secretary,3101,310100100002,Policy and Research Program,Obligations 2021,1858263652.75,24412113.16,0.0,1882675765.91,2021 DepEd - Obligations
07,Department of Education (DepEd),001,Office of the Secretary,3101,310100100003,Basic Education Curriculum,Obligations 2021,110649491.83,41054492.42,0.0,151703984.25,2021 DepEd - Obligations
07,Department of Education (DepEd),001,Office of the Secretary,3101,310100100004,"Curriculum Programs, Learning Management Models, Standards and Strategy Development",Obligations 2021,6225832591.81,0.0,0.0,6225832591.81,2021 DepEd - Obligations
07,Department of Education (DepEd),001,Office of the Secretary,3101,310100100005,Development and Promotion of Campus Journalism,Obligations 2021,0.0,498830.0,0.0,498830.0,2021 DepEd - Obligations
07,Department of Education (DepEd),001,Office of the Secretary,3101,310100100006,National Literacy Policies and Programs,Obligations 2021,3449359.41,7043525.49,0.0,10492884.9,2021 DepEd - Obligations
07,Department of Education (DepEd),001,Office of the Secretary,3101,310100100007,Early Language Literacy and Numeracy,Obligations 2021,0.0,32338667.0,0.0,32338667.0,2021 DepEd - Obligations
07,Department of Education (DepEd),001,Office of the Secretary,3102,310200100001,Improvement and Acquisition of School Sites,Obligations 2021,0.0,54081006.53,20735870.0,74816876.53,2021 DepEd - Obligations
07,Department of Education (DepEd),001,Office of the Secretary,3102,310200100002,New School Personnel Positions,Obligations 2021,14611081320.28,0.0,0.0,14611081320.28,2021 DepEd - Obligations
07,Department of Education (DepEd),001,Office of the Secretary,3102,310200100003,Learning Tools and Equipment,Obligations 2021,0.0,1336067703.1,309011818.18,1645079521.28,2021 DepEd - Obligations
07,Department of Education (DepEd),001,Office of the Secretary,3102,310200100004,Textbooks and Other Instructional Materials,Obligations 2021,0.0,394078829.58,0.0,394078829.58,2021 DepEd - Obligations
07,Department of Education (DepEd),001,Office of the Secretary,3102,310200100005,Computerization Program,Obligations 2021,19968912.18,252178168.64,5382480407.71,5654627488.53,2021 DepEd - Obligations
07,Department of Education (DepEd),001,Office of the Secretary,3102,310200100006,Basic Education Facilities,Obligations 2021,0.0,121721865.07,7361545588.39,7483267453.46,2021 DepEd - Obligations
07,Department of Education (DepEd),001,Office of the Secretary,3102,310200100007,Conservation and Restoration of Gabaldon and Other Heritage School Buildings,Obligations 2021,0.0,0.0,935566715.06,935566715.06,2021 DepEd - Obligations
07,Department of Education (DepEd),001,Office of the Secretary,3102,310200100010,Quick Response Fund,Obligations 2021,0.0,3687000.0,2049055052.35,2052742052.35,2021 DepEd - Obligations
07,Department of Education (DepEd),001,Office of the Secretary,3102,310200100011,Last Mile Schools Program,Obligations 2021,0.0,0.0,1419706591.36,1419706591.36,2021 DepEd - Obligations
07,Department of Education (DepEd),001,Office of the Secretary,3102,310200100012,Public Schools Infrastructure Program (PSIP),Obligations 2021,,,,,2021 DepEd - Obligations
07,Department of Education (DepEd),001,Office of the Secretary,3102,310200200001,Connectivity Enhancement Program for e-Learning in Public Schools,Obligations 2021,,,,,2021 DepEd - Obligations
07,Department of Education (DepEd),001,Office of the Secretary,3102,310200300001,Infrastructure for Safer and Resilient Schools (ISRS) Project WB Loan No. 9704-PH,Obligations 2021,,,,,2021 DepEd - Obligations
07,Department of Education (DepEd),001,Office of the Secretary,3103,310300100001,Multigrade Education,Obligations 2021,0.0,13127286.99,0.0,13127286.99,2021 DepEd - Obligations
07,Department of Education (DepEd),001,Office of the Secretary,3103,310300100002,Indigenous Peoples Education (IPEd) Program,Obligations 2021,0.0,157691947.87,0.0,157691947.87,2021 DepEd - Obligations
07,Department of Education (DepEd),001,Office of the Secretary,3103,310300100003,Flexible Learning Options (ADM/ALS/EiE),Obligations 2021,0.0,14430119966.04,2847988.0,14432967954.04,2021 DepEd - Obligations
07,Department of Education (DepEd),001,Office of the Secretary,3103,310300100004,Madrasah Education Program,Obligations 2021,0.0,283094751.21,0.0,283094751.21,2021 DepEd - Obligations
07,Department of Education (DepEd),001,Office of the Secretary,3103,310300100005,Special Needs Education Program,Obligations 2021,0.0,263867153.72,24080622.47,287947776.19,2021 DepEd - Obligations
07,Department of Education (DepEd),001,Office of the Secretary,3104,310400100001,School-Based Feeding Program (SBFP),Obligations 2021,0.0,7094356747.42,0.0,7094356747.42,2021 DepEd - Obligations
07,Department of Education (DepEd),001,Office of the Secretary,3104,310400100002,Operation of Schools - Elementary (Kinder to Grade 6),Obligations 2021,259045126473.57,14789883738.8,2880000.0,273837890212.37,2021 DepEd - Obligations
07,Department of Education (DepEd),001,Office of the Secretary,3104,310400100003,Operation of Schools - Junior High School (Grade 7 to Grade 10),Obligations 2021,138715333824.06,10578180325.09,6043160.0,149299557309.15,2021 DepEd - Obligations
07,Department of Education (DepEd),001,Office of the Secretary,3104,310400100004,Operation of Schools - Senior High School (Grade 11 to Grade 12),Obligations 2021,36870847264.06,3371759663.44,585000.0,40243191927.5,2021 DepEd - Obligations
07,Department of Education (DepEd),001,Office of the Secretary,3104,310400100005,Government Assistance and Subsidies - Educational Service Contracting (ESC) Program for Private Junior High School (per RA No. 8545),Obligations 2021,0.0,10673583000.0,0.0,10673583000.0,2021 DepEd - Obligations
07,Department of Education (DepEd),001,Office of the Secretary,3104,310400100006,Government Assistance and Subsidies - Voucher Program for Private Senior High School (per RA No. 10533),Obligations 2021,0.0,17391509999.98,0.0,17391509999.98,2021 DepEd - Obligations
07,Department of Education (DepEd),001,Office of the Secretary,3104,310400100007,Government Assistance and Subsidies - Voucher Program for Non-DepEd Public High School (per RA No. 10533),Obligations 2021,0.0,742454000.0,0.0,742454000.0,2021 DepEd - Obligations
07,Department of Education (DepEd),001,Office of the Secretary,3104,310400100008,Joint Delivery Voucher for Senior High School Technical Vocational and Livelihood Specializations,Obligations 2021,0.0,1159938582.69,0.0,1159938582.69,2021 DepEd - Obligations
07,Department of Education (DepEd),001,Office of the Secretary,3104,310400100009,Operational Requirements of Sports Academy and Training Centers,Obligations 2021,0.0,9502256.8,0.0,9502256.8,2021 DepEd - Obligations
07,Department of Education (DepEd),001,Office of the Secretary,3104,310400100010,"Implementation of the Grant of Cash Allowance, Hardship Pay, and Reclassification of Positions",Obligations 2021,2864858832.37,4199873919.5,0.0,7064732751.87,2021 DepEd - Obligations
07,Department of Education (DepEd),001,Office of the Secretary,3104,310400100011,School Dental Health Care Program,Obligations 2021,0.0,173630728.28,0.0,173630728.28,2021 DepEd - Obligations
07,Department of Education (DepEd),001,Office of the Secretary,3104,310400100013,World Teachers' Day Incentive Benefits,Obligations 2021,882926308.24,0.0,0.0,882926308.24,2021 DepEd - Obligations
07,Department of Education (DepEd),001,Office of the Secretary,3104,310400100014,Establishment and Operational Requirement of the National Academy of Sports,Obligations 2021,,,,,2021 DepEd - Obligations
07,Department of Education (DepEd),001,Office of the Secretary,3104,310400100015,Government Assistance and Subsidies - Educational Service Contracting (ESC) Program for Private Junior High School (per R.A. No. 8545),Obligations 2021,,,,,2021 DepEd - Obligations
07,Department of Education (DepEd),001,Office of the Secretary,3104,310400100016,Government Assistance and Subsidies - Senior High School Voucher Program,Obligations 2021,,,,,2021 DepEd - Obligations
07,Department of Education (DepEd),001,Office of the Secretary,3104,310400100017,Subsidies - Senior High School Voucher Program,Obligations 2021,,,,,2021 DepEd - Obligations
07,Department of Education (DepEd),001,Office of the Secretary,3104,310400100018,"Government Assistance and Subsidies - Training and Upgrading Knowledge for Learners, Teachers, and Achievers in Schools (GAS-TUKLAS)",Obligations 2021,,,,,2021 DepEd - Obligations
07,Department of Education (DepEd),001,Office of the Secretary,3104,310400100019,School Innovation and Improvement Fund (SIIF) to all DepEd Public Schools,Obligations 2021,,,,,2021 DepEd - Obligations
07,Department of Education (DepEd),001,Office of the Secretary,3105,310500100001,Human Resource Development for Personnel in Schools and Learning Centers,Obligations 2021,28896384.07,2614662568.98,30531947.06,2674090900.11,2021 DepEd - Obligations
07,Department of Education (DepEd),001,Office of the Secretary,3105,310500100002,Teacher Quality and Development Program,Obligations 2021,3635243.06,1245961.87,,4881204.93,2021 DepEd - Obligations
07,Department of Education (DepEd),001,Office of the Secretary,3105,310500300001,Teacher Effectiveness and Competencies Enhancement Project (TEACEP) WB Loan No. 9481-PH,Obligations 2021,,,,,2021 DepEd - Obligations
07,Department of Education (DepEd),002,National Book Development Board,1000,100000100001,General Management and Supervision,Obligations 2021,,,,,2021 DepEd - Obligations
07,Department of Education (DepEd),002,National Book Development Board,1000,100000100002,Administration of Personnel Benefits,Obligations 2021,,,,,2021 DepEd - Obligations
07,Department of Education (DepEd),002,National Book Development Board,3101,310100100001,Capacity Building and Trade Promotion Incentives,Obligations 2021,,,,,2021 DepEd - Obligations
07,Department of Education (DepEd),002,National Book Development Board,3101,310100100002,"Administration of Awards, Grants, and Incentives",Obligations 2021,,,,,2021 DepEd - Obligations
07,Department of Education (DepEd),002,National Book Development Board,3101,310100100003,"Policy Development, Research, Information System Management, and Information Campaign",Obligations 2021,,,,,2021 DepEd - Obligations
07,Department of Education (DepEd),003,National Council for Children's Television,1000,100000100001,General Management and Supervision,Obligations 2021,,,,,2021 DepEd - Obligations
07,Department of Education (DepEd),003,National Council for Children's Television,3101,310100100001,Child-Friendly Television Development Services,Obligations 2021,,,,,2021 DepEd - Obligations
07,Department of Education (DepEd),004,National Museum of the Philippines,1000,100000100001,General Management and Supervision,Obligations 2021,,,,,2021 DepEd - Obligations
07,Department of Education (DepEd),004,National Museum of the Philippines,1000,100000100002,Administration of Personnel Benefits,Obligations 2021,,,,,2021 DepEd - Obligations
07,Department of Education (DepEd),004,National Museum of the Philippines,2000,200000100001,Project Monitoring and Evaluation Services,Obligations 2021,,,,,2021 DepEd - Obligations
07,Department of Education (DepEd),004,National Museum of the Philippines,3101,310100100001,Management and Development of the National Collections and Related Knowledge Resources (Including Participation to International Meetings and Conferences),Obligations 2021,,,,,2021 DepEd - Obligations
07,Department of Education (DepEd),004,National Museum of the Philippines,3101,310100100002,"Restoration, Preservation, Protection and Development of Cultural Property",Obligations 2021,,,,,2021 DepEd - Obligations
07,Department of Education (DepEd),004,National Museum of the Philippines,3101,310100200015,"Restoration of Malacanang sa Sugbo, Cebu City and Converrsion to National Museum Cebu",Obligations 2021,,,,,2021 DepEd - Obligations
07,Department of Education (DepEd),004,National Museum of the Philippines,3101,310100200016,Development of the National Museum Complex in Manila - Phase 1 (to implement Republic Act No. 11333),Obligations 2021,,,,,2021 DepEd - Obligations
07,Department of Education (DepEd),004,National Museum of the Philippines,3101,310100200017,"Nightly repair of the Church of Our Lady of Caysasay and associated structures, a declared national cultural treasure in Taal, Batangas",Obligations 2021,,,,,2021 DepEd - Obligations
07,Department of Education (DepEd),004,National Museum of the Philippines,3101,310100200018,Continuation of Construction of National Museum Building in Davao City,Obligations 2021,,,,,2021 DepEd - Obligations
07,Department of Education (DepEd),004,National Museum of the Philippines,3101,310100200019,Development of the National Museum Complex in Rizal Park - Manila Phase II,Obligations 2021,,,,,2021 DepEd - Obligations
07,Department of Education (DepEd),004,National Museum of the Philippines,3101,310100200020,Development of Information Management Systems,Obligations 2021,,,,,2021 DepEd - Obligations
07,Department of Education (DepEd),004,National Museum of the Philippines,3101,310100200021,"Restoration and Continued Repair of Our Lady of Caysasay Church and Associated Structures (National Cultural Treasure) in Taal, Batangas",Obligations 2021,,,,,2021 DepEd - Obligations
07,Department of Education (DepEd),004,National Museum of the Philippines,3101,310100200022,"Restoration of the Old Municipal Hall and the Municipal Plaza (Important Cultural Properties) in Balilihan, Bohol",Obligations 2021,,,,,2021 DepEd - Obligations
07,Department of Education (DepEd),004,National Museum of the Philippines,3101,310100200023,"Development of National Museum Complex, Manila, Phase 3",Obligations 2021,,,,,2021 DepEd - Obligations
07,Department of Education (DepEd),004,National Museum of the Philippines,3101,310100200024,"Continued Restoration and Site Development of Our Lady of Caysasay Church and Associated Structures in Taal, Batangas, Phase 3",Obligations 2021,,,,,2021 DepEd - Obligations
07,Department of Education (DepEd),004,National Museum of the Philippines,3101,310100200025,"Rehabilitation of Former United States Air Force (USAF) Hospital in Clark Freeport, Pampanga and Conversion to National Museum of the Philippines Central Luzon, Phase 1",Obligations 2021,,,,,2021 DepEd - Obligations
07,Department of Education (DepEd),004,National Museum of the Philippines,3101,310100200026,"Construction of National Museum of the Philippines-Baler in Baler, Aurora",Obligations 2021,,,,,2021 DepEd - Obligations
07,Department of Education (DepEd),004,National Museum of the Philippines,3101,310100200027,Exhibitions and Fit-Out of Various National Museum of the Philippines - Central and Regional Sites,Obligations 2021,,,,,2021 DepEd - Obligations
07,Department of Education (DepEd),004,National Museum of the Philippines,3101,310100200028,"Rehabilitation of National Museum of the Philippines-Kabayan Burial Cave Site Museum and Satellite Office in Kabayan, Benguet",Obligations 2021,,,,,2021 DepEd - Obligations
07,Department of Education (DepEd),004,National Museum of the Philippines,3101,310100200029,"Improvement of Rocha House in Sitio Ubos in Tagbilaran City, Bohol (Declared Important Cultural Property)",Obligations 2021,,,,,2021 DepEd - Obligations
07,Department of Education (DepEd),004,National Museum of the Philippines,3101,310100200030,"Development of National Museum Complex, Manila, Phase IV",Obligations 2021,,,,,2021 DepEd - Obligations
07,Department of Education (DepEd),004,National Museum of the Philippines,3101,310100200031,"Construction of National Museum of the Philippines-Baler in Baler, Aurora (Phase II)",Obligations 2021,,,,,2021 DepEd - Obligations
07,Department of Education (DepEd),004,National Museum of the Philippines,3101,310100200032,"Continued Restoration and Site Development of Our Lady of Caysasay Church and Associated Structures in Taal, Batangas, Phase IV",Obligations 2021,,,,,2021 DepEd - Obligations
07,Department of Education (DepEd),004,National Museum of the Philippines,3101,310100200033,"Repair and Preventive Conservation Maintenance of Casa Rocha (Important Cultural Property) in Tagbilaran City, Bohol",Obligations 2021,,,,,2021 DepEd - Obligations
07,Department of Education (DepEd),004,National Museum of the Philippines,3101,310100200034,Restoration and Development of NMP Museums and Declared/Associated Heritage Sites in the Visayas,Obligations 2021,,,,,2021 DepEd - Obligations
07,Department of Education (DepEd),004,National Museum of the Philippines,3101,310100200035,"Rehabilitation of Former United States Air Force (USAF) Hospital in Clark Freeport, Pampanga, and Conversion to National Museum of the Philippines Central Luzon, Phase II",Obligations 2021,,,,,2021 DepEd - Obligations
07,Department of Education (DepEd),004,National Museum of the Philippines,3101,310100200036,"Completion of Restoration of Our Lady of Caysasay Church and Associated Structures in Taal, Batangas City",Obligations 2021,,,,,2021 DepEd - Obligations
07,Department of Education (DepEd),004,National Museum of the Philippines,3101,310100200037,"Rehabilitation of National Museum of the Philippines Kabayan Burial Caves Site Museum and Satellite Office in Kabayan, Benguet, Phase II",Obligations 2021,,,,,2021 DepEd - Obligations
07,Department of Education (DepEd),004,National Museum of the Philippines,3101,310100200038,Completion of the Development of the National Museum Complex in Manila,Obligations 2021,,,,,2021 DepEd - Obligations
07,Department of Education (DepEd),004,National Museum of the Philippines,3101,310100200039,"Continuation of the Development of NMP-General Aniceto Lacson Ancestral House in Talisay City, Negros Occidental",Obligations 2021,,,,,2021 DepEd - Obligations
07,Department of Education (DepEd),004,National Museum of the Philippines,3101,310100200040,Rehabilitation of the Sewerage System of the National Museum of Fine Arts (Old Legislative Building),Obligations 2021,,,,,2021 DepEd - Obligations
07,Department of Education (DepEd),004,National Museum of the Philippines,3101,310100200041,"Development of NMP-Kalibo, Aklan (Phase 1)",Obligations 2021,,,,,2021 DepEd - Obligations
07,Department of Education (DepEd),004,National Museum of the Philippines,3101,310100200042,"Development of NMP-Koronadal and Lake Sebu, South Cotabato (Phase 1)",Obligations 2021,,,,,2021 DepEd - Obligations
07,Department of Education (DepEd),004,National Museum of the Philippines,3101,310100200043,"Repair and Restoration of Boljoon Church Complex, Boljoon, Cebu and Development of NMP-Boljoon, Cebu (Phase 1)",Obligations 2021,,,,,2021 DepEd - Obligations
07,Department of Education (DepEd),004,National Museum of the Philippines,3101,310100200044,"Development of NMP-Paoay, Paoay, Ilocos Norte",Obligations 2021,,,,,2021 DepEd - Obligations
07,Department of Education (DepEd),004,National Museum of the Philippines,3101,310100200045,"Development of NMP General Ancieto Lacson Ancestral House, Talisay City, Negros Occidental (Phase 2)",Obligations 2021,,,,,2021 DepEd - Obligations
07,Department of Education (DepEd),004,National Museum of the Philippines,3101,310100200046,"Development of NMP Kalibo, Aklan (Phase 2)",Obligations 2021,,,,,2021 DepEd - Obligations
07,Department of Education (DepEd),004,National Museum of the Philippines,3101,310100200047,"Development of NMP Koronadal and Lake Sebu, South Cotabato (Phase 2)",Obligations 2021,,,,,2021 DepEd - Obligations
07,Department of Education (DepEd),004,National Museum of the Philippines,3101,310100200048,Exhibitions and Fit-out of Various National Museum of the Philippines - Central and Regional Sites - Northern Luzon National Museums,Obligations 2021,,,,,2021 DepEd - Obligations
07,Department of Education (DepEd),005,Philippine High School for the Arts,1000,100000100001,General Management and Supervision,Obligations 2021,,,,,2021 DepEd - Obligations
07,Department of Education (DepEd),005,Philippine High School for the Arts,1000,100000100002,Administration of Personnel Benefits,Obligations 2021,,,,,2021 DepEd - Obligations
07,Department of Education (DepEd),005,Philippine High School for the Arts,3101,310100100001,"Operation of Philippine High School for the Arts Including Outreach, Screening, Student Exchange Program with Other Countries and Production Activities",Obligations 2021,,,,,2021 DepEd - Obligations
07,Department of Education (DepEd),006,Early Childhood Care and Development Council,1000,100000100001,General Management and Supervision,Obligations 2021,,,,,2021 DepEd - Obligations
07,Department of Education (DepEd),006,Early Childhood Care and Development Council,1000,100000100002,Administration of Personnel Benefits,Obligations 2021,,,,,2021 DepEd - Obligations
07,Department of Education (DepEd),006,Early Childhood Care and Development Council,3101,310100100001,"Development of Policies, Standards and Guidelines",Obligations 2021,,,,,2021 DepEd - Obligations
07,Department of Education (DepEd),006,Early Childhood Care and Development Council,3101,310100100002,Capacity-Building and Institutional Development of Intermediaries and Other Partners,Obligations 2021,,,,,2021 DepEd - Obligations
07,Department of Education (DepEd),006,Early Childhood Care and Development Council,3101,310100100003,Accreditation of ECCD Service Providers,Obligations 2021,,,,,2021 DepEd - Obligations
07,Department of Education (DepEd),006,Early Childhood Care and Development Council,3101,310100100004,Establishment of National Child Development Centers,Obligations 2021,,,,,2021 DepEd - Obligations
07,Department of Education (DepEd),007,National Academy of Sports,1000,100000100001,General Management and Supervision,Obligations 2021,,,,,2021 DepEd - Obligations
07,Department of Education (DepEd),007,National Academy of Sports,1000,100000100002,Administration of Personnel Benefits,Obligations 2021,,,,,2021 DepEd - Obligations
07,Department of Education (DepEd),007,National Academy of Sports,3101,310100100001,"Promotion, Development, and Implementation of Quality and Enhanced Sports-Integrated Secondary Education Program",Obligations 2021,,,,,2021 DepEd - Obligations
07,Department of Education (DepEd),008,Teacher Education Council,1000,100000100001,General Management and Supervision,Obligations 2021,,,,,2021 DepEd - Obligations
07,Department of Education (DepEd),008,Teacher Education Council,3101,310100100001,Quality Teacher Education Services,Obligations 2021,,,,,2021 DepEd - Obligations
07,Department of Education (DepEd),001,Office of the Secretary,1000,100000100001,General Administration and Support,Disbursements 2021,6357703725.46,6164310867.05,121567249.79,12643581842.3,2021 DepEd - Disbursements
07,Department of Education (DepEd),001,Office of the Secretary,1000,100000100002,Administration of Personnel Benefits,Disbursements 2021,888899414.93,,0.0,888899414.93,2021 DepEd - Disbursements
07,Department of Education (DepEd),001,Office of the Secretary,2000,200000100001,Physical Fitness and School Sports,Disbursements 2021,7988318.51,13164310.8,0.0,21152629.31,2021 DepEd - Disbursements
07,Department of Education (DepEd),001,Office of the Secretary,2000,200000100002,Development and Management of Bilateral and Multilateral Education Projects,Disbursements 2021,18426260.4,5293669.89,0.0,23719930.29,2021 DepEd - Disbursements
07,Department of Education (DepEd),001,Office of the Secretary,2000,200000100003,Management and Administration of Learning Resources,Disbursements 2021,42330914.77,5379527.71,0.0,47710442.48,2021 DepEd - Disbursements
07,Department of Education (DepEd),001,Office of the Secretary,2000,200000100004,Planning and Management Information Systems,Disbursements 2021,111718753.67,7529651.61,0.0,119248405.28,2021 DepEd - Disbursements
07,Department of Education (DepEd),001,Office of the Secretary,2000,200000100005,Education Information and Communication Services,Disbursements 2021,16394994.86,742188.0,0.0,17137182.86,2021 DepEd - Disbursements
07,Department of Education (DepEd),001,Office of the Secretary,2000,200000100006,Learner Support Programs,Disbursements 2021,2016857746.52,80644320.98,0.0,2097502067.5,2021 DepEd - Disbursements
07,Department of Education (DepEd),001,Office of the Secretary,2000,200000100007,Building Partnerships and Linkages Program,Disbursements 2021,7370017.18,67204829.23,0.0,74574846.41,2021 DepEd - Disbursements
07,Department of Education (DepEd),001,Office of the Secretary,2000,200000100008,Legal Services and Development of Education-Related Laws and Rules,Disbursements 2021,17250810.69,7914227.95,0.0,25165038.64,2021 DepEd - Disbursements
07,Department of Education (DepEd),001,Office of the Secretary,2000,200000100009,Child Protection Program,Disbursements 2021,0.0,2133844.48,0.0,2133844.48,2021 DepEd - Disbursements
07,Department of Education (DepEd),001,Office of the Secretary,2000,200000100010,Disaster Preparedness and Response Program,Disbursements 2021,6995226.62,123414610.09,0.0,130409836.71,2021 DepEd - Disbursements
07,Department of Education (DepEd),001,Office of the Secretary,2000,200000100011,Organizational and Professional Development for Non-Teaching Personnel,Disbursements 2021,134257835.17,38379291.43,0.0,172637126.6,2021 DepEd - Disbursements
07,Department of Education (DepEd),001,Office of the Secretary,2000,200000100012,Operational Expenses of the DepEd Task Force on the 2022 National and Local Elections,Disbursements 2021,,,,,2021 DepEd - Disbursements
07,Department of Education (DepEd),001,Office of the Secretary,2000,200000100013,Operational Expenses of the DepEd - Election Task Force,Disbursements 2021,,,,,2021 DepEd - Disbursements
07,Department of Education (DepEd),001,Office of the Secretary,3101,310100100001,National Assessment Systems for Basic Education,Disbursements 2021,23446593.13,7761545.71,0.0,31208138.84,2021 DepEd - Disbursements
07,Department of Education (DepEd),001,Office of the Secretary,3101,310100100002,Policy and Research Program,Disbursements 2021,1824303048.38,19562053.45,0.0,1843865101.83,2021 DepEd - Disbursements
07,Department of Education (DepEd),001,Office of the Secretary,3101,310100100003,Basic Education Curriculum,Disbursements 2021,109820002.65,25830681.24,0.0,135650683.89,2021 DepEd - Disbursements
07,Department of Education (DepEd),001,Office of the Secretary,3101,310100100004,"Curriculum Programs, Learning Management Models, Standards and Strategy Development",Disbursements 2021,6100057500.08,0.0,0.0,6100057500.08,2021 DepEd - Disbursements
07,Department of Education (DepEd),001,Office of the Secretary,3101,310100100005,Development and Promotion of Campus Journalism,Disbursements 2021,0.0,482910.0,0.0,482910.0,2021 DepEd - Disbursements
07,Department of Education (DepEd),001,Office of the Secretary,3101,310100100006,National Literacy Policies and Programs,Disbursements 2021,3406756.84,3434314.3,0.0,6841071.14,2021 DepEd - Disbursements
07,Department of Education (DepEd),001,Office of the Secretary,3101,310100100007,Early Language Literacy and Numeracy,Disbursements 2021,0.0,20598148.03,0.0,20598148.03,2021 DepEd - Disbursements
07,Department of Education (DepEd),001,Office of the Secretary,3102,310200100001,Improvement and Acquisition of School Sites,Disbursements 2021,0.0,26108109.12,20735870.0,46843979.12,2021 DepEd - Disbursements
07,Department of Education (DepEd),001,Office of the Secretary,3102,310200100002,New School Personnel Positions,Disbursements 2021,13622028010.88,0.0,0.0,13622028010.88,2021 DepEd - Disbursements
07,Department of Education (DepEd),001,Office of the Secretary,3102,310200100003,Learning Tools and Equipment,Disbursements 2021,0.0,22660818.79,11499045.0,34159863.79,2021 DepEd - Disbursements
07,Department of Education (DepEd),001,Office of the Secretary,3102,310200100004,Textbooks and Other Instructional Materials,Disbursements 2021,0.0,251188361.51,0.0,251188361.51,2021 DepEd - Disbursements
07,Department of Education (DepEd),001,Office of the Secretary,3102,310200100005,Computerization Program,Disbursements 2021,19961308.21,72856113.79,1599440119.41,1692257541.41,2021 DepEd - Disbursements
07,Department of Education (DepEd),001,Office of the Secretary,3102,310200100006,Basic Education Facilities,Disbursements 2021,0.0,14537440.0,5088716592.39,5103254032.39,2021 DepEd - Disbursements
07,Department of Education (DepEd),001,Office of the Secretary,3102,310200100007,Conservation and Restoration of Gabaldon and Other Heritage School Buildings,Disbursements 2021,0.0,0.0,505478113.1,505478113.1,2021 DepEd - Disbursements
07,Department of Education (DepEd),001,Office of the Secretary,3102,310200100010,Quick Response Fund,Disbursements 2021,0.0,74271.0,772404132.4,772478403.4,2021 DepEd - Disbursements
07,Department of Education (DepEd),001,Office of the Secretary,3102,310200100011,Last Mile Schools Program,Disbursements 2021,0.0,0.0,668057944.62,668057944.62,2021 DepEd - Disbursements
07,Department of Education (DepEd),001,Office of the Secretary,3102,310200100012,Public Schools Infrastructure Program (PSIP),Disbursements 2021,,,,,2021 DepEd - Disbursements
07,Department of Education (DepEd),001,Office of the Secretary,3102,310200200001,Connectivity Enhancement Program for e-Learning in Public Schools,Disbursements 2021,,,,,2021 DepEd - Disbursements
07,Department of Education (DepEd),001,Office of the Secretary,3102,310200300001,Infrastructure for Safer and Resilient Schools (ISRS) Project WB Loan No. 9704-PH,Disbursements 2021,,,,,2021 DepEd - Disbursements
07,Department of Education (DepEd),001,Office of the Secretary,3103,310300100001,Multigrade Education,Disbursements 2021,0.0,4084214.13,0.0,4084214.13,2021 DepEd - Disbursements
07,Department of Education (DepEd),001,Office of the Secretary,3103,310300100002,Indigenous Peoples Education (IPEd) Program,Disbursements 2021,0.0,111247922.53,0.0,111247922.53,2021 DepEd - Disbursements
07,Department of Education (DepEd),001,Office of the Secretary,3103,310300100003,Flexible Learning Options (ADM/ALS/EiE),Disbursements 2021,0.0,8626657649.23,1234988.0,8627892637.23,2021 DepEd - Disbursements
07,Department of Education (DepEd),001,Office of the Secretary,3103,310300100004,Madrasah Education Program,Disbursements 2021,0.0,237621779.71,0.0,237621779.71,2021 DepEd - Disbursements
07,Department of Education (DepEd),001,Office of the Secretary,3103,310300100005,Special Needs Education Program,Disbursements 2021,0.0,225652801.59,1299115.69,226951917.28,2021 DepEd - Disbursements
07,Department of Education (DepEd),001,Office of the Secretary,3104,310400100001,School-Based Feeding Program (SBFP),Disbursements 2021,0.0,4539191242.58,0.0,4539191242.58,2021 DepEd - Disbursements
07,Department of Education (DepEd),001,Office of the Secretary,3104,310400100002,Operation of Schools - Elementary (Kinder to Grade 6),Disbursements 2021,254599111253.87,14375774759.19,0.0,268974886013.06,2021 DepEd - Disbursements
07,Department of Education (DepEd),001,Office of the Secretary,3104,310400100003,Operation of Schools - Junior High School (Grade 7 to Grade 10),Disbursements 2021,137852017375.23,10214402446.57,283160.0,148066702981.8,2021 DepEd - Disbursements
07,Department of Education (DepEd),001,Office of the Secretary,3104,310400100004,Operation of Schools - Senior High School (Grade 11 to Grade 12),Disbursements 2021,36159119406.81,3274808314.19,0.0,39433927721.0,2021 DepEd - Disbursements
07,Department of Education (DepEd),001,Office of the Secretary,3104,310400100005,Government Assistance and Subsidies - Educational Service Contracting (ESC) Program for Private Junior High School (per RA No. 8545),Disbursements 2021,0.0,8459169127.12,0.0,8459169127.12,2021 DepEd - Disbursements
07,Department of Education (DepEd),001,Office of the Secretary,3104,310400100006,Government Assistance and Subsidies - Voucher Program for Private Senior High School (per RA No. 10533),Disbursements 2021,0.0,16876985342.35,0.0,16876985342.35,2021 DepEd - Disbursements
07,Department of Education (DepEd),001,Office of the Secretary,3104,310400100007,Government Assistance and Subsidies - Voucher Program for Non-DepEd Public High School (per RA No. 10533),Disbursements 2021,0.0,158668272.5,0.0,158668272.5,2021 DepEd - Disbursements
07,Department of Education (DepEd),001,Office of the Secretary,3104,310400100008,Joint Delivery Voucher for Senior High School Technical Vocational and Livelihood Specializations,Disbursements 2021,0.0,4405158.49,0.0,4405158.49,2021 DepEd - Disbursements
07,Department of Education (DepEd),001,Office of the Secretary,3104,310400100009,Operational Requirements of Sports Academy and Training Centers,Disbursements 2021,0.0,1821162.32,0.0,1821162.32,2021 DepEd - Disbursements
07,Department of Education (DepEd),001,Office of the Secretary,3104,310400100010,"Implementation of the Grant of Cash Allowance, Hardship Pay, and Reclassification of Positions",Disbursements 2021,2478165650.7,4169776123.02,0.0,6647941773.72,2021 DepEd - Disbursements
07,Department of Education (DepEd),001,Office of the Secretary,3104,310400100011,School Dental Health Care Program,Disbursements 2021,0.0,135563431.61,0.0,135563431.61,2021 DepEd - Disbursements
07,Department of Education (DepEd),001,Office of the Secretary,3104,310400100013,World Teachers' Day Incentive Benefits,Disbursements 2021,858846849.58,0.0,0.0,858846849.58,2021 DepEd - Disbursements
07,Department of Education (DepEd),001,Office of the Secretary,3104,310400100014,Establishment and Operational Requirement of the National Academy of Sports,Disbursements 2021,,,,,2021 DepEd - Disbursements
07,Department of Education (DepEd),001,Office of the Secretary,3104,310400100015,Government Assistance and Subsidies - Educational Service Contracting (ESC) Program for Private Junior High School (per R.A. No. 8545),Disbursements 2021,,,,,2021 DepEd - Disbursements
07,Department of Education (DepEd),001,Office of the Secretary,3104,310400100016,Government Assistance and Subsidies - Senior High School Voucher Program,Disbursements 2021,,,,,2021 DepEd - Disbursements
07,Department of Education (DepEd),001,Office of the Secretary,3104,310400100017,Subsidies - Senior High School Voucher Program,Disbursements 2021,,,,,2021 DepEd - Disbursements
07,Department of Education (DepEd),001,Office of the Secretary,3104,310400100018,"Government Assistance and Subsidies - Training and Upgrading Knowledge for Learners, Teachers, and Achievers in Schools (GAS-TUKLAS)",Disbursements 2021,,,,,2021 DepEd - Disbursements
07,Department of Education (DepEd),001,Office of the Secretary,3104,310400100019,School Innovation and Improvement Fund (SIIF) to all DepEd Public Schools,Disbursements 2021,,,,,2021 DepEd - Disbursements
07,Department of Education (DepEd),001,Office of the Secretary,3105,310500100001,Human Resource Development for Personnel in Schools and Learning Centers,Disbursements 2021,28451028.84,1670453840.22,3753432.31,1702658301.37,2021 DepEd - Disbursements
07,Department of Education (DepEd),001,Office of the Secretary,3105,310500100002,Teacher Quality and Development Program,Disbursements 2021,3635173.17,866242.09,0.0,4501415.26,2021 DepEd - Disbursements
07,Department of Education (DepEd),001,Office of the Secretary,3105,310500300001,Teacher Effectiveness and Competencies Enhancement Project (TEACEP) WB Loan No. 9481-PH,Disbursements 2021,,,,,2021 DepEd - Disbursements
07,Department of Education (DepEd),002,National Book Development Board,1000,100000100001,General Management and Supervision,Disbursements 2021,,,,,2021 DepEd - Disbursements
07,Department of Education (DepEd),002,National Book Development Board,1000,100000100002,Administration of Personnel Benefits,Disbursements 2021,,,,,2021 DepEd - Disbursements
07,Department of Education (DepEd),002,National Book Development Board,3101,310100100001,Capacity Building and Trade Promotion Incentives,Disbursements 2021,,,,,2021 DepEd - Disbursements
07,Department of Education (DepEd),002,National Book Development Board,3101,310100100002,"Administration of Awards, Grants, and Incentives",Disbursements 2021,,,,,2021 DepEd - Disbursements
07,Department of Education (DepEd),002,National Book Development Board,3101,310100100003,"Policy Development, Research, Information System Management, and Information Campaign",Disbursements 2021,,,,,2021 DepEd - Disbursements
07,Department of Education (DepEd),003,National Council for Children's Television,1000,100000100001,General Management and Supervision,Disbursements 2021,,,,,2021 DepEd - Disbursements
07,Department of Education (DepEd),003,National Council for Children's Television,3101,310100100001,Child-Friendly Television Development Services,Disbursements 2021,,,,,2021 DepEd - Disbursements
07,Department of Education (DepEd),004,National Museum of the Philippines,1000,100000100001,General Management and Supervision,Disbursements 2021,,,,,2021 DepEd - Disbursements
07,Department of Education (DepEd),004,National Museum of the Philippines,1000,100000100002,Administration of Personnel Benefits,Disbursements 2021,,,,,2021 DepEd - Disbursements
07,Department of Education (DepEd),004,National Museum of the Philippines,2000,200000100001,Project Monitoring and Evaluation Services,Disbursements 2021,,,,,2021 DepEd - Disbursements
07,Department of Education (DepEd),004,National Museum of the Philippines,3101,310100100001,Management and Development of the National Collections and Related Knowledge Resources (Including Participation to International Meetings and Conferences),Disbursements 2021,,,,,2021 DepEd - Disbursements
07,Department of Education (DepEd),004,National Museum of the Philippines,3101,310100100002,"Restoration, Preservation, Protection and Development of Cultural Property",Disbursements 2021,,,,,2021 DepEd - Disbursements
07,Department of Education (DepEd),004,National Museum of the Philippines,3101,310100200015,"Restoration of Malacanang sa Sugbo, Cebu City and Converrsion to National Museum Cebu",Disbursements 2021,,,,,2021 DepEd - Disbursements
07,Department of Education (DepEd),004,National Museum of the Philippines,3101,310100200016,Development of the National Museum Complex in Manila - Phase 1 (to implement Republic Act No. 11333),Disbursements 2021,,,,,2021 DepEd - Disbursements
07,Department of Education (DepEd),004,National Museum of the Philippines,3101,310100200017,"Nightly repair of the Church of Our Lady of Caysasay and associated structures, a declared national cultural treasure in Taal, Batangas",Disbursements 2021,,,,,2021 DepEd - Disbursements
07,Department of Education (DepEd),004,National Museum of the Philippines,3101,310100200018,Continuation of Construction of National Museum Building in Davao City,Disbursements 2021,,,,,2021 DepEd - Disbursements
07,Department of Education (DepEd),004,National Museum of the Philippines,3101,310100200019,Development of the National Museum Complex in Rizal Park - Manila Phase II,Disbursements 2021,,,,,2021 DepEd - Disbursements
07,Department of Education (DepEd),004,National Museum of the Philippines,3101,310100200020,Development of Information Management Systems,Disbursements 2021,,,,,2021 DepEd - Disbursements
07,Department of Education (DepEd),004,National Museum of the Philippines,3101,310100200021,"Restoration and Continued Repair of Our Lady of Caysasay Church and Associated Structures (National Cultural Treasure) in Taal, Batangas",Disbursements 2021,,,,,2021 DepEd - Disbursements
07,Department of Education (DepEd),004,National Museum of the Philippines,3101,310100200022,"Restoration of the Old Municipal Hall and the Municipal Plaza (Important Cultural Properties) in Balilihan, Bohol",Disbursements 2021,,,,,2021 DepEd - Disbursements
07,Department of Education (DepEd),004,National Museum of the Philippines,3101,310100200023,"Development of National Museum Complex, Manila, Phase 3",Disbursements 2021,,,,,2021 DepEd - Disbursements
07,Department of Education (DepEd),004,National Museum of the Philippines,3101,310100200024,"Continued Restoration and Site Development of Our Lady of Caysasay Church and Associated Structures in Taal, Batangas, Phase 3",Disbursements 2021,,,,,2021 DepEd - Disbursements
07,Department of Education (DepEd),004,National Museum of the Philippines,3101,310100200025,"Rehabilitation of Former United States Air Force (USAF) Hospital in Clark Freeport, Pampanga and Conversion to National Museum of the Philippines Central Luzon, Phase 1",Disbursements 2021,,,,,2021 DepEd - Disbursements
07,Department of Education (DepEd),004,National Museum of the Philippines,3101,310100200026,"Construction of National Museum of the Philippines-Baler in Baler, Aurora",Disbursements 2021,,,,,2021 DepEd - Disbursements
07,Department of Education (DepEd),004,National Museum of the Philippines,3101,310100200027,Exhibitions and Fit-Out of Various National Museum of the Philippines - Central and Regional Sites,Disbursements 2021,,,,,2021 DepEd - Disbursements
07,Department of Education (DepEd),004,National Museum of the Philippines,3101,310100200028,"Rehabilitation of National Museum of the Philippines-Kabayan Burial Cave Site Museum and Satellite Office in Kabayan, Benguet",Disbursements 2021,,,,,2021 DepEd - Disbursements
07,Department of Education (DepEd),004,National Museum of the Philippines,3101,310100200029,"Improvement of Rocha House in Sitio Ubos in Tagbilaran City, Bohol (Declared Important Cultural Property)",Disbursements 2021,,,,,2021 DepEd - Disbursements
07,Department of Education (DepEd),004,National Museum of the Philippines,3101,310100200030,"Development of National Museum Complex, Manila, Phase IV",Disbursements 2021,,,,,2021 DepEd - Disbursements
07,Department of Education (DepEd),004,National Museum of the Philippines,3101,310100200031,"Construction of National Museum of the Philippines-Baler in Baler, Aurora (Phase II)",Disbursements 2021,,,,,2021 DepEd - Disbursements
07,Department of Education (DepEd),004,National Museum of the Philippines,3101,310100200032,"Continued Restoration and Site Development of Our Lady of Caysasay Church and Associated Structures in Taal, Batangas, Phase IV",Disbursements 2021,,,,,2021 DepEd - Disbursements
07,Department of Education (DepEd),004,National Museum of the Philippines,3101,310100200033,"Repair and Preventive Conservation Maintenance of Casa Rocha (Important Cultural Property) in Tagbilaran City, Bohol",Disbursements 2021,,,,,2021 DepEd - Disbursements
07,Department of Education (DepEd),004,National Museum of the Philippines,3101,310100200034,Restoration and Development of NMP Museums and Declared/Associated Heritage Sites in the Visayas,Disbursements 2021,,,,,2021 DepEd - Disbursements
07,Department of Education (DepEd),004,National Museum of the Philippines,3101,310100200035,"Rehabilitation of Former United States Air Force (USAF) Hospital in Clark Freeport, Pampanga, and Conversion to National Museum of the Philippines Central Luzon, Phase II",Disbursements 2021,,,,,2021 DepEd - Disbursements
07,Department of Education (DepEd),004,National Museum of the Philippines,3101,310100200036,"Completion of Restoration of Our Lady of Caysasay Church and Associated Structures in Taal, Batangas City",Disbursements 2021,,,,,2021 DepEd - Disbursements
07,Department of Education (DepEd),004,National Museum of the Philippines,3101,310100200037,"Rehabilitation of National Museum of the Philippines Kabayan Burial Caves Site Museum and Satellite Office in Kabayan, Benguet, Phase II",Disbursements 2021,,,,,2021 DepEd - Disbursements
07,Department of Education (DepEd),004,National Museum of the Philippines,3101,310100200038,Completion of the Development of the National Museum Complex in Manila,Disbursements 2021,,,,,2021 DepEd - Disbursements
07,Department of Education (DepEd),004,National Museum of the Philippines,3101,310100200039,"Continuation of the Development of NMP-General Aniceto Lacson Ancestral House in Talisay City, Negros Occidental",Disbursements 2021,,,,,2021 DepEd - Disbursements
07,Department of Education (DepEd),004,National Museum of the Philippines,3101,310100200040,Rehabilitation of the Sewerage System of the National Museum of Fine Arts (Old Legislative Building),Disbursements 2021,,,,,2021 DepEd - Disbursements
07,Department of Education (DepEd),004,National Museum of the Philippines,3101,310100200041,"Development of NMP-Kalibo, Aklan (Phase 1)",Disbursements 2021,,,,,2021 DepEd - Disbursements
07,Department of Education (DepEd),004,National Museum of the Philippines,3101,310100200042,"Development of NMP-Koronadal and Lake Sebu, South Cotabato (Phase 1)",Disbursements 2021,,,,,2021 DepEd - Disbursements
07,Department of Education (DepEd),004,National Museum of the Philippines,3101,310100200043,"Repair and Restoration of Boljoon Church Complex, Boljoon, Cebu and Development of NMP-Boljoon, Cebu (Phase 1)",Disbursements 2021,,,,,2021 DepEd - Disbursements
07,Department of Education (DepEd),004,National Museum of the Philippines,3101,310100200044,"Development of NMP-Paoay, Paoay, Ilocos Norte",Disbursements 2021,,,,,2021 DepEd - Disbursements
07,Department of Education (DepEd),004,National Museum of the Philippines,3101,310100200045,"Development of NMP General Ancieto Lacson Ancestral House, Talisay City, Negros Occidental (Phase 2)",Disbursements 2021,,,,,2021 DepEd - Disbursements
07,Department of Education (DepEd),004,National Museum of the Philippines,3101,310100200046,"Development of NMP Kalibo, Aklan (Phase 2)",Disbursements 2021,,,,,2021 DepEd - Disbursements
07,Department of Education (DepEd),004,National Museum of the Philippines,3101,310100200047,"Development of NMP Koronadal and Lake Sebu, South Cotabato (Phase 2)",Disbursements 2021,,,,,2021 DepEd - Disbursements
07,Department of Education (DepEd),004,National Museum of the Philippines,3101,310100200048,Exhibitions and Fit-out of Various National Museum of the Philippines - Central and Regional Sites - Northern Luzon National Museums,Disbursements 2021,,,,,2021 DepEd - Disbursements
07,Department of Education (DepEd),005,Philippine High School for the Arts,1000,100000100001,General Management and Supervision,Disbursements 2021,,,,,2021 DepEd - Disbursements
07,Department of Education (DepEd),005,Philippine High School for the Arts,1000,100000100002,Administration of Personnel Benefits,Disbursements 2021,,,,,2021 DepEd - Disbursements
07,Department of Education (DepEd),005,Philippine High School for the Arts,3101,310100100001,"Operation of Philippine High School for the Arts Including Outreach, Screening, Student Exchange Program with Other Countries and Production Activities",Disbursements 2021,,,,,2021 DepEd - Disbursements
07,Department of Education (DepEd),006,Early Childhood Care and Development Council,1000,100000100001,General Management and Supervision,Disbursements 2021,,,,,2021 DepEd - Disbursements
07,Department of Education (DepEd),006,Early Childhood Care and Development Council,1000,100000100002,Administration of Personnel Benefits,Disbursements 2021,,,,,2021 DepEd - Disbursements
07,Department of Education (DepEd),006,Early Childhood Care and Development Council,3101,310100100001,"Development of Policies, Standards and Guidelines",Disbursements 2021,,,,,2021 DepEd - Disbursements
07,Department of Education (DepEd),006,Early Childhood Care and Development Council,3101,310100100002,Capacity-Building and Institutional Development of Intermediaries and Other Partners,Disbursements 2021,,,,,2021 DepEd - Disbursements
07,Department of Education (DepEd),006,Early Childhood Care and Development Council,3101,310100100003,Accreditation of ECCD Service Providers,Disbursements 2021,,,,,2021 DepEd - Disbursements
07,Department of Education (DepEd),006,Early Childhood Care and Development Council,3101,310100100004,Establishment of National Child Development Centers,Disbursements 2021,,,,,2021 DepEd - Disbursements
07,Department of Education (DepEd),007,National Academy of Sports,1000,100000100001,General Management and Supervision,Disbursements 2021,,,,,2021 DepEd - Disbursements
07,Department of Education (DepEd),007,National Academy of Sports,1000,100000100002,Administration of Personnel Benefits,Disbursements 2021,,,,,2021 DepEd - Disbursements
07,Department of Education (DepEd),007,National Academy of Sports,3101,310100100001,"Promotion, Development, and Implementation of Quality and Enhanced Sports-Integrated Secondary Education Program",Disbursements 2021,,,,,2021 DepEd - Disbursements
07,Department of Education (DepEd),008,Teacher Education Council,1000,100000100001,General Management and Supervision,Disbursements 2021,,,,,2021 DepEd - Disbursements
07,Department of Education (DepEd),008,Teacher Education Council,3101,310100100001,Quality Teacher Education Services,Disbursements 2021,,,,,2021 DepEd - Disbursements
